config,perturbation,run_index,cell,soh,rmse_full_pct,rmse_tail_pct
pure current integration,no distortion,0,CC,1.0000,0.1012,0.1728
pure current integration,no distortion,1,CC,0.9468,0.0446,0.0361
pure current integration,no distortion,2,CC,0.9024,0.0641,0.1134
pure current integration,no distortion,3,CC,0.8622,0.0319,0.0309
pure current integration,no distortion,4,CC,0.7986,0.1213,0.1765
pure current integration,no distortion,5,CC,0.6957,0.4662,0.7599
pure current integration,no distortion,6,BOOST,1.0000,0.1777,0.2339
pure current integration,no distortion,7,BOOST,0.9438,0.1744,0.2570
pure current integration,no distortion,8,BOOST,0.8960,0.1161,0.1724
pure current integration,no distortion,9,BOOST,0.8507,0.0595,0.0901
pure current integration,no distortion,10,BOOST,0.7809,0.1280,0.1812
pure current integration,no distortion,11,BOOST,0.6921,0.3029,0.4864
pure current integration,no distortion,12,BOOST_NEGPULSE,1.0000,0.1863,0.2836
pure current integration,no distortion,13,BOOST_NEGPULSE,0.9330,0.0428,0.0409
pure current integration,no distortion,14,BOOST_NEGPULSE,0.8672,0.1309,0.1674
pure current integration,no distortion,15,BOOST_NEGPULSE,0.7944,0.1116,0.1538
pure current integration,no distortion,16,BOOST_NEGPULSE,0.7612,0.1663,0.2809
pure current integration,no distortion,17,BOOST_NEGPULSE,0.6821,0.1964,0.3276
pure current integration,no distortion,18,BOOST_REST,1.0000,0.0263,0.0408
pure current integration,no distortion,19,BOOST_REST,0.9384,0.1398,0.2186
pure current integration,no distortion,20,BOOST_REST,0.8642,0.0306,0.0351
pure current integration,no distortion,21,BOOST_REST,0.7854,0.1715,0.3287
pure current integration,no distortion,22,BOOST_REST,0.7398,0.0514,0.0575
pure current integration,no distortion,23,BOOST_REST,0.6915,0.0750,0.1023
pure current integration,no distortion,24,CC_CELL2,1.0000,0.0577,0.0830
pure current integration,no distortion,25,CC_CELL2,0.9320,0.0714,0.1039
pure current integration,no distortion,26,CC_CELL2,0.8829,0.0400,0.0673
pure current integration,no distortion,27,CC_CELL2,0.8282,0.0472,0.0650
pure current integration,no distortion,28,CC_CELL2,0.7679,0.0933,0.1378
pure current integration,no distortion,29,CC_CELL2,0.6870,0.2246,0.3675
pure current integration,no distortion,30,BOOST_NEGPULSE_1S,0.9909,0.0583,0.0894
pure current integration,no distortion,31,BOOST_NEGPULSE_1S,0.9339,0.0538,0.0850
pure current integration,no distortion,32,BOOST_NEGPULSE_1S,0.8724,0.0479,0.0579
pure current integration,no distortion,33,BOOST_NEGPULSE_1S,0.8251,0.0625,0.1067
pure current integration,no distortion,34,BOOST_NEGPULSE_1S,0.8251,0.1386,0.2076
pure current integration,no distortion,35,BOOST_NEGPULSE_1S,0.6925,0.4830,0.8644
pure current integration,initial SOC +10 %p,0,CC,1.0000,10.0674,10.1704
pure current integration,initial SOC +10 %p,1,CC,0.9468,10.0165,9.9842
pure current integration,initial SOC +10 %p,2,CC,0.9024,10.0177,10.0565
pure current integration,initial SOC +10 %p,3,CC,0.8622,10.0024,10.0115
pure current integration,initial SOC +10 %p,4,CC,0.7986,9.9036,9.8261
pure current integration,initial SOC +10 %p,5,CC,0.6957,9.6386,9.2693
pure current integration,initial SOC +10 %p,6,BOOST,1.0000,10.1429,10.2339
pure current integration,initial SOC +10 %p,7,BOOST,0.9438,9.8667,9.7433
pure current integration,initial SOC +10 %p,8,BOOST,0.8960,9.9164,9.8294
pure current integration,initial SOC +10 %p,9,BOOST,0.8507,9.9513,9.9107
pure current integration,initial SOC +10 %p,10,BOOST,0.7809,9.8981,9.8273
pure current integration,initial SOC +10 %p,11,BOOST,0.6921,9.7659,9.5495
pure current integration,initial SOC +10 %p,12,BOOST_NEGPULSE,1.0000,9.8426,9.7193
pure current integration,initial SOC +10 %p,13,BOOST_NEGPULSE,0.9330,10.0275,10.0352
pure current integration,initial SOC +10 %p,14,BOOST_NEGPULSE,0.8672,10.1095,10.1633
pure current integration,initial SOC +10 %p,15,BOOST_NEGPULSE,0.7944,10.0921,10.1525
pure current integration,initial SOC +10 %p,16,BOOST_NEGPULSE,0.7612,9.8747,9.7224
pure current integration,initial SOC +10 %p,17,BOOST_NEGPULSE,0.6821,9.8509,9.6841
pure current integration,initial SOC +10 %p,18,BOOST_REST,1.0000,9.9922,10.0123
pure current integration,initial SOC +10 %p,19,BOOST_REST,0.9384,10.1130,10.2137
pure current integration,initial SOC +10 %p,20,BOOST_REST,0.8642,9.9931,10.0236
pure current integration,initial SOC +10 %p,21,BOOST_REST,0.7854,10.1105,10.3211
pure current integration,initial SOC +10 %p,22,BOOST_REST,0.7398,9.9600,9.9529
pure current integration,initial SOC +10 %p,23,BOOST_REST,0.6915,9.9409,9.9126
pure current integration,initial SOC +10 %p,24,CC_CELL2,1.0000,10.0453,10.0804
pure current integration,initial SOC +10 %p,25,CC_CELL2,0.9320,10.0565,10.1000
pure current integration,initial SOC +10 %p,26,CC_CELL2,0.8829,9.9705,9.9384
pure current integration,initial SOC +10 %p,27,CC_CELL2,0.8282,9.9608,9.9363
pure current integration,initial SOC +10 %p,28,CC_CELL2,0.7679,9.9252,9.8677
pure current integration,initial SOC +10 %p,29,CC_CELL2,0.6870,9.8294,9.6588
pure current integration,initial SOC +10 %p,30,BOOST_NEGPULSE_1S,0.9909,9.9527,9.9109
pure current integration,initial SOC +10 %p,31,BOOST_NEGPULSE_1S,0.9339,9.9565,9.9171
pure current integration,initial SOC +10 %p,32,BOOST_NEGPULSE_1S,0.8724,10.0309,10.0438
pure current integration,initial SOC +10 %p,33,BOOST_NEGPULSE_1S,0.8251,9.9524,9.8961
pure current integration,initial SOC +10 %p,34,BOOST_NEGPULSE_1S,0.8251,9.8941,9.7978
pure current integration,initial SOC +10 %p,35,BOOST_NEGPULSE_1S,0.6925,9.6494,9.1518
pure current integration,initial SOC -10 %p,0,CC,1.0000,9.8603,9.6385
pure current integration,initial SOC -10 %p,1,CC,0.9468,9.9837,10.0158
pure current integration,initial SOC -10 %p,2,CC,0.9024,9.9826,9.9444
pure current integration,initial SOC -10 %p,3,CC,0.8622,9.9977,9.9885
pure current integration,initial SOC -10 %p,4,CC,0.7986,10.0970,10.1739
pure current integration,initial SOC -10 %p,5,CC,0.6957,10.3697,10.7347
pure current integration,initial SOC -10 %p,6,BOOST,1.0000,9.5943,9.0578
pure current integration,initial SOC -10 %p,7,BOOST,0.9438,10.1345,10.2567
pure current integration,initial SOC -10 %p,8,BOOST,0.8960,10.0842,10.1706
pure current integration,initial SOC -10 %p,9,BOOST,0.8507,10.0488,10.0892
pure current integration,initial SOC -10 %p,10,BOOST,0.7809,10.1024,10.1729
pure current integration,initial SOC -10 %p,11,BOOST,0.6921,10.2376,10.4536
pure current integration,initial SOC -10 %p,12,BOOST_NEGPULSE,1.0000,10.1102,10.1400
pure current integration,initial SOC -10 %p,13,BOOST_NEGPULSE,0.9330,9.9726,9.9648
pure current integration,initial SOC -10 %p,14,BOOST_NEGPULSE,0.8672,9.8910,9.8368
pure current integration,initial SOC -10 %p,15,BOOST_NEGPULSE,0.7944,9.9083,9.8474
pure current integration,initial SOC -10 %p,16,BOOST_NEGPULSE,0.7612,10.1264,10.2777
pure current integration,initial SOC -10 %p,17,BOOST_NEGPULSE,0.6821,10.1507,10.3166
pure current integration,initial SOC -10 %p,18,BOOST_REST,1.0000,10.0079,9.9877
pure current integration,initial SOC -10 %p,19,BOOST_REST,0.9384,9.8877,9.7864
pure current integration,initial SOC -10 %p,20,BOOST_REST,0.8642,10.0069,9.9764
pure current integration,initial SOC -10 %p,21,BOOST_REST,0.7854,9.8912,9.6793
pure current integration,initial SOC -10 %p,22,BOOST_REST,0.7398,10.0401,10.0471
pure current integration,initial SOC -10 %p,23,BOOST_REST,0.6915,10.0593,10.0876
pure current integration,initial SOC -10 %p,24,CC_CELL2,1.0000,9.8786,9.7185
pure current integration,initial SOC -10 %p,25,CC_CELL2,0.9320,9.9436,9.9001
pure current integration,initial SOC -10 %p,26,CC_CELL2,0.8829,10.0295,10.0616
pure current integration,initial SOC -10 %p,27,CC_CELL2,0.8282,10.0392,10.0637
pure current integration,initial SOC -10 %p,28,CC_CELL2,0.7679,10.0750,10.1323
pure current integration,initial SOC -10 %p,29,CC_CELL2,0.6870,10.1726,10.3429
pure current integration,initial SOC -10 %p,30,BOOST_NEGPULSE_1S,0.9909,10.0474,10.0890
pure current integration,initial SOC -10 %p,31,BOOST_NEGPULSE_1S,0.9339,10.0436,10.0829
pure current integration,initial SOC -10 %p,32,BOOST_NEGPULSE_1S,0.8724,9.9692,9.9563
pure current integration,initial SOC -10 %p,33,BOOST_NEGPULSE_1S,0.8251,10.0477,10.1039
pure current integration,initial SOC -10 %p,34,BOOST_NEGPULSE_1S,0.8251,10.1067,10.2024
pure current integration,initial SOC -10 %p,35,BOOST_NEGPULSE_1S,0.6925,10.3612,10.8507
pure current integration,current offset +0.10 A,0,CC,1.0000,10.7838,16.4310
pure current integration,current offset +0.10 A,1,CC,0.9468,10.6777,16.1722
pure current integration,current offset +0.10 A,2,CC,0.9024,10.5703,15.9337
pure current integration,current offset +0.10 A,3,CC,0.8622,10.6601,16.1869
pure current integration,current offset +0.10 A,4,CC,0.7986,10.0206,14.5985
pure current integration,current offset +0.10 A,5,CC,0.6957,9.1200,12.5039
pure current integration,current offset +0.10 A,6,BOOST,1.0000,10.8624,16.4922
pure current integration,current offset +0.10 A,7,BOOST,0.9438,10.5092,15.9658
pure current integration,current offset +0.10 A,8,BOOST,0.8960,10.4585,15.7582
pure current integration,current offset +0.10 A,9,BOOST,0.8507,10.3875,15.5168
pure current integration,current offset +0.10 A,10,BOOST,0.7809,10.0696,14.7444
pure current integration,current offset +0.10 A,11,BOOST,0.6921,9.2262,12.5380
pure current integration,current offset +0.10 A,12,BOOST_NEGPULSE,1.0000,10.5080,15.9765
pure current integration,current offset +0.10 A,13,BOOST_NEGPULSE,0.9330,10.6411,16.0736
pure current integration,current offset +0.10 A,14,BOOST_NEGPULSE,0.8672,10.5264,15.6564
pure current integration,current offset +0.10 A,15,BOOST_NEGPULSE,0.7944,10.4988,15.6219
pure current integration,current offset +0.10 A,16,BOOST_NEGPULSE,0.7612,9.9044,14.2903
pure current integration,current offset +0.10 A,17,BOOST_NEGPULSE,0.6821,9.2491,12.4527
pure current integration,current offset +0.10 A,18,BOOST_REST,1.0000,10.6883,16.2740
pure current integration,current offset +0.10 A,19,BOOST_REST,0.9384,10.8041,16.4349
pure current integration,current offset +0.10 A,20,BOOST_REST,0.8642,10.3946,15.4948
pure current integration,current offset +0.10 A,21,BOOST_REST,0.7854,10.0675,14.4975
pure current integration,current offset +0.10 A,22,BOOST_REST,0.7398,10.4314,15.6339
pure current integration,current offset +0.10 A,23,BOOST_REST,0.6915,9.2477,12.3307
pure current integration,current offset +0.10 A,24,CC_CELL2,1.0000,10.7461,16.3381
pure current integration,current offset +0.10 A,25,CC_CELL2,0.9320,10.7203,16.2564
pure current integration,current offset +0.10 A,26,CC_CELL2,0.8829,10.5655,15.9603
pure current integration,current offset +0.10 A,27,CC_CELL2,0.8282,10.3965,15.5321
pure current integration,current offset +0.10 A,28,CC_CELL2,0.7679,10.2239,15.1180
pure current integration,current offset +0.10 A,29,CC_CELL2,0.6870,9.7011,13.7987
pure current integration,current offset +0.10 A,30,BOOST_NEGPULSE_1S,0.9909,10.6347,16.1701
pure current integration,current offset +0.10 A,31,BOOST_NEGPULSE_1S,0.9339,10.6156,16.1131
pure current integration,current offset +0.10 A,32,BOOST_NEGPULSE_1S,0.8724,10.6864,16.1902
pure current integration,current offset +0.10 A,33,BOOST_NEGPULSE_1S,0.8251,10.5705,15.9931
pure current integration,current offset +0.10 A,34,BOOST_NEGPULSE_1S,0.8251,10.5593,16.0561
pure current integration,current offset +0.10 A,35,BOOST_NEGPULSE_1S,0.6925,9.7431,14.0822
pure current integration,current offset -0.10 A,0,CC,1.0000,8.6590,11.6496
pure current integration,current offset -0.10 A,1,CC,0.9468,10.2636,15.1666
pure current integration,current offset -0.10 A,2,CC,0.9024,10.6674,16.1978
pure current integration,current offset -0.10 A,3,CC,0.8622,10.6915,16.2456
pure current integration,current offset -0.10 A,4,CC,0.7986,10.8102,16.4341
pure current integration,current offset -0.10 A,5,CC,0.6957,11.1464,17.0063
pure current integration,current offset -0.10 A,6,BOOST,1.0000,8.2895,10.9931
pure current integration,current offset -0.10 A,7,BOOST,0.9438,10.3587,15.1699
pure current integration,current offset -0.10 A,8,BOOST,0.8960,10.8009,16.4301
pure current integration,current offset -0.10 A,9,BOOST,0.8507,10.7505,16.3482
pure current integration,current offset -0.10 A,10,BOOST,0.7809,10.8144,16.4344
pure current integration,current offset -0.10 A,11,BOOST,0.6921,10.9832,16.7246
pure current integration,current offset -0.10 A,12,BOOST_NEGPULSE,1.0000,8.9329,12.0593
pure current integration,current offset -0.10 A,13,BOOST_NEGPULSE,0.9330,10.6309,16.1488
pure current integration,current offset -0.10 A,14,BOOST_NEGPULSE,0.8672,10.5707,16.0976
pure current integration,current offset -0.10 A,15,BOOST_NEGPULSE,0.7944,10.5885,16.1069
pure current integration,current offset -0.10 A,16,BOOST_NEGPULSE,0.7612,10.8544,16.5392
pure current integration,current offset -0.10 A,17,BOOST_NEGPULSE,0.6821,10.8830,16.5811
pure current integration,current offset -0.10 A,18,BOOST_REST,1.0000,8.8828,12.0181
pure current integration,current offset -0.10 A,19,BOOST_REST,0.9384,10.3214,15.3958
pure current integration,current offset -0.10 A,20,BOOST_REST,0.8642,10.6923,16.2345
pure current integration,current offset -0.10 A,21,BOOST_REST,0.7854,10.5422,15.9352
pure current integration,current offset -0.10 A,22,BOOST_REST,0.7398,10.7351,16.3079
pure current integration,current offset -0.10 A,23,BOOST_REST,0.6915,10.7607,16.3505
pure current integration,current offset -0.10 A,24,CC_CELL2,1.0000,8.6966,11.7545
pure current integration,current offset -0.10 A,25,CC_CELL2,0.9320,10.5531,15.9701
pure current integration,current offset -0.10 A,26,CC_CELL2,0.8829,10.7290,16.3214
pure current integration,current offset -0.10 A,27,CC_CELL2,0.8282,10.7375,16.3226
pure current integration,current offset -0.10 A,28,CC_CELL2,0.7679,10.7827,16.3937
pure current integration,current offset -0.10 A,29,CC_CELL2,0.6870,10.9071,16.6111
pure current integration,current offset -0.10 A,30,BOOST_NEGPULSE_1S,0.9909,9.1232,12.4868
pure current integration,current offset -0.10 A,31,BOOST_NEGPULSE_1S,0.9339,10.5095,15.7188
pure current integration,current offset -0.10 A,32,BOOST_NEGPULSE_1S,0.8724,10.6559,16.2178
pure current integration,current offset -0.10 A,33,BOOST_NEGPULSE_1S,0.8251,10.7527,16.3645
pure current integration,current offset -0.10 A,34,BOOST_NEGPULSE_1S,0.8251,10.8249,16.4624
pure current integration,current offset -0.10 A,35,BOOST_NEGPULSE_1S,0.6925,11.1562,17.1183
pure current integration,current gain +1 %,0,CC,1.0000,0.3082,0.2929
pure current integration,current gain +1 %,1,CC,0.9468,0.3341,0.4033
pure current integration,current gain +1 %,2,CC,0.9024,0.3261,0.3632
pure current integration,current gain +1 %,3,CC,0.8622,0.3087,0.3485
pure current integration,current gain +1 %,4,CC,0.7986,0.3863,0.4240
pure current integration,current gain +1 %,5,CC,0.6957,0.7130,1.0635
pure current integration,current gain +1 %,6,BOOST,1.0000,0.2383,0.2665
pure current integration,current gain +1 %,7,BOOST,0.9438,0.4841,0.6056
pure current integration,current gain +1 %,8,BOOST,0.8960,0.4084,0.4982
pure current integration,current gain +1 %,9,BOOST,0.8507,0.3440,0.4068
pure current integration,current gain +1 %,10,BOOST,0.7809,0.3890,0.4109
pure current integration,current gain +1 %,11,BOOST,0.6921,0.5363,0.7145
pure current integration,current gain +1 %,12,BOOST_NEGPULSE,1.0000,0.5112,0.6506
pure current integration,current gain +1 %,13,BOOST_NEGPULSE,0.9330,0.3012,0.3427
pure current integration,current gain +1 %,14,BOOST_NEGPULSE,0.8672,0.1939,0.2169
pure current integration,current gain +1 %,15,BOOST_NEGPULSE,0.7944,0.1977,0.2164
pure current integration,current gain +1 %,16,BOOST_NEGPULSE,0.7612,0.3969,0.4900
pure current integration,current gain +1 %,17,BOOST_NEGPULSE,0.6821,0.4129,0.5297
pure current integration,current gain +1 %,18,BOOST_REST,1.0000,0.3733,0.4185
pure current integration,current gain +1 %,19,BOOST_REST,0.9384,0.2700,0.2764
pure current integration,current gain +1 %,20,BOOST_REST,0.8642,0.3189,0.3318
pure current integration,current gain +1 %,21,BOOST_REST,0.7854,0.2554,0.2782
pure current integration,current gain +1 %,22,BOOST_REST,0.7398,0.3106,0.2850
pure current integration,current gain +1 %,23,BOOST_REST,0.6915,0.3186,0.3249
pure current integration,current gain +1 %,24,CC_CELL2,1.0000,0.3246,0.3638
pure current integration,current gain +1 %,25,CC_CELL2,0.9320,0.2867,0.3203
pure current integration,current gain +1 %,26,CC_CELL2,0.8829,0.3414,0.4029
pure current integration,current gain +1 %,27,CC_CELL2,0.8282,0.3284,0.3713
pure current integration,current gain +1 %,28,CC_CELL2,0.7679,0.3539,0.3656
pure current integration,current gain +1 %,29,CC_CELL2,0.6870,0.4637,0.6193
pure current integration,current gain +1 %,30,BOOST_NEGPULSE_1S,0.9909,0.4036,0.4805
pure current integration,current gain +1 %,31,BOOST_NEGPULSE_1S,0.9339,0.3781,0.4408
pure current integration,current gain +1 %,32,BOOST_NEGPULSE_1S,0.8724,0.2775,0.2978
pure current integration,current gain +1 %,33,BOOST_NEGPULSE_1S,0.8251,0.3414,0.3822
pure current integration,current gain +1 %,34,BOOST_NEGPULSE_1S,0.8251,0.4091,0.5036
pure current integration,current gain +1 %,35,BOOST_NEGPULSE_1S,0.6925,0.6926,1.1420
pure current integration,current gain -1 %,0,CC,1.0000,0.4324,0.5666
pure current integration,current gain -1 %,1,CC,0.9468,0.3565,0.3785
pure current integration,current gain -1 %,2,CC,0.9024,0.3277,0.3977
pure current integration,current gain -1 %,3,CC,0.8622,0.2953,0.3421
pure current integration,current gain -1 %,4,CC,0.7986,0.2052,0.1690
pure current integration,current gain -1 %,5,CC,0.6957,0.2804,0.4764
pure current integration,current gain -1 %,6,BOOST,1.0000,0.5126,0.6136
pure current integration,current gain -1 %,7,BOOST,0.9438,0.2408,0.2476
pure current integration,current gain -1 %,8,BOOST,0.8960,0.2477,0.2600
pure current integration,current gain -1 %,9,BOOST,0.8507,0.2504,0.2728
pure current integration,current gain -1 %,10,BOOST,0.7809,0.1779,0.1286
pure current integration,current gain -1 %,11,BOOST,0.6921,0.1803,0.2820
pure current integration,current gain -1 %,12,BOOST_NEGPULSE,1.0000,0.2563,0.2792
pure current integration,current gain -1 %,13,BOOST_NEGPULSE,0.9330,0.3699,0.4078
pure current integration,current gain -1 %,14,BOOST_NEGPULSE,0.8672,0.4185,0.4809
pure current integration,current gain -1 %,15,BOOST_NEGPULSE,0.7944,0.3686,0.4192
pure current integration,current gain -1 %,16,BOOST_NEGPULSE,0.7612,0.1991,0.1732
pure current integration,current gain -1 %,17,BOOST_NEGPULSE,0.6821,0.1706,0.1748
pure current integration,current gain -1 %,18,BOOST_REST,1.0000,0.3409,0.3998
pure current integration,current gain -1 %,19,BOOST_REST,0.9384,0.4371,0.5488
pure current integration,current gain -1 %,20,BOOST_REST,0.8642,0.2802,0.3332
pure current integration,current gain -1 %,21,BOOST_REST,0.7854,0.3789,0.5332
pure current integration,current gain -1 %,22,BOOST_REST,0.7398,0.2114,0.1765
pure current integration,current gain -1 %,23,BOOST_REST,0.6915,0.1838,0.1266
pure current integration,current gain -1 %,24,CC_CELL2,1.0000,0.4043,0.4809
pure current integration,current gain -1 %,25,CC_CELL2,0.9320,0.3935,0.4565
pure current integration,current gain -1 %,26,CC_CELL2,0.8829,0.2821,0.3068
pure current integration,current gain -1 %,27,CC_CELL2,0.8282,0.2480,0.2659
pure current integration,current gain -1 %,28,CC_CELL2,0.7679,0.2020,0.1359
pure current integration,current gain -1 %,29,CC_CELL2,0.6870,0.1477,0.1528
pure current integration,current gain -1 %,30,BOOST_NEGPULSE_1S,0.9909,0.3064,0.3344
pure current integration,current gain -1 %,31,BOOST_NEGPULSE_1S,0.9339,0.2990,0.3226
pure current integration,current gain -1 %,32,BOOST_NEGPULSE_1S,0.8724,0.3408,0.3800
pure current integration,current gain -1 %,33,BOOST_NEGPULSE_1S,0.8251,0.2502,0.2145
pure current integration,current gain -1 %,34,BOOST_NEGPULSE_1S,0.8251,0.2018,0.1825
pure current integration,current gain -1 %,35,BOOST_NEGPULSE_1S,0.6925,0.3469,0.6212
EKF no gate,no distortion,0,CC,1.0000,1.3726,1.3751
EKF no gate,no distortion,1,CC,0.9468,2.0020,2.1154
EKF no gate,no distortion,2,CC,0.9024,2.9084,3.0310
EKF no gate,no distortion,3,CC,0.8622,3.8411,4.0117
EKF no gate,no distortion,4,CC,0.7986,5.8089,4.8473
EKF no gate,no distortion,5,CC,0.6957,7.4879,6.3090
EKF no gate,no distortion,6,BOOST,1.0000,1.2090,1.2092
EKF no gate,no distortion,7,BOOST,0.9438,1.7605,1.8311
EKF no gate,no distortion,8,BOOST,0.8960,2.6729,2.7232
EKF no gate,no distortion,9,BOOST,0.8507,3.6112,3.6060
EKF no gate,no distortion,10,BOOST,0.7809,5.9299,5.0527
EKF no gate,no distortion,11,BOOST,0.6921,6.5265,5.6941
EKF no gate,no distortion,12,BOOST_NEGPULSE,1.0000,1.2172,1.0951
EKF no gate,no distortion,13,BOOST_NEGPULSE,0.9330,1.5710,1.4952
EKF no gate,no distortion,14,BOOST_NEGPULSE,0.8672,1.6848,1.6817
EKF no gate,no distortion,15,BOOST_NEGPULSE,0.7944,1.6262,1.6223
EKF no gate,no distortion,16,BOOST_NEGPULSE,0.7612,2.4880,1.4730
EKF no gate,no distortion,17,BOOST_NEGPULSE,0.6821,5.3328,4.0550
EKF no gate,no distortion,18,BOOST_REST,1.0000,1.3943,1.2946
EKF no gate,no distortion,19,BOOST_REST,0.9384,1.6201,1.5341
EKF no gate,no distortion,20,BOOST_REST,0.8642,1.2507,1.2319
EKF no gate,no distortion,21,BOOST_REST,0.7854,2.3576,2.2564
EKF no gate,no distortion,22,BOOST_REST,0.7398,3.7990,3.1957
EKF no gate,no distortion,23,BOOST_REST,0.6915,3.2832,1.4474
EKF no gate,no distortion,24,CC_CELL2,1.0000,1.3467,1.3850
EKF no gate,no distortion,25,CC_CELL2,0.9320,2.0212,1.9242
EKF no gate,no distortion,26,CC_CELL2,0.8829,2.6869,2.7313
EKF no gate,no distortion,27,CC_CELL2,0.8282,3.2119,3.2316
EKF no gate,no distortion,28,CC_CELL2,0.7679,4.0215,3.5159
EKF no gate,no distortion,29,CC_CELL2,0.6870,4.6995,3.2108
EKF no gate,no distortion,30,BOOST_NEGPULSE_1S,0.9909,1.1536,1.1203
EKF no gate,no distortion,31,BOOST_NEGPULSE_1S,0.9339,1.7042,1.7152
EKF no gate,no distortion,32,BOOST_NEGPULSE_1S,0.8724,2.3476,2.3728
EKF no gate,no distortion,33,BOOST_NEGPULSE_1S,0.8251,3.4829,3.1895
EKF no gate,no distortion,34,BOOST_NEGPULSE_1S,0.8251,9.3316,9.9287
EKF no gate,no distortion,35,BOOST_NEGPULSE_1S,0.6925,8.5213,8.4764
EKF no gate,initial SOC +10 %p,0,CC,1.0000,1.3726,1.3751
EKF no gate,initial SOC +10 %p,1,CC,0.9468,2.0020,2.1154
EKF no gate,initial SOC +10 %p,2,CC,0.9024,2.9084,3.0310
EKF no gate,initial SOC +10 %p,3,CC,0.8622,3.8412,4.0117
EKF no gate,initial SOC +10 %p,4,CC,0.7986,5.8106,4.8473
EKF no gate,initial SOC +10 %p,5,CC,0.6957,7.4960,6.3089
EKF no gate,initial SOC +10 %p,6,BOOST,1.0000,1.2092,1.2092
EKF no gate,initial SOC +10 %p,7,BOOST,0.9438,1.7604,1.8311
EKF no gate,initial SOC +10 %p,8,BOOST,0.8960,2.6730,2.7232
EKF no gate,initial SOC +10 %p,9,BOOST,0.8507,3.6116,3.6060
EKF no gate,initial SOC +10 %p,10,BOOST,0.7809,5.9310,5.0527
EKF no gate,initial SOC +10 %p,11,BOOST,0.6921,6.5324,5.6942
EKF no gate,initial SOC +10 %p,12,BOOST_NEGPULSE,1.0000,1.2171,1.0951
EKF no gate,initial SOC +10 %p,13,BOOST_NEGPULSE,0.9330,1.5710,1.4952
EKF no gate,initial SOC +10 %p,14,BOOST_NEGPULSE,0.8672,1.6859,1.6817
EKF no gate,initial SOC +10 %p,15,BOOST_NEGPULSE,0.7944,1.6327,1.6223
EKF no gate,initial SOC +10 %p,16,BOOST_NEGPULSE,0.7612,2.4971,1.4730
EKF no gate,initial SOC +10 %p,17,BOOST_NEGPULSE,0.6821,5.3382,4.0550
EKF no gate,initial SOC +10 %p,18,BOOST_REST,1.0000,1.3942,1.2946
EKF no gate,initial SOC +10 %p,19,BOOST_REST,0.9384,1.6200,1.5341
EKF no gate,initial SOC +10 %p,20,BOOST_REST,0.8642,1.2524,1.2319
EKF no gate,initial SOC +10 %p,21,BOOST_REST,0.7854,2.3638,2.2564
EKF no gate,initial SOC +10 %p,22,BOOST_REST,0.7398,3.8061,3.1957
EKF no gate,initial SOC +10 %p,23,BOOST_REST,0.6915,3.2857,1.4474
EKF no gate,initial SOC +10 %p,24,CC_CELL2,1.0000,1.3468,1.3850
EKF no gate,initial SOC +10 %p,25,CC_CELL2,0.9320,2.0211,1.9242
EKF no gate,initial SOC +10 %p,26,CC_CELL2,0.8829,2.6869,2.7313
EKF no gate,initial SOC +10 %p,27,CC_CELL2,0.8282,3.2123,3.2316
EKF no gate,initial SOC +10 %p,28,CC_CELL2,0.7679,4.0242,3.5159
EKF no gate,initial SOC +10 %p,29,CC_CELL2,0.6870,4.7020,3.2108
EKF no gate,initial SOC +10 %p,30,BOOST_NEGPULSE_1S,0.9909,1.1535,1.1203
EKF no gate,initial SOC +10 %p,31,BOOST_NEGPULSE_1S,0.9339,1.7043,1.7152
EKF no gate,initial SOC +10 %p,32,BOOST_NEGPULSE_1S,0.8724,2.3481,2.3728
EKF no gate,initial SOC +10 %p,33,BOOST_NEGPULSE_1S,0.8251,3.4845,3.1896
EKF no gate,initial SOC +10 %p,34,BOOST_NEGPULSE_1S,0.8251,9.3321,9.9287
EKF no gate,initial SOC +10 %p,35,BOOST_NEGPULSE_1S,0.6925,8.5150,8.4764
EKF no gate,initial SOC -10 %p,0,CC,1.0000,1.3729,1.3751
EKF no gate,initial SOC -10 %p,1,CC,0.9468,2.0021,2.1154
EKF no gate,initial SOC -10 %p,2,CC,0.9024,2.9084,3.0310
EKF no gate,initial SOC -10 %p,3,CC,0.8622,3.8411,4.0117
EKF no gate,initial SOC -10 %p,4,CC,0.7986,5.8077,4.8473
EKF no gate,initial SOC -10 %p,5,CC,0.6957,7.4876,6.3092
EKF no gate,initial SOC -10 %p,6,BOOST,1.0000,1.2094,1.2092
EKF no gate,initial SOC -10 %p,7,BOOST,0.9438,1.7605,1.8311
EKF no gate,initial SOC -10 %p,8,BOOST,0.8960,2.6729,2.7232
EKF no gate,initial SOC -10 %p,9,BOOST,0.8507,3.6112,3.6060
EKF no gate,initial SOC -10 %p,10,BOOST,0.7809,5.9295,5.0527
EKF no gate,initial SOC -10 %p,11,BOOST,0.6921,6.5263,5.6942
EKF no gate,initial SOC -10 %p,12,BOOST_NEGPULSE,1.0000,1.2175,1.0951
EKF no gate,initial SOC -10 %p,13,BOOST_NEGPULSE,0.9330,1.5711,1.4952
EKF no gate,initial SOC -10 %p,14,BOOST_NEGPULSE,0.8672,1.6847,1.6817
EKF no gate,initial SOC -10 %p,15,BOOST_NEGPULSE,0.7944,1.6227,1.6223
EKF no gate,initial SOC -10 %p,16,BOOST_NEGPULSE,0.7612,2.4823,1.4730
EKF no gate,initial SOC -10 %p,17,BOOST_NEGPULSE,0.6821,5.3324,4.0550
EKF no gate,initial SOC -10 %p,18,BOOST_REST,1.0000,1.3945,1.2946
EKF no gate,initial SOC -10 %p,19,BOOST_REST,0.9384,1.6202,1.5341
EKF no gate,initial SOC -10 %p,20,BOOST_REST,0.8642,1.2504,1.2319
EKF no gate,initial SOC -10 %p,21,BOOST_REST,0.7854,2.3527,2.2564
EKF no gate,initial SOC -10 %p,22,BOOST_REST,0.7398,3.7942,3.1957
EKF no gate,initial SOC -10 %p,23,BOOST_REST,0.6915,3.2814,1.4474
EKF no gate,initial SOC -10 %p,24,CC_CELL2,1.0000,1.3470,1.3850
EKF no gate,initial SOC -10 %p,25,CC_CELL2,0.9320,2.0212,1.9242
EKF no gate,initial SOC -10 %p,26,CC_CELL2,0.8829,2.6869,2.7313
EKF no gate,initial SOC -10 %p,27,CC_CELL2,0.8282,3.2118,3.2316
EKF no gate,initial SOC -10 %p,28,CC_CELL2,0.7679,4.0201,3.5158
EKF no gate,initial SOC -10 %p,29,CC_CELL2,0.6870,4.6698,3.2106
EKF no gate,initial SOC -10 %p,30,BOOST_NEGPULSE_1S,0.9909,1.1538,1.1203
EKF no gate,initial SOC -10 %p,31,BOOST_NEGPULSE_1S,0.9339,1.7043,1.7152
EKF no gate,initial SOC -10 %p,32,BOOST_NEGPULSE_1S,0.8724,2.3475,2.3728
EKF no gate,initial SOC -10 %p,33,BOOST_NEGPULSE_1S,0.8251,3.4823,3.1895
EKF no gate,initial SOC -10 %p,34,BOOST_NEGPULSE_1S,0.8251,9.3313,9.9287
EKF no gate,initial SOC -10 %p,35,BOOST_NEGPULSE_1S,0.6925,8.5219,8.4763
EKF no gate,current offset +0.10 A,0,CC,1.0000,1.1197,1.1457
EKF no gate,current offset +0.10 A,1,CC,0.9468,1.5716,1.7359
EKF no gate,current offset +0.10 A,2,CC,0.9024,2.3113,2.5360
EKF no gate,current offset +0.10 A,3,CC,0.8622,3.0252,3.3050
EKF no gate,current offset +0.10 A,4,CC,0.7986,4.8025,3.5714
EKF no gate,current offset +0.10 A,5,CC,0.6957,5.8922,4.3392
EKF no gate,current offset +0.10 A,6,BOOST,1.0000,0.9795,1.0251
EKF no gate,current offset +0.10 A,7,BOOST,0.9438,1.3500,1.4990
EKF no gate,current offset +0.10 A,8,BOOST,0.8960,2.0676,2.2501
EKF no gate,current offset +0.10 A,9,BOOST,0.8507,2.7500,2.8906
EKF no gate,current offset +0.10 A,10,BOOST,0.7809,4.7618,3.5931
EKF no gate,current offset +0.10 A,11,BOOST,0.6921,5.2774,3.7188
EKF no gate,current offset +0.10 A,12,BOOST_NEGPULSE,1.0000,1.0201,0.9999
EKF no gate,current offset +0.10 A,13,BOOST_NEGPULSE,0.9330,1.3069,1.5422
EKF no gate,current offset +0.10 A,14,BOOST_NEGPULSE,0.8672,1.4114,1.7546
EKF no gate,current offset +0.10 A,15,BOOST_NEGPULSE,0.7944,2.5781,2.9129
EKF no gate,current offset +0.10 A,16,BOOST_NEGPULSE,0.7612,2.9306,2.6940
EKF no gate,current offset +0.10 A,17,BOOST_NEGPULSE,0.6821,4.0808,2.2362
EKF no gate,current offset +0.10 A,18,BOOST_REST,1.0000,1.1698,1.1213
EKF no gate,current offset +0.10 A,19,BOOST_REST,0.9384,1.2374,1.3148
EKF no gate,current offset +0.10 A,20,BOOST_REST,0.8642,1.2718,1.6050
EKF no gate,current offset +0.10 A,21,BOOST_REST,0.7854,3.5998,4.0804
EKF no gate,current offset +0.10 A,22,BOOST_REST,0.7398,5.0514,5.0517
EKF no gate,current offset +0.10 A,23,BOOST_REST,0.6915,3.6440,2.9006
EKF no gate,current offset +0.10 A,24,CC_CELL2,1.0000,1.1113,1.1772
EKF no gate,current offset +0.10 A,25,CC_CELL2,0.9320,1.5086,1.4850
EKF no gate,current offset +0.10 A,26,CC_CELL2,0.8829,1.9580,2.0934
EKF no gate,current offset +0.10 A,27,CC_CELL2,0.8282,2.2436,2.3986
EKF no gate,current offset +0.10 A,28,CC_CELL2,0.7679,2.9847,2.1807
EKF no gate,current offset +0.10 A,29,CC_CELL2,0.6870,3.9192,2.1505
EKF no gate,current offset +0.10 A,30,BOOST_NEGPULSE_1S,0.9909,0.9098,0.9474
EKF no gate,current offset +0.10 A,31,BOOST_NEGPULSE_1S,0.9339,1.2871,1.3718
EKF no gate,current offset +0.10 A,32,BOOST_NEGPULSE_1S,0.8724,1.6527,1.7147
EKF no gate,current offset +0.10 A,33,BOOST_NEGPULSE_1S,0.8251,2.5176,2.1693
EKF no gate,current offset +0.10 A,34,BOOST_NEGPULSE_1S,0.8251,8.3077,8.6365
EKF no gate,current offset +0.10 A,35,BOOST_NEGPULSE_1S,0.6925,7.2697,6.7299
EKF no gate,current offset -0.10 A,0,CC,1.0000,1.6341,1.6225
EKF no gate,current offset -0.10 A,1,CC,0.9468,2.4751,2.5476
EKF no gate,current offset -0.10 A,2,CC,0.9024,3.5454,3.6023
EKF no gate,current offset -0.10 A,3,CC,0.8622,4.7129,4.8083
EKF no gate,current offset -0.10 A,4,CC,0.7986,6.9007,6.2256
EKF no gate,current offset -0.10 A,5,CC,0.6957,10.4250,10.5203
EKF no gate,current offset -0.10 A,6,BOOST,1.0000,1.4563,1.4297
EKF no gate,current offset -0.10 A,7,BOOST,0.9438,2.2371,2.2533
EKF no gate,current offset -0.10 A,8,BOOST,0.8960,3.3291,3.3029
EKF no gate,current offset -0.10 A,9,BOOST,0.8507,4.5475,4.4127
EKF no gate,current offset -0.10 A,10,BOOST,0.7809,7.1986,6.7134
EKF no gate,current offset -0.10 A,11,BOOST,0.6921,7.7540,7.4965
EKF no gate,current offset -0.10 A,12,BOOST_NEGPULSE,1.0000,1.4477,1.2676
EKF no gate,current offset -0.10 A,13,BOOST_NEGPULSE,0.9330,2.0202,1.7614
EKF no gate,current offset -0.10 A,14,BOOST_NEGPULSE,0.8672,2.4053,2.2161
EKF no gate,current offset -0.10 A,15,BOOST_NEGPULSE,0.7944,1.6373,1.3214
EKF no gate,current offset -0.10 A,16,BOOST_NEGPULSE,0.7612,2.8082,1.6639
EKF no gate,current offset -0.10 A,17,BOOST_NEGPULSE,0.6821,6.6596,6.0928
EKF no gate,current offset -0.10 A,18,BOOST_REST,1.0000,1.6385,1.5125
EKF no gate,current offset -0.10 A,19,BOOST_REST,0.9384,2.1042,1.9315
EKF no gate,current offset -0.10 A,20,BOOST_REST,0.8642,1.9419,1.7522
EKF no gate,current offset -0.10 A,21,BOOST_REST,0.7854,1.8329,1.0124
EKF no gate,current offset -0.10 A,22,BOOST_REST,0.7398,2.8710,1.4869
EKF no gate,current offset -0.10 A,23,BOOST_REST,0.6915,3.8071,2.4310
EKF no gate,current offset -0.10 A,24,CC_CELL2,1.0000,1.5977,1.6186
EKF no gate,current offset -0.10 A,25,CC_CELL2,0.9320,2.5726,2.4403
EKF no gate,current offset -0.10 A,26,CC_CELL2,0.8829,3.4614,3.4362
EKF no gate,current offset -0.10 A,27,CC_CELL2,0.8282,4.2589,4.2154
EKF no gate,current offset -0.10 A,28,CC_CELL2,0.7679,5.1740,5.0245
EKF no gate,current offset -0.10 A,29,CC_CELL2,0.6870,5.6531,5.0159
EKF no gate,current offset -0.10 A,30,BOOST_NEGPULSE_1S,0.9909,1.4361,1.3617
EKF no gate,current offset -0.10 A,31,BOOST_NEGPULSE_1S,0.9339,2.2155,2.1906
EKF no gate,current offset -0.10 A,32,BOOST_NEGPULSE_1S,0.8724,3.1714,3.1670
EKF no gate,current offset -0.10 A,33,BOOST_NEGPULSE_1S,0.8251,4.5592,4.3562
EKF no gate,current offset -0.10 A,34,BOOST_NEGPULSE_1S,0.8251,10.3826,11.2329
EKF no gate,current offset -0.10 A,35,BOOST_NEGPULSE_1S,0.6925,9.6932,10.1156
EKF no gate,current gain +1 %,0,CC,1.0000,1.4007,1.4251
EKF no gate,current gain +1 %,1,CC,0.9468,2.0408,2.1717
EKF no gate,current gain +1 %,2,CC,0.9024,2.9465,3.0720
EKF no gate,current gain +1 %,3,CC,0.8622,3.8679,4.0035
EKF no gate,current gain +1 %,4,CC,0.7986,5.8087,4.7475
EKF no gate,current gain +1 %,5,CC,0.6957,7.4909,6.2522
EKF no gate,current gain +1 %,6,BOOST,1.0000,1.2426,1.2698
EKF no gate,current gain +1 %,7,BOOST,0.9438,1.8074,1.8996
EKF no gate,current gain +1 %,8,BOOST,0.8960,2.7135,2.7645
EKF no gate,current gain +1 %,9,BOOST,0.8507,3.6411,3.5905
EKF no gate,current gain +1 %,10,BOOST,0.7809,5.9272,4.9409
EKF no gate,current gain +1 %,11,BOOST,0.6921,6.5090,5.6031
EKF no gate,current gain +1 %,12,BOOST_NEGPULSE,1.0000,1.2560,1.1723
EKF no gate,current gain +1 %,13,BOOST_NEGPULSE,0.9330,1.6418,1.6204
EKF no gate,current gain +1 %,14,BOOST_NEGPULSE,0.8672,1.7615,1.7846
EKF no gate,current gain +1 %,15,BOOST_NEGPULSE,0.7944,1.6757,1.7301
EKF no gate,current gain +1 %,16,BOOST_NEGPULSE,0.7612,2.5101,1.5065
EKF no gate,current gain +1 %,17,BOOST_NEGPULSE,0.6821,5.3246,3.9717
EKF no gate,current gain +1 %,18,BOOST_REST,1.0000,1.4268,1.3585
EKF no gate,current gain +1 %,19,BOOST_REST,0.9384,1.6773,1.6291
EKF no gate,current gain +1 %,20,BOOST_REST,0.8642,1.3300,1.3450
EKF no gate,current gain +1 %,21,BOOST_REST,0.7854,2.3852,2.3545
EKF no gate,current gain +1 %,22,BOOST_REST,0.7398,3.8003,3.2838
EKF no gate,current gain +1 %,23,BOOST_REST,0.6915,3.2690,1.4175
EKF no gate,current gain +1 %,24,CC_CELL2,1.0000,1.3798,1.4450
EKF no gate,current gain +1 %,25,CC_CELL2,0.9320,2.0634,1.9906
EKF no gate,current gain +1 %,26,CC_CELL2,0.8829,2.7265,2.7607
EKF no gate,current gain +1 %,27,CC_CELL2,0.8282,3.2360,3.1958
EKF no gate,current gain +1 %,28,CC_CELL2,0.7679,4.0088,3.4013
EKF no gate,current gain +1 %,29,CC_CELL2,0.6870,4.6857,3.2065
EKF no gate,current gain +1 %,30,BOOST_NEGPULSE_1S,0.9909,1.1875,1.1798
EKF no gate,current gain +1 %,31,BOOST_NEGPULSE_1S,0.9339,1.7471,1.7790
EKF no gate,current gain +1 %,32,BOOST_NEGPULSE_1S,0.8724,2.3915,2.3981
EKF no gate,current gain +1 %,33,BOOST_NEGPULSE_1S,0.8251,3.5120,3.1410
EKF no gate,current gain +1 %,34,BOOST_NEGPULSE_1S,0.8251,9.3071,9.8427
EKF no gate,current gain +1 %,35,BOOST_NEGPULSE_1S,0.6925,8.4895,8.4278
EKF no gate,current gain -1 %,0,CC,1.0000,1.3477,1.3313
EKF no gate,current gain -1 %,1,CC,0.9468,1.9677,2.0672
EKF no gate,current gain -1 %,2,CC,0.9024,2.8739,2.9967
EKF no gate,current gain -1 %,3,CC,0.8622,3.8194,4.0278
EKF no gate,current gain -1 %,4,CC,0.7986,5.8134,4.9530
EKF no gate,current gain -1 %,5,CC,0.6957,7.4694,6.3469
EKF no gate,current gain -1 %,6,BOOST,1.0000,1.1792,1.1556
EKF no gate,current gain -1 %,7,BOOST,0.9438,1.7189,1.7723
EKF no gate,current gain -1 %,8,BOOST,0.8960,2.6377,2.6929
EKF no gate,current gain -1 %,9,BOOST,0.8507,3.5863,3.6283
EKF no gate,current gain -1 %,10,BOOST,0.7809,5.9411,5.1773
EKF no gate,current gain -1 %,11,BOOST,0.6921,6.5464,5.7747
EKF no gate,current gain -1 %,12,BOOST_NEGPULSE,1.0000,1.1819,1.0238
EKF no gate,current gain -1 %,13,BOOST_NEGPULSE,0.9330,1.5063,1.3792
EKF no gate,current gain -1 %,14,BOOST_NEGPULSE,0.8672,1.6144,1.5873
EKF no gate,current gain -1 %,15,BOOST_NEGPULSE,0.7944,1.5889,1.5291
EKF no gate,current gain -1 %,16,BOOST_NEGPULSE,0.7612,2.4738,1.4592
EKF no gate,current gain -1 %,17,BOOST_NEGPULSE,0.6821,5.3501,4.1464
EKF no gate,current gain -1 %,18,BOOST_REST,1.0000,1.3649,1.2368
EKF no gate,current gain -1 %,19,BOOST_REST,0.9384,1.5683,1.4483
EKF no gate,current gain -1 %,20,BOOST_REST,0.8642,1.1808,1.1339
EKF no gate,current gain -1 %,21,BOOST_REST,0.7854,2.3403,2.1708
EKF no gate,current gain -1 %,22,BOOST_REST,0.7398,3.8043,3.1173
EKF no gate,current gain -1 %,23,BOOST_REST,0.6915,3.3063,1.4940
EKF no gate,current gain -1 %,24,CC_CELL2,1.0000,1.3169,1.3307
EKF no gate,current gain -1 %,25,CC_CELL2,0.9320,1.9834,1.8663
EKF no gate,current gain -1 %,26,CC_CELL2,0.8829,2.6518,2.7097
EKF no gate,current gain -1 %,27,CC_CELL2,0.8282,3.1945,3.2809
EKF no gate,current gain -1 %,28,CC_CELL2,0.7679,4.0425,3.6442
EKF no gate,current gain -1 %,29,CC_CELL2,0.6870,4.7166,3.2353
EKF no gate,current gain -1 %,30,BOOST_NEGPULSE_1S,0.9909,1.1242,1.0696
EKF no gate,current gain -1 %,31,BOOST_NEGPULSE_1S,0.9339,1.6675,1.6629
EKF no gate,current gain -1 %,32,BOOST_NEGPULSE_1S,0.8724,2.3095,2.3568
EKF no gate,current gain -1 %,33,BOOST_NEGPULSE_1S,0.8251,3.4600,3.2475
EKF no gate,current gain -1 %,34,BOOST_NEGPULSE_1S,0.8251,9.3621,10.0233
EKF no gate,current gain -1 %,35,BOOST_NEGPULSE_1S,0.6925,8.5575,8.5468
EKF adopted (gate),no distortion,0,CC,1.0000,1.0127,0.9177
EKF adopted (gate),no distortion,1,CC,0.9468,1.1761,1.4183
EKF adopted (gate),no distortion,2,CC,0.9024,1.5635,1.8855
EKF adopted (gate),no distortion,3,CC,0.8622,1.7929,2.2701
EKF adopted (gate),no distortion,4,CC,0.7986,2.0048,2.6457
EKF adopted (gate),no distortion,5,CC,0.6957,1.8302,1.5779
EKF adopted (gate),no distortion,6,BOOST,1.0000,0.8440,0.7570
EKF adopted (gate),no distortion,7,BOOST,0.9438,1.0302,1.1486
EKF adopted (gate),no distortion,8,BOOST,0.8960,1.3486,1.6125
EKF adopted (gate),no distortion,9,BOOST,0.8507,1.4695,1.9813
EKF adopted (gate),no distortion,10,BOOST,0.7809,2.1681,2.7930
EKF adopted (gate),no distortion,11,BOOST,0.6921,1.4303,0.9238
EKF adopted (gate),no distortion,12,BOOST_NEGPULSE,1.0000,0.8464,0.3929
EKF adopted (gate),no distortion,13,BOOST_NEGPULSE,0.9330,0.6737,0.6733
EKF adopted (gate),no distortion,14,BOOST_NEGPULSE,0.8672,0.7521,1.0063
EKF adopted (gate),no distortion,15,BOOST_NEGPULSE,0.7944,2.0549,1.9051
EKF adopted (gate),no distortion,16,BOOST_NEGPULSE,0.7612,3.0089,1.6811
EKF adopted (gate),no distortion,17,BOOST_NEGPULSE,0.6821,2.6442,2.2007
EKF adopted (gate),no distortion,18,BOOST_REST,1.0000,0.9369,0.6094
EKF adopted (gate),no distortion,19,BOOST_REST,0.9384,0.8122,0.8063
EKF adopted (gate),no distortion,20,BOOST_REST,0.8642,0.6873,0.8477
EKF adopted (gate),no distortion,21,BOOST_REST,0.7854,2.9658,2.2655
EKF adopted (gate),no distortion,22,BOOST_REST,0.7398,4.2423,3.0735
EKF adopted (gate),no distortion,23,BOOST_REST,0.6915,3.5674,1.7671
EKF adopted (gate),no distortion,24,CC_CELL2,1.0000,0.8787,0.7348
EKF adopted (gate),no distortion,25,CC_CELL2,0.9320,1.2029,1.2969
EKF adopted (gate),no distortion,26,CC_CELL2,0.8829,1.3173,1.4716
EKF adopted (gate),no distortion,27,CC_CELL2,0.8282,1.4629,1.8477
EKF adopted (gate),no distortion,28,CC_CELL2,0.7679,1.9789,2.1667
EKF adopted (gate),no distortion,29,CC_CELL2,0.6870,3.3286,1.6349
EKF adopted (gate),no distortion,30,BOOST_NEGPULSE_1S,0.9909,0.7573,0.6180
EKF adopted (gate),no distortion,31,BOOST_NEGPULSE_1S,0.9339,0.8996,1.1241
EKF adopted (gate),no distortion,32,BOOST_NEGPULSE_1S,0.8724,0.9833,1.3506
EKF adopted (gate),no distortion,33,BOOST_NEGPULSE_1S,0.8251,1.1968,1.5163
EKF adopted (gate),no distortion,34,BOOST_NEGPULSE_1S,0.8251,4.4408,5.6704
EKF adopted (gate),no distortion,35,BOOST_NEGPULSE_1S,0.6925,3.3261,4.2393
EKF adopted (gate),initial SOC +10 %p,0,CC,1.0000,1.0827,0.9177
EKF adopted (gate),initial SOC +10 %p,1,CC,0.9468,1.2362,1.4183
EKF adopted (gate),initial SOC +10 %p,2,CC,0.9024,1.6093,1.8855
EKF adopted (gate),initial SOC +10 %p,3,CC,0.8622,1.8331,2.2701
EKF adopted (gate),initial SOC +10 %p,4,CC,0.7986,2.0453,2.6456
EKF adopted (gate),initial SOC +10 %p,5,CC,0.6957,1.8928,1.5784
EKF adopted (gate),initial SOC +10 %p,6,BOOST,1.0000,0.9270,0.7570
EKF adopted (gate),initial SOC +10 %p,7,BOOST,0.9438,1.0983,1.1486
EKF adopted (gate),initial SOC +10 %p,8,BOOST,0.8960,1.4015,1.6125
EKF adopted (gate),initial SOC +10 %p,9,BOOST,0.8507,1.5188,1.9814
EKF adopted (gate),initial SOC +10 %p,10,BOOST,0.7809,2.2037,2.7931
EKF adopted (gate),initial SOC +10 %p,11,BOOST,0.6921,1.5006,0.9236
EKF adopted (gate),initial SOC +10 %p,12,BOOST_NEGPULSE,1.0000,0.9286,0.3929
EKF adopted (gate),initial SOC +10 %p,13,BOOST_NEGPULSE,0.9330,0.7740,0.6733
EKF adopted (gate),initial SOC +10 %p,14,BOOST_NEGPULSE,0.8672,0.8449,1.0063
EKF adopted (gate),initial SOC +10 %p,15,BOOST_NEGPULSE,0.7944,2.0946,1.9051
EKF adopted (gate),initial SOC +10 %p,16,BOOST_NEGPULSE,0.7612,3.0421,1.6813
EKF adopted (gate),initial SOC +10 %p,17,BOOST_NEGPULSE,0.6821,2.6772,2.2006
EKF adopted (gate),initial SOC +10 %p,18,BOOST_REST,1.0000,1.0119,0.6094
EKF adopted (gate),initial SOC +10 %p,19,BOOST_REST,0.9384,0.8970,0.8063
EKF adopted (gate),initial SOC +10 %p,20,BOOST_REST,0.8642,0.7881,0.8477
EKF adopted (gate),initial SOC +10 %p,21,BOOST_REST,0.7854,2.9958,2.2657
EKF adopted (gate),initial SOC +10 %p,22,BOOST_REST,0.7398,4.2671,3.0738
EKF adopted (gate),initial SOC +10 %p,23,BOOST_REST,0.6915,3.5896,1.7674
EKF adopted (gate),initial SOC +10 %p,24,CC_CELL2,1.0000,0.9583,0.7348
EKF adopted (gate),initial SOC +10 %p,25,CC_CELL2,0.9320,1.2617,1.2969
EKF adopted (gate),initial SOC +10 %p,26,CC_CELL2,0.8829,1.3714,1.4716
EKF adopted (gate),initial SOC +10 %p,27,CC_CELL2,0.8282,1.5125,1.8478
EKF adopted (gate),initial SOC +10 %p,28,CC_CELL2,0.7679,2.0202,2.1669
EKF adopted (gate),initial SOC +10 %p,29,CC_CELL2,0.6870,3.3845,1.6372
EKF adopted (gate),initial SOC +10 %p,30,BOOST_NEGPULSE_1S,0.9909,0.8481,0.6180
EKF adopted (gate),initial SOC +10 %p,31,BOOST_NEGPULSE_1S,0.9339,0.9770,1.1241
EKF adopted (gate),initial SOC +10 %p,32,BOOST_NEGPULSE_1S,0.8724,1.0555,1.3506
EKF adopted (gate),initial SOC +10 %p,33,BOOST_NEGPULSE_1S,0.8251,1.2597,1.5164
EKF adopted (gate),initial SOC +10 %p,34,BOOST_NEGPULSE_1S,0.8251,4.4583,5.6706
EKF adopted (gate),initial SOC +10 %p,35,BOOST_NEGPULSE_1S,0.6925,3.3454,4.2378
EKF adopted (gate),initial SOC -10 %p,0,CC,1.0000,1.0819,0.9177
EKF adopted (gate),initial SOC -10 %p,1,CC,0.9468,1.2362,1.4183
EKF adopted (gate),initial SOC -10 %p,2,CC,0.9024,1.6092,1.8855
EKF adopted (gate),initial SOC -10 %p,3,CC,0.8622,1.8329,2.2701
EKF adopted (gate),initial SOC -10 %p,4,CC,0.7986,2.0376,2.6457
EKF adopted (gate),initial SOC -10 %p,5,CC,0.6957,1.8683,1.5780
EKF adopted (gate),initial SOC -10 %p,6,BOOST,1.0000,0.9259,0.7570
EKF adopted (gate),initial SOC -10 %p,7,BOOST,0.9438,1.0983,1.1486
EKF adopted (gate),initial SOC -10 %p,8,BOOST,0.8960,1.4013,1.6125
EKF adopted (gate),initial SOC -10 %p,9,BOOST,0.8507,1.5180,1.9813
EKF adopted (gate),initial SOC -10 %p,10,BOOST,0.7809,2.2003,2.7931
EKF adopted (gate),initial SOC -10 %p,11,BOOST,0.6921,1.4795,0.9238
EKF adopted (gate),initial SOC -10 %p,12,BOOST_NEGPULSE,1.0000,0.9281,0.3929
EKF adopted (gate),initial SOC -10 %p,13,BOOST_NEGPULSE,0.9330,0.7739,0.6733
EKF adopted (gate),initial SOC -10 %p,14,BOOST_NEGPULSE,0.8672,0.8429,1.0063
EKF adopted (gate),initial SOC -10 %p,15,BOOST_NEGPULSE,0.7944,2.0874,1.9052
EKF adopted (gate),initial SOC -10 %p,16,BOOST_NEGPULSE,0.7612,3.0274,1.6809
EKF adopted (gate),initial SOC -10 %p,17,BOOST_NEGPULSE,0.6821,2.6704,2.2009
EKF adopted (gate),initial SOC -10 %p,18,BOOST_REST,1.0000,1.0113,0.6094
EKF adopted (gate),initial SOC -10 %p,19,BOOST_REST,0.9384,0.8971,0.8063
EKF adopted (gate),initial SOC -10 %p,20,BOOST_REST,0.8642,0.7854,0.8477
EKF adopted (gate),initial SOC -10 %p,21,BOOST_REST,0.7854,2.9857,2.2653
EKF adopted (gate),initial SOC -10 %p,22,BOOST_REST,0.7398,4.2543,3.0733
EKF adopted (gate),initial SOC -10 %p,23,BOOST_REST,0.6915,3.5864,1.7674
EKF adopted (gate),initial SOC -10 %p,24,CC_CELL2,1.0000,0.9577,0.7348
EKF adopted (gate),initial SOC -10 %p,25,CC_CELL2,0.9320,1.2616,1.2969
EKF adopted (gate),initial SOC -10 %p,26,CC_CELL2,0.8829,1.3712,1.4716
EKF adopted (gate),initial SOC -10 %p,27,CC_CELL2,0.8282,1.5115,1.8477
EKF adopted (gate),initial SOC -10 %p,28,CC_CELL2,0.7679,2.0125,2.1666
EKF adopted (gate),initial SOC -10 %p,29,CC_CELL2,0.6870,3.3149,1.6333
EKF adopted (gate),initial SOC -10 %p,30,BOOST_NEGPULSE_1S,0.9909,0.8478,0.6180
EKF adopted (gate),initial SOC -10 %p,31,BOOST_NEGPULSE_1S,0.9339,0.9771,1.1241
EKF adopted (gate),initial SOC -10 %p,32,BOOST_NEGPULSE_1S,0.8724,1.0545,1.3506
EKF adopted (gate),initial SOC -10 %p,33,BOOST_NEGPULSE_1S,0.8251,1.2547,1.5163
EKF adopted (gate),initial SOC -10 %p,34,BOOST_NEGPULSE_1S,0.8251,4.4567,5.6703
EKF adopted (gate),initial SOC -10 %p,35,BOOST_NEGPULSE_1S,0.6925,3.3481,4.2389
EKF adopted (gate),current offset +0.10 A,0,CC,1.0000,1.5740,1.0168
EKF adopted (gate),current offset +0.10 A,1,CC,0.9468,2.3079,1.3782
EKF adopted (gate),current offset +0.10 A,2,CC,0.9024,2.2846,1.5672
EKF adopted (gate),current offset +0.10 A,3,CC,0.8622,2.2448,1.6142
EKF adopted (gate),current offset +0.10 A,4,CC,0.7986,2.8418,1.9325
EKF adopted (gate),current offset +0.10 A,5,CC,0.6957,2.6916,2.9060
EKF adopted (gate),current offset +0.10 A,6,BOOST,1.0000,1.6969,1.0185
EKF adopted (gate),current offset +0.10 A,7,BOOST,0.9438,2.2986,1.3802
EKF adopted (gate),current offset +0.10 A,8,BOOST,0.8960,2.3331,1.5254
EKF adopted (gate),current offset +0.10 A,9,BOOST,0.8507,2.5572,1.7779
EKF adopted (gate),current offset +0.10 A,10,BOOST,0.7809,2.4983,1.9544
EKF adopted (gate),current offset +0.10 A,11,BOOST,0.6921,2.8596,3.3175
EKF adopted (gate),current offset +0.10 A,12,BOOST_NEGPULSE,1.0000,1.6282,1.3669
EKF adopted (gate),current offset +0.10 A,13,BOOST_NEGPULSE,0.9330,2.6782,2.0554
EKF adopted (gate),current offset +0.10 A,14,BOOST_NEGPULSE,0.8672,3.5379,3.0965
EKF adopted (gate),current offset +0.10 A,15,BOOST_NEGPULSE,0.7944,5.1905,4.8750
EKF adopted (gate),current offset +0.10 A,16,BOOST_NEGPULSE,0.7612,5.9375,5.2175
EKF adopted (gate),current offset +0.10 A,17,BOOST_NEGPULSE,0.6821,3.9369,3.4652
EKF adopted (gate),current offset +0.10 A,18,BOOST_REST,1.0000,1.5563,1.1952
EKF adopted (gate),current offset +0.10 A,19,BOOST_REST,0.9384,2.4714,1.5985
EKF adopted (gate),current offset +0.10 A,20,BOOST_REST,0.8642,3.5607,2.9959
EKF adopted (gate),current offset +0.10 A,21,BOOST_REST,0.7854,6.3833,5.9887
EKF adopted (gate),current offset +0.10 A,22,BOOST_REST,0.7398,7.1409,6.4591
EKF adopted (gate),current offset +0.10 A,23,BOOST_REST,0.6915,6.2452,5.5321
EKF adopted (gate),current offset +0.10 A,24,CC_CELL2,1.0000,1.6007,1.0547
EKF adopted (gate),current offset +0.10 A,25,CC_CELL2,0.9320,2.2583,1.3068
EKF adopted (gate),current offset +0.10 A,26,CC_CELL2,0.8829,2.3290,1.5728
EKF adopted (gate),current offset +0.10 A,27,CC_CELL2,0.8282,2.4823,1.8754
EKF adopted (gate),current offset +0.10 A,28,CC_CELL2,0.7679,2.8610,2.4243
EKF adopted (gate),current offset +0.10 A,29,CC_CELL2,0.6870,5.6959,5.4002
EKF adopted (gate),current offset +0.10 A,30,BOOST_NEGPULSE_1S,0.9909,1.8775,1.3105
EKF adopted (gate),current offset +0.10 A,31,BOOST_NEGPULSE_1S,0.9339,2.6089,1.5590
EKF adopted (gate),current offset +0.10 A,32,BOOST_NEGPULSE_1S,0.8724,3.0656,2.0478
EKF adopted (gate),current offset +0.10 A,33,BOOST_NEGPULSE_1S,0.8251,3.3244,2.4275
EKF adopted (gate),current offset +0.10 A,34,BOOST_NEGPULSE_1S,0.8251,2.4677,2.0252
EKF adopted (gate),current offset +0.10 A,35,BOOST_NEGPULSE_1S,0.6925,1.3738,1.1315
EKF adopted (gate),current offset -0.10 A,0,CC,1.0000,3.1488,2.1716
EKF adopted (gate),current offset -0.10 A,1,CC,0.9468,3.6820,2.7821
EKF adopted (gate),current offset -0.10 A,2,CC,0.9024,4.1454,3.4901
EKF adopted (gate),current offset -0.10 A,3,CC,0.8622,4.3622,4.1451
EKF adopted (gate),current offset -0.10 A,4,CC,0.7986,4.4099,5.1417
EKF adopted (gate),current offset -0.10 A,5,CC,0.6957,4.6741,5.7132
EKF adopted (gate),current offset -0.10 A,6,BOOST,1.0000,2.9912,2.0646
EKF adopted (gate),current offset -0.10 A,7,BOOST,0.9438,3.6085,2.5533
EKF adopted (gate),current offset -0.10 A,8,BOOST,0.8960,4.0230,3.2516
EKF adopted (gate),current offset -0.10 A,9,BOOST,0.8507,4.0994,3.8656
EKF adopted (gate),current offset -0.10 A,10,BOOST,0.7809,4.7119,5.1583
EKF adopted (gate),current offset -0.10 A,11,BOOST,0.6921,4.1507,4.7927
EKF adopted (gate),current offset -0.10 A,12,BOOST_NEGPULSE,1.0000,3.0142,1.6886
EKF adopted (gate),current offset -0.10 A,13,BOOST_NEGPULSE,0.9330,3.3805,1.9118
EKF adopted (gate),current offset -0.10 A,14,BOOST_NEGPULSE,0.8672,3.0731,2.1885
EKF adopted (gate),current offset -0.10 A,15,BOOST_NEGPULSE,0.7944,2.1661,1.4537
EKF adopted (gate),current offset -0.10 A,16,BOOST_NEGPULSE,0.7612,2.6047,1.9407
EKF adopted (gate),current offset -0.10 A,17,BOOST_NEGPULSE,0.6821,4.6577,5.4923
EKF adopted (gate),current offset -0.10 A,18,BOOST_REST,1.0000,3.0944,1.8868
EKF adopted (gate),current offset -0.10 A,19,BOOST_REST,0.9384,3.4620,2.2343
EKF adopted (gate),current offset -0.10 A,20,BOOST_REST,0.8642,3.1272,2.3729
EKF adopted (gate),current offset -0.10 A,21,BOOST_REST,0.7854,2.1616,1.3623
EKF adopted (gate),current offset -0.10 A,22,BOOST_REST,0.7398,2.7033,0.8071
EKF adopted (gate),current offset -0.10 A,23,BOOST_REST,0.6915,3.3752,2.8378
EKF adopted (gate),current offset -0.10 A,24,CC_CELL2,1.0000,3.0296,2.0277
EKF adopted (gate),current offset -0.10 A,25,CC_CELL2,0.9320,3.8659,2.8346
EKF adopted (gate),current offset -0.10 A,26,CC_CELL2,0.8829,4.1236,3.5180
EKF adopted (gate),current offset -0.10 A,27,CC_CELL2,0.8282,4.2201,4.0136
EKF adopted (gate),current offset -0.10 A,28,CC_CELL2,0.7679,4.5689,5.2330
EKF adopted (gate),current offset -0.10 A,29,CC_CELL2,0.6870,3.5247,3.3110
EKF adopted (gate),current offset -0.10 A,30,BOOST_NEGPULSE_1S,0.9909,3.0400,1.8907
EKF adopted (gate),current offset -0.10 A,31,BOOST_NEGPULSE_1S,0.9339,3.4668,2.4907
EKF adopted (gate),current offset -0.10 A,32,BOOST_NEGPULSE_1S,0.8724,3.6603,3.5563
EKF adopted (gate),current offset -0.10 A,33,BOOST_NEGPULSE_1S,0.8251,3.8125,4.1800
EKF adopted (gate),current offset -0.10 A,34,BOOST_NEGPULSE_1S,0.8251,7.4040,9.6637
EKF adopted (gate),current offset -0.10 A,35,BOOST_NEGPULSE_1S,0.6925,6.2337,8.0915
EKF adopted (gate),current gain +1 %,0,CC,1.0000,1.1518,1.0318
EKF adopted (gate),current gain +1 %,1,CC,0.9468,1.2714,1.4450
EKF adopted (gate),current gain +1 %,2,CC,0.9024,1.6454,1.8921
EKF adopted (gate),current gain +1 %,3,CC,0.8622,1.8490,2.2599
EKF adopted (gate),current gain +1 %,4,CC,0.7986,1.9851,2.5598
EKF adopted (gate),current gain +1 %,5,CC,0.6957,1.8379,1.6021
EKF adopted (gate),current gain +1 %,6,BOOST,1.0000,0.9829,0.8821
EKF adopted (gate),current gain +1 %,7,BOOST,0.9438,1.1360,1.1619
EKF adopted (gate),current gain +1 %,8,BOOST,0.8960,1.4342,1.6063
EKF adopted (gate),current gain +1 %,9,BOOST,0.8507,1.5133,1.9543
EKF adopted (gate),current gain +1 %,10,BOOST,0.7809,2.1582,2.6606
EKF adopted (gate),current gain +1 %,11,BOOST,0.6921,1.4234,0.8542
EKF adopted (gate),current gain +1 %,12,BOOST_NEGPULSE,1.0000,0.9990,0.4959
EKF adopted (gate),current gain +1 %,13,BOOST_NEGPULSE,0.9330,0.7924,0.6572
EKF adopted (gate),current gain +1 %,14,BOOST_NEGPULSE,0.8672,0.7362,0.9749
EKF adopted (gate),current gain +1 %,15,BOOST_NEGPULSE,0.7944,1.9705,1.9073
EKF adopted (gate),current gain +1 %,16,BOOST_NEGPULSE,0.7612,2.9114,1.6733
EKF adopted (gate),current gain +1 %,17,BOOST_NEGPULSE,0.6821,2.6161,2.1449
EKF adopted (gate),current gain +1 %,18,BOOST_REST,1.0000,1.0825,0.7051
EKF adopted (gate),current gain +1 %,19,BOOST_REST,0.9384,0.9210,0.8227
EKF adopted (gate),current gain +1 %,20,BOOST_REST,0.8642,0.6832,0.8356
EKF adopted (gate),current gain +1 %,21,BOOST_REST,0.7854,2.8724,2.3122
EKF adopted (gate),current gain +1 %,22,BOOST_REST,0.7398,4.1745,3.1817
EKF adopted (gate),current gain +1 %,23,BOOST_REST,0.6915,3.4718,1.7034
EKF adopted (gate),current gain +1 %,24,CC_CELL2,1.0000,1.0312,0.8706
EKF adopted (gate),current gain +1 %,25,CC_CELL2,0.9320,1.3172,1.3302
EKF adopted (gate),current gain +1 %,26,CC_CELL2,0.8829,1.4272,1.5148
EKF adopted (gate),current gain +1 %,27,CC_CELL2,0.8282,1.5229,1.8353
EKF adopted (gate),current gain +1 %,28,CC_CELL2,0.7679,1.9811,2.0793
EKF adopted (gate),current gain +1 %,29,CC_CELL2,0.6870,3.2491,1.5894
EKF adopted (gate),current gain +1 %,30,BOOST_NEGPULSE_1S,0.9909,0.8938,0.6741
EKF adopted (gate),current gain +1 %,31,BOOST_NEGPULSE_1S,0.9339,0.9660,1.1082
EKF adopted (gate),current gain +1 %,32,BOOST_NEGPULSE_1S,0.8724,0.9868,1.3151
EKF adopted (gate),current gain +1 %,33,BOOST_NEGPULSE_1S,0.8251,1.1703,1.4557
EKF adopted (gate),current gain +1 %,34,BOOST_NEGPULSE_1S,0.8251,4.4420,5.6072
EKF adopted (gate),current gain +1 %,35,BOOST_NEGPULSE_1S,0.6925,3.3262,4.2141
EKF adopted (gate),current gain -1 %,0,CC,1.0000,0.9293,0.9200
EKF adopted (gate),current gain -1 %,1,CC,0.9468,1.1392,1.4511
EKF adopted (gate),current gain -1 %,2,CC,0.9024,1.5215,1.9093
EKF adopted (gate),current gain -1 %,3,CC,0.8622,1.7665,2.2965
EKF adopted (gate),current gain -1 %,4,CC,0.7986,2.0483,2.7407
EKF adopted (gate),current gain -1 %,5,CC,0.6957,1.8515,1.5668
EKF adopted (gate),current gain -1 %,6,BOOST,1.0000,0.7759,0.7740
EKF adopted (gate),current gain -1 %,7,BOOST,0.9438,0.9898,1.2037
EKF adopted (gate),current gain -1 %,8,BOOST,0.8960,1.3102,1.6580
EKF adopted (gate),current gain -1 %,9,BOOST,0.8507,1.4687,2.0405
EKF adopted (gate),current gain -1 %,10,BOOST,0.7809,2.1981,2.9308
EKF adopted (gate),current gain -1 %,11,BOOST,0.6921,1.4532,1.0333
EKF adopted (gate),current gain -1 %,12,BOOST_NEGPULSE,1.0000,0.7592,0.5395
EKF adopted (gate),current gain -1 %,13,BOOST_NEGPULSE,0.9330,0.6549,0.7959
EKF adopted (gate),current gain -1 %,14,BOOST_NEGPULSE,0.8672,0.8475,1.0938
EKF adopted (gate),current gain -1 %,15,BOOST_NEGPULSE,0.7944,2.1633,1.9314
EKF adopted (gate),current gain -1 %,16,BOOST_NEGPULSE,0.7612,3.1217,1.7167
EKF adopted (gate),current gain -1 %,17,BOOST_NEGPULSE,0.6821,2.6834,2.2707
EKF adopted (gate),current gain -1 %,18,BOOST_REST,1.0000,0.8495,0.6785
EKF adopted (gate),current gain -1 %,19,BOOST_REST,0.9384,0.7825,0.8884
EKF adopted (gate),current gain -1 %,20,BOOST_REST,0.8642,0.7778,0.9233
EKF adopted (gate),current gain -1 %,21,BOOST_REST,0.7854,3.0778,2.2483
EKF adopted (gate),current gain -1 %,22,BOOST_REST,0.7398,4.3215,2.9774
EKF adopted (gate),current gain -1 %,23,BOOST_REST,0.6915,3.6708,1.8377
EKF adopted (gate),current gain -1 %,24,CC_CELL2,1.0000,0.7874,0.7452
EKF adopted (gate),current gain -1 %,25,CC_CELL2,0.9320,1.1402,1.3191
EKF adopted (gate),current gain -1 %,26,CC_CELL2,0.8829,1.2496,1.4689
EKF adopted (gate),current gain -1 %,27,CC_CELL2,0.8282,1.4360,1.8743
EKF adopted (gate),current gain -1 %,28,CC_CELL2,0.7679,1.9996,2.2617
EKF adopted (gate),current gain -1 %,29,CC_CELL2,0.6870,3.4202,1.6935
EKF adopted (gate),current gain -1 %,30,BOOST_NEGPULSE_1S,0.9909,0.7005,0.7266
EKF adopted (gate),current gain -1 %,31,BOOST_NEGPULSE_1S,0.9339,0.9084,1.1935
EKF adopted (gate),current gain -1 %,32,BOOST_NEGPULSE_1S,0.8724,1.0321,1.4022
EKF adopted (gate),current gain -1 %,33,BOOST_NEGPULSE_1S,0.8251,1.2587,1.5775
EKF adopted (gate),current gain -1 %,34,BOOST_NEGPULSE_1S,0.8251,4.4442,5.7366
EKF adopted (gate),current gain -1 %,35,BOOST_NEGPULSE_1S,0.6925,3.3237,4.2728
EKF gate + spread k=20,no distortion,0,CC,1.0000,0.9335,0.9209
EKF gate + spread k=20,no distortion,1,CC,0.9468,0.6427,0.8180
EKF gate + spread k=20,no distortion,2,CC,0.9024,0.8697,0.9735
EKF gate + spread k=20,no distortion,3,CC,0.8622,0.9944,1.1283
EKF gate + spread k=20,no distortion,4,CC,0.7986,0.6831,0.5820
EKF gate + spread k=20,no distortion,5,CC,0.6957,0.9022,0.8943
EKF gate + spread k=20,no distortion,6,BOOST,1.0000,0.7763,0.7822
EKF gate + spread k=20,no distortion,7,BOOST,0.9438,0.7597,0.9356
EKF gate + spread k=20,no distortion,8,BOOST,0.8960,0.8919,1.0950
EKF gate + spread k=20,no distortion,9,BOOST,0.8507,0.6022,0.7340
EKF gate + spread k=20,no distortion,10,BOOST,0.7809,0.7764,0.8479
EKF gate + spread k=20,no distortion,11,BOOST,0.6921,0.6338,0.3496
EKF gate + spread k=20,no distortion,12,BOOST_NEGPULSE,1.0000,0.7896,0.6764
EKF gate + spread k=20,no distortion,13,BOOST_NEGPULSE,0.9330,0.4276,0.4731
EKF gate + spread k=20,no distortion,14,BOOST_NEGPULSE,0.8672,0.3777,0.3186
EKF gate + spread k=20,no distortion,15,BOOST_NEGPULSE,0.7944,1.9353,1.8995
EKF gate + spread k=20,no distortion,16,BOOST_NEGPULSE,0.7612,3.1151,2.6552
EKF gate + spread k=20,no distortion,17,BOOST_NEGPULSE,0.6821,1.8355,1.3617
EKF gate + spread k=20,no distortion,18,BOOST_REST,1.0000,0.7382,0.6807
EKF gate + spread k=20,no distortion,19,BOOST_REST,0.9384,0.4857,0.4781
EKF gate + spread k=20,no distortion,20,BOOST_REST,0.8642,0.3855,0.2519
EKF gate + spread k=20,no distortion,21,BOOST_REST,0.7854,3.1783,3.1988
EKF gate + spread k=20,no distortion,22,BOOST_REST,0.7398,4.5678,4.3399
EKF gate + spread k=20,no distortion,23,BOOST_REST,0.6915,4.5005,4.3179
EKF gate + spread k=20,no distortion,24,CC_CELL2,1.0000,0.6894,0.7027
EKF gate + spread k=20,no distortion,25,CC_CELL2,0.9320,0.8777,0.9692
EKF gate + spread k=20,no distortion,26,CC_CELL2,0.8829,0.9023,1.0254
EKF gate + spread k=20,no distortion,27,CC_CELL2,0.8282,0.7594,0.8354
EKF gate + spread k=20,no distortion,28,CC_CELL2,0.7679,0.6925,0.3414
EKF gate + spread k=20,no distortion,29,CC_CELL2,0.6870,3.3690,2.7597
EKF gate + spread k=20,no distortion,30,BOOST_NEGPULSE_1S,0.9909,0.6428,0.6913
EKF gate + spread k=20,no distortion,31,BOOST_NEGPULSE_1S,0.9339,0.3522,0.4955
EKF gate + spread k=20,no distortion,32,BOOST_NEGPULSE_1S,0.8724,0.2363,0.1144
EKF gate + spread k=20,no distortion,33,BOOST_NEGPULSE_1S,0.8251,0.5359,0.0381
EKF gate + spread k=20,no distortion,34,BOOST_NEGPULSE_1S,0.8251,1.5993,1.7935
EKF gate + spread k=20,no distortion,35,BOOST_NEGPULSE_1S,0.6925,2.2820,2.8834
EKF gate + spread k=20,initial SOC +10 %p,0,CC,1.0000,1.1037,0.9162
EKF gate + spread k=20,initial SOC +10 %p,1,CC,0.9468,0.7497,0.8213
EKF gate + spread k=20,initial SOC +10 %p,2,CC,0.9024,0.9729,0.9971
EKF gate + spread k=20,initial SOC +10 %p,3,CC,0.8622,1.1518,1.2104
EKF gate + spread k=20,initial SOC +10 %p,4,CC,0.7986,0.9426,0.7222
EKF gate + spread k=20,initial SOC +10 %p,5,CC,0.6957,1.1912,1.1585
EKF gate + spread k=20,initial SOC +10 %p,6,BOOST,1.0000,1.0182,0.7796
EKF gate + spread k=20,initial SOC +10 %p,7,BOOST,0.9438,0.8527,0.9378
EKF gate + spread k=20,initial SOC +10 %p,8,BOOST,0.8960,0.9976,1.1221
EKF gate + spread k=20,initial SOC +10 %p,9,BOOST,0.8507,0.8118,0.8333
EKF gate + spread k=20,initial SOC +10 %p,10,BOOST,0.7809,1.0394,1.0226
EKF gate + spread k=20,initial SOC +10 %p,11,BOOST,0.6921,0.8663,0.3881
EKF gate + spread k=20,initial SOC +10 %p,12,BOOST_NEGPULSE,1.0000,0.9140,0.6755
EKF gate + spread k=20,initial SOC +10 %p,13,BOOST_NEGPULSE,0.9330,0.5762,0.4760
EKF gate + spread k=20,initial SOC +10 %p,14,BOOST_NEGPULSE,0.8672,0.5452,0.2851
EKF gate + spread k=20,initial SOC +10 %p,15,BOOST_NEGPULSE,0.7944,1.9860,1.8684
EKF gate + spread k=20,initial SOC +10 %p,16,BOOST_NEGPULSE,0.7612,3.2435,2.7475
EKF gate + spread k=20,initial SOC +10 %p,17,BOOST_NEGPULSE,0.6821,1.8667,1.3044
EKF gate + spread k=20,initial SOC +10 %p,18,BOOST_REST,1.0000,0.8865,0.6798
EKF gate + spread k=20,initial SOC +10 %p,19,BOOST_REST,0.9384,0.6212,0.4806
EKF gate + spread k=20,initial SOC +10 %p,20,BOOST_REST,0.8642,0.5578,0.2200
EKF gate + spread k=20,initial SOC +10 %p,21,BOOST_REST,0.7854,3.2220,3.1953
EKF gate + spread k=20,initial SOC +10 %p,22,BOOST_REST,0.7398,4.7122,4.4572
EKF gate + spread k=20,initial SOC +10 %p,23,BOOST_REST,0.6915,4.5269,4.3232
EKF gate + spread k=20,initial SOC +10 %p,24,CC_CELL2,1.0000,0.8634,0.7019
EKF gate + spread k=20,initial SOC +10 %p,25,CC_CELL2,0.9320,0.9608,0.9740
EKF gate + spread k=20,initial SOC +10 %p,26,CC_CELL2,0.8829,1.0170,1.0607
EKF gate + spread k=20,initial SOC +10 %p,27,CC_CELL2,0.8282,0.9941,0.9727
EKF gate + spread k=20,initial SOC +10 %p,28,CC_CELL2,0.7679,0.8976,0.4253
EKF gate + spread k=20,initial SOC +10 %p,29,CC_CELL2,0.6870,3.8161,3.2155
EKF gate + spread k=20,initial SOC +10 %p,30,BOOST_NEGPULSE_1S,0.9909,0.7665,0.6893
EKF gate + spread k=20,initial SOC +10 %p,31,BOOST_NEGPULSE_1S,0.9339,0.5244,0.5015
EKF gate + spread k=20,initial SOC +10 %p,32,BOOST_NEGPULSE_1S,0.8724,0.4683,0.1528
EKF gate + spread k=20,initial SOC +10 %p,33,BOOST_NEGPULSE_1S,0.8251,0.6988,0.0316
EKF gate + spread k=20,initial SOC +10 %p,34,BOOST_NEGPULSE_1S,0.8251,1.7617,1.9047
EKF gate + spread k=20,initial SOC +10 %p,35,BOOST_NEGPULSE_1S,0.6925,2.5855,3.1424
EKF gate + spread k=20,initial SOC -10 %p,0,CC,1.0000,1.0916,0.9070
EKF gate + spread k=20,initial SOC -10 %p,1,CC,0.9468,0.7980,0.8284
EKF gate + spread k=20,initial SOC -10 %p,2,CC,0.9024,0.9796,1.0102
EKF gate + spread k=20,initial SOC -10 %p,3,CC,0.8622,1.1748,1.2349
EKF gate + spread k=20,initial SOC -10 %p,4,CC,0.7986,0.7772,0.8455
EKF gate + spread k=20,initial SOC -10 %p,5,CC,0.6957,1.0716,1.2549
EKF gate + spread k=20,initial SOC -10 %p,6,BOOST,1.0000,0.9857,0.7794
EKF gate + spread k=20,initial SOC -10 %p,7,BOOST,0.9438,0.8797,0.9429
EKF gate + spread k=20,initial SOC -10 %p,8,BOOST,0.8960,1.0074,1.1361
EKF gate + spread k=20,initial SOC -10 %p,9,BOOST,0.8507,0.8296,0.8656
EKF gate + spread k=20,initial SOC -10 %p,10,BOOST,0.7809,1.0637,1.1511
EKF gate + spread k=20,initial SOC -10 %p,11,BOOST,0.6921,0.6074,0.4044
EKF gate + spread k=20,initial SOC -10 %p,12,BOOST_NEGPULSE,1.0000,0.9950,0.6649
EKF gate + spread k=20,initial SOC -10 %p,13,BOOST_NEGPULSE,0.9330,0.6364,0.4824
EKF gate + spread k=20,initial SOC -10 %p,14,BOOST_NEGPULSE,0.8672,0.4913,0.2645
EKF gate + spread k=20,initial SOC -10 %p,15,BOOST_NEGPULSE,0.7944,1.7878,1.8005
EKF gate + spread k=20,initial SOC -10 %p,16,BOOST_NEGPULSE,0.7612,2.7373,2.3897
EKF gate + spread k=20,initial SOC -10 %p,17,BOOST_NEGPULSE,0.6821,1.6218,1.2008
EKF gate + spread k=20,initial SOC -10 %p,18,BOOST_REST,1.0000,0.9671,0.6772
EKF gate + spread k=20,initial SOC -10 %p,19,BOOST_REST,0.9384,0.6811,0.4864
EKF gate + spread k=20,initial SOC -10 %p,20,BOOST_REST,0.8642,0.4851,0.1997
EKF gate + spread k=20,initial SOC -10 %p,21,BOOST_REST,0.7854,2.9704,3.0638
EKF gate + spread k=20,initial SOC -10 %p,22,BOOST_REST,0.7398,4.2947,4.1720
EKF gate + spread k=20,initial SOC -10 %p,23,BOOST_REST,0.6915,4.3201,4.2260
EKF gate + spread k=20,initial SOC -10 %p,24,CC_CELL2,1.0000,0.9575,0.7019
EKF gate + spread k=20,initial SOC -10 %p,25,CC_CELL2,0.9320,0.9607,0.9797
EKF gate + spread k=20,initial SOC -10 %p,26,CC_CELL2,0.8829,1.0268,1.0725
EKF gate + spread k=20,initial SOC -10 %p,27,CC_CELL2,0.8282,1.0103,1.0033
EKF gate + spread k=20,initial SOC -10 %p,28,CC_CELL2,0.7679,0.7388,0.5872
EKF gate + spread k=20,initial SOC -10 %p,29,CC_CELL2,0.6870,3.1257,2.6157
EKF gate + spread k=20,initial SOC -10 %p,30,BOOST_NEGPULSE_1S,0.9909,0.9311,0.6867
EKF gate + spread k=20,initial SOC -10 %p,31,BOOST_NEGPULSE_1S,0.9339,0.6200,0.5099
EKF gate + spread k=20,initial SOC -10 %p,32,BOOST_NEGPULSE_1S,0.8724,0.4487,0.1826
EKF gate + spread k=20,initial SOC -10 %p,33,BOOST_NEGPULSE_1S,0.8251,0.5246,0.1063
EKF gate + spread k=20,initial SOC -10 %p,34,BOOST_NEGPULSE_1S,0.8251,1.8720,2.0626
EKF gate + spread k=20,initial SOC -10 %p,35,BOOST_NEGPULSE_1S,0.6925,2.5959,3.2303
EKF gate + spread k=20,current offset +0.10 A,0,CC,1.0000,7.2779,11.9599
EKF gate + spread k=20,current offset +0.10 A,1,CC,0.9468,7.7674,12.5926
EKF gate + spread k=20,current offset +0.10 A,2,CC,0.9024,7.7023,12.5668
EKF gate + spread k=20,current offset +0.10 A,3,CC,0.8622,7.6118,12.3786
EKF gate + spread k=20,current offset +0.10 A,4,CC,0.7986,7.9834,12.6803
EKF gate + spread k=20,current offset +0.10 A,5,CC,0.6957,7.7097,12.2301
EKF gate + spread k=20,current offset +0.10 A,6,BOOST,1.0000,7.3825,12.0701
EKF gate + spread k=20,current offset +0.10 A,7,BOOST,0.9438,7.6010,12.3606
EKF gate + spread k=20,current offset +0.10 A,8,BOOST,0.8960,7.6589,12.4395
EKF gate + spread k=20,current offset +0.10 A,9,BOOST,0.8507,7.9761,12.7494
EKF gate + spread k=20,current offset +0.10 A,10,BOOST,0.7809,7.8150,12.5587
EKF gate + spread k=20,current offset +0.10 A,11,BOOST,0.6921,7.6730,11.9520
EKF gate + spread k=20,current offset +0.10 A,12,BOOST_NEGPULSE,1.0000,7.1939,11.8003
EKF gate + spread k=20,current offset +0.10 A,13,BOOST_NEGPULSE,0.9330,7.9809,12.8798
EKF gate + spread k=20,current offset +0.10 A,14,BOOST_NEGPULSE,0.8672,8.6774,13.6428
EKF gate + spread k=20,current offset +0.10 A,15,BOOST_NEGPULSE,0.7944,9.4694,14.3078
EKF gate + spread k=20,current offset +0.10 A,16,BOOST_NEGPULSE,0.7612,9.9546,14.2102
EKF gate + spread k=20,current offset +0.10 A,17,BOOST_NEGPULSE,0.6821,8.4360,12.2892
EKF gate + spread k=20,current offset +0.10 A,18,BOOST_REST,1.0000,7.3702,12.1012
EKF gate + spread k=20,current offset +0.10 A,19,BOOST_REST,0.9384,7.8770,12.8006
EKF gate + spread k=20,current offset +0.10 A,20,BOOST_REST,0.8642,8.6147,13.5289
EKF gate + spread k=20,current offset +0.10 A,21,BOOST_REST,0.7854,10.1495,14.3813
EKF gate + spread k=20,current offset +0.10 A,22,BOOST_REST,0.7398,11.2398,15.7099
EKF gate + spread k=20,current offset +0.10 A,23,BOOST_REST,0.6915,9.8346,12.3124
EKF gate + spread k=20,current offset +0.10 A,24,CC_CELL2,1.0000,7.3936,12.0572
EKF gate + spread k=20,current offset +0.10 A,25,CC_CELL2,0.9320,7.6043,12.4168
EKF gate + spread k=20,current offset +0.10 A,26,CC_CELL2,0.8829,7.6536,12.4275
EKF gate + spread k=20,current offset +0.10 A,27,CC_CELL2,0.8282,7.7824,12.5235
EKF gate + spread k=20,current offset +0.10 A,28,CC_CELL2,0.7679,8.0582,12.8903
EKF gate + spread k=20,current offset +0.10 A,29,CC_CELL2,0.6870,9.6963,13.7582
EKF gate + spread k=20,current offset +0.10 A,30,BOOST_NEGPULSE_1S,0.9909,7.5134,12.2571
EKF gate + spread k=20,current offset +0.10 A,31,BOOST_NEGPULSE_1S,0.9339,8.0415,12.9462
EKF gate + spread k=20,current offset +0.10 A,32,BOOST_NEGPULSE_1S,0.8724,8.5509,13.6018
EKF gate + spread k=20,current offset +0.10 A,33,BOOST_NEGPULSE_1S,0.8251,8.5741,13.5885
EKF gate + spread k=20,current offset +0.10 A,34,BOOST_NEGPULSE_1S,0.8251,7.1038,11.7899
EKF gate + spread k=20,current offset +0.10 A,35,BOOST_NEGPULSE_1S,0.6925,6.5300,10.7734
EKF gate + spread k=20,current offset -0.10 A,0,CC,1.0000,7.5936,11.2619
EKF gate + spread k=20,current offset -0.10 A,1,CC,0.9468,8.0174,12.6251
EKF gate + spread k=20,current offset -0.10 A,2,CC,0.9024,8.3321,12.8216
EKF gate + spread k=20,current offset -0.10 A,3,CC,0.8622,8.4810,12.9311
EKF gate + spread k=20,current offset -0.10 A,4,CC,0.7986,6.8843,9.4613
EKF gate + spread k=20,current offset -0.10 A,5,CC,0.6957,7.4172,11.2610
EKF gate + spread k=20,current offset -0.10 A,6,BOOST,1.0000,7.3959,10.9098
EKF gate + spread k=20,current offset -0.10 A,7,BOOST,0.9438,8.4005,13.3149
EKF gate + spread k=20,current offset -0.10 A,8,BOOST,0.8960,8.4946,13.2442
EKF gate + spread k=20,current offset -0.10 A,9,BOOST,0.8507,8.2530,12.6968
EKF gate + spread k=20,current offset -0.10 A,10,BOOST,0.7809,7.2496,9.7495
EKF gate + spread k=20,current offset -0.10 A,11,BOOST,0.6921,6.5324,9.4612
EKF gate + spread k=20,current offset -0.10 A,12,BOOST_NEGPULSE,1.0000,7.7024,11.5280
EKF gate + spread k=20,current offset -0.10 A,13,BOOST_NEGPULSE,0.9330,7.9514,12.5063
EKF gate + spread k=20,current offset -0.10 A,14,BOOST_NEGPULSE,0.8672,7.1770,11.1557
EKF gate + spread k=20,current offset -0.10 A,15,BOOST_NEGPULSE,0.7944,4.5472,5.8449
EKF gate + spread k=20,current offset -0.10 A,16,BOOST_NEGPULSE,0.7612,5.7290,9.0566
EKF gate + spread k=20,current offset -0.10 A,17,BOOST_NEGPULSE,0.6821,6.9096,11.1415
EKF gate + spread k=20,current offset -0.10 A,18,BOOST_REST,1.0000,7.5633,11.3716
EKF gate + spread k=20,current offset -0.10 A,19,BOOST_REST,0.9384,8.1162,12.8139
EKF gate + spread k=20,current offset -0.10 A,20,BOOST_REST,0.8642,7.2171,11.1989
EKF gate + spread k=20,current offset -0.10 A,21,BOOST_REST,0.7854,4.5265,6.5630
EKF gate + spread k=20,current offset -0.10 A,22,BOOST_REST,0.7398,4.4709,6.2076
EKF gate + spread k=20,current offset -0.10 A,23,BOOST_REST,0.6915,5.2855,8.2172
EKF gate + spread k=20,current offset -0.10 A,24,CC_CELL2,1.0000,7.4359,11.1763
EKF gate + spread k=20,current offset -0.10 A,25,CC_CELL2,0.9320,8.4821,13.3551
EKF gate + spread k=20,current offset -0.10 A,26,CC_CELL2,0.8829,8.6652,13.4934
EKF gate + spread k=20,current offset -0.10 A,27,CC_CELL2,0.8282,8.2803,12.5876
EKF gate + spread k=20,current offset -0.10 A,28,CC_CELL2,0.7679,6.9951,9.8266
EKF gate + spread k=20,current offset -0.10 A,29,CC_CELL2,0.6870,5.7920,9.0482
EKF gate + spread k=20,current offset -0.10 A,30,BOOST_NEGPULSE_1S,0.9909,7.5989,11.5769
EKF gate + spread k=20,current offset -0.10 A,31,BOOST_NEGPULSE_1S,0.9339,7.9149,12.5944
EKF gate + spread k=20,current offset -0.10 A,32,BOOST_NEGPULSE_1S,0.8724,7.7844,12.3211
EKF gate + spread k=20,current offset -0.10 A,33,BOOST_NEGPULSE_1S,0.8251,7.6571,12.0535
EKF gate + spread k=20,current offset -0.10 A,34,BOOST_NEGPULSE_1S,0.8251,9.7015,14.9152
EKF gate + spread k=20,current offset -0.10 A,35,BOOST_NEGPULSE_1S,0.6925,9.8108,15.0189
EKF gate + spread k=20,current gain +1 %,0,CC,1.0000,1.1153,1.0222
EKF gate + spread k=20,current gain +1 %,1,CC,0.9468,0.9336,1.1398
EKF gate + spread k=20,current gain +1 %,2,CC,0.9024,1.1394,1.2763
EKF gate + spread k=20,current gain +1 %,3,CC,0.8622,1.2426,1.4044
EKF gate + spread k=20,current gain +1 %,4,CC,0.7986,0.8415,0.7990
EKF gate + spread k=20,current gain +1 %,5,CC,0.6957,1.0635,1.1747
EKF gate + spread k=20,current gain +1 %,6,BOOST,1.0000,0.9323,0.8546
EKF gate + spread k=20,current gain +1 %,7,BOOST,0.9438,1.0327,1.2086
EKF gate + spread k=20,current gain +1 %,8,BOOST,0.8960,1.1641,1.3962
EKF gate + spread k=20,current gain +1 %,9,BOOST,0.8507,0.8505,0.9960
EKF gate + spread k=20,current gain +1 %,10,BOOST,0.7809,0.9935,1.0507
EKF gate + spread k=20,current gain +1 %,11,BOOST,0.6921,0.7360,0.5010
EKF gate + spread k=20,current gain +1 %,12,BOOST_NEGPULSE,1.0000,0.9654,0.6376
EKF gate + spread k=20,current gain +1 %,13,BOOST_NEGPULSE,0.9330,0.6824,0.7203
EKF gate + spread k=20,current gain +1 %,14,BOOST_NEGPULSE,0.8672,0.3087,0.2750
EKF gate + spread k=20,current gain +1 %,15,BOOST_NEGPULSE,0.7944,1.7737,1.7353
EKF gate + spread k=20,current gain +1 %,16,BOOST_NEGPULSE,0.7612,2.9473,2.4861
EKF gate + spread k=20,current gain +1 %,17,BOOST_NEGPULSE,0.6821,1.7047,1.2245
EKF gate + spread k=20,current gain +1 %,18,BOOST_REST,1.0000,0.9380,0.7654
EKF gate + spread k=20,current gain +1 %,19,BOOST_REST,0.9384,0.7649,0.7844
EKF gate + spread k=20,current gain +1 %,20,BOOST_REST,0.8642,0.3805,0.3058
EKF gate + spread k=20,current gain +1 %,21,BOOST_REST,0.7854,2.9935,3.0157
EKF gate + spread k=20,current gain +1 %,22,BOOST_REST,0.7398,4.3982,4.1972
EKF gate + spread k=20,current gain +1 %,23,BOOST_REST,0.6915,4.3334,4.1693
EKF gate + spread k=20,current gain +1 %,24,CC_CELL2,1.0000,0.9063,0.8732
EKF gate + spread k=20,current gain +1 %,25,CC_CELL2,0.9320,1.1540,1.2824
EKF gate + spread k=20,current gain +1 %,26,CC_CELL2,0.8829,1.1578,1.3020
EKF gate + spread k=20,current gain +1 %,27,CC_CELL2,0.8282,0.9954,1.0750
EKF gate + spread k=20,current gain +1 %,28,CC_CELL2,0.7679,0.8186,0.5446
EKF gate + spread k=20,current gain +1 %,29,CC_CELL2,0.6870,3.2170,2.5924
EKF gate + spread k=20,current gain +1 %,30,BOOST_NEGPULSE_1S,0.9909,0.8405,0.7636
EKF gate + spread k=20,current gain +1 %,31,BOOST_NEGPULSE_1S,0.9339,0.6493,0.8179
EKF gate + spread k=20,current gain +1 %,32,BOOST_NEGPULSE_1S,0.8724,0.3800,0.4178
EKF gate + spread k=20,current gain +1 %,33,BOOST_NEGPULSE_1S,0.8251,0.5532,0.2785
EKF gate + spread k=20,current gain +1 %,34,BOOST_NEGPULSE_1S,0.8251,1.8425,2.0606
EKF gate + spread k=20,current gain +1 %,35,BOOST_NEGPULSE_1S,0.6925,2.4922,3.1532
EKF gate + spread k=20,current gain -1 %,0,CC,1.0000,0.7211,0.7145
EKF gate + spread k=20,current gain -1 %,1,CC,0.9468,0.4392,0.5750
EKF gate + spread k=20,current gain -1 %,2,CC,0.9024,0.6512,0.7282
EKF gate + spread k=20,current gain -1 %,3,CC,0.8622,0.7786,0.8830
EKF gate + spread k=20,current gain -1 %,4,CC,0.7986,0.6224,0.4275
EKF gate + spread k=20,current gain -1 %,5,CC,0.6957,0.7920,0.5980
EKF gate + spread k=20,current gain -1 %,6,BOOST,1.0000,0.6347,0.6592
EKF gate + spread k=20,current gain -1 %,7,BOOST,0.9438,0.5387,0.6972
EKF gate + spread k=20,current gain -1 %,8,BOOST,0.8960,0.6677,0.8437
EKF gate + spread k=20,current gain -1 %,9,BOOST,0.8507,0.4200,0.5509
EKF gate + spread k=20,current gain -1 %,10,BOOST,0.7809,0.6094,0.6756
EKF gate + spread k=20,current gain -1 %,11,BOOST,0.6921,0.6136,0.1921
EKF gate + spread k=20,current gain -1 %,12,BOOST_NEGPULSE,1.0000,0.6712,0.7094
EKF gate + spread k=20,current gain -1 %,13,BOOST_NEGPULSE,0.9330,0.2900,0.3037
EKF gate + spread k=20,current gain -1 %,14,BOOST_NEGPULSE,0.8672,0.6085,0.5884
EKF gate + spread k=20,current gain -1 %,15,BOOST_NEGPULSE,0.7944,2.1217,2.0961
EKF gate + spread k=20,current gain -1 %,16,BOOST_NEGPULSE,0.7612,3.2963,2.8353
EKF gate + spread k=20,current gain -1 %,17,BOOST_NEGPULSE,0.6821,1.9870,1.5146
EKF gate + spread k=20,current gain -1 %,18,BOOST_REST,1.0000,0.5613,0.5478
EKF gate + spread k=20,current gain -1 %,19,BOOST_REST,0.9384,0.3191,0.2933
EKF gate + spread k=20,current gain -1 %,20,BOOST_REST,0.8642,0.5758,0.4940
EKF gate + spread k=20,current gain -1 %,21,BOOST_REST,0.7854,3.3762,3.3960
EKF gate + spread k=20,current gain -1 %,22,BOOST_REST,0.7398,4.7475,4.4957
EKF gate + spread k=20,current gain -1 %,23,BOOST_REST,0.6915,4.6816,4.4938
EKF gate + spread k=20,current gain -1 %,24,CC_CELL2,1.0000,0.5057,0.5160
EKF gate + spread k=20,current gain -1 %,25,CC_CELL2,0.9320,0.6659,0.7241
EKF gate + spread k=20,current gain -1 %,26,CC_CELL2,0.8829,0.6940,0.8047
EKF gate + spread k=20,current gain -1 %,27,CC_CELL2,0.8282,0.5670,0.6481
EKF gate + spread k=20,current gain -1 %,28,CC_CELL2,0.7679,0.6604,0.2084
EKF gate + spread k=20,current gain -1 %,29,CC_CELL2,0.6870,3.5364,2.9534
EKF gate + spread k=20,current gain -1 %,30,BOOST_NEGPULSE_1S,0.9909,0.4560,0.5279
EKF gate + spread k=20,current gain -1 %,31,BOOST_NEGPULSE_1S,0.9339,0.2475,0.3319
EKF gate + spread k=20,current gain -1 %,32,BOOST_NEGPULSE_1S,0.8724,0.4023,0.2974
EKF gate + spread k=20,current gain -1 %,33,BOOST_NEGPULSE_1S,0.8251,0.6661,0.3180
EKF gate + spread k=20,current gain -1 %,34,BOOST_NEGPULSE_1S,0.8251,1.3755,1.5460
EKF gate + spread k=20,current gain -1 %,35,BOOST_NEGPULSE_1S,0.6925,2.0869,2.6261
EKF gate + spread k=200,no distortion,0,CC,1.0000,0.7755,0.6903
EKF gate + spread k=200,no distortion,1,CC,0.9468,0.4982,0.5466
EKF gate + spread k=200,no distortion,2,CC,0.9024,0.7731,0.7696
EKF gate + spread k=200,no distortion,3,CC,0.8622,0.7689,0.8191
EKF gate + spread k=200,no distortion,4,CC,0.7986,0.8000,0.7187
EKF gate + spread k=200,no distortion,5,CC,0.6957,1.0707,1.1154
EKF gate + spread k=200,no distortion,6,BOOST,1.0000,0.6696,0.5927
EKF gate + spread k=200,no distortion,7,BOOST,0.9438,0.6268,0.7519
EKF gate + spread k=200,no distortion,8,BOOST,0.8960,0.7754,0.8852
EKF gate + spread k=200,no distortion,9,BOOST,0.8507,0.6477,0.7222
EKF gate + spread k=200,no distortion,10,BOOST,0.7809,1.0499,1.1201
EKF gate + spread k=200,no distortion,11,BOOST,0.6921,0.6554,0.4092
EKF gate + spread k=200,no distortion,12,BOOST_NEGPULSE,1.0000,0.8189,0.9377
EKF gate + spread k=200,no distortion,13,BOOST_NEGPULSE,0.9330,0.3107,0.3154
EKF gate + spread k=200,no distortion,14,BOOST_NEGPULSE,0.8672,0.3934,0.3716
EKF gate + spread k=200,no distortion,15,BOOST_NEGPULSE,0.7944,1.7734,1.7257
EKF gate + spread k=200,no distortion,16,BOOST_NEGPULSE,0.7612,2.6914,2.3620
EKF gate + spread k=200,no distortion,17,BOOST_NEGPULSE,0.6821,1.6772,1.2869
EKF gate + spread k=200,no distortion,18,BOOST_REST,1.0000,0.6779,0.6676
EKF gate + spread k=200,no distortion,19,BOOST_REST,0.9384,0.3701,0.2856
EKF gate + spread k=200,no distortion,20,BOOST_REST,0.8642,0.4011,0.3346
EKF gate + spread k=200,no distortion,21,BOOST_REST,0.7854,3.0441,3.2175
EKF gate + spread k=200,no distortion,22,BOOST_REST,0.7398,4.2323,4.1910
EKF gate + spread k=200,no distortion,23,BOOST_REST,0.6915,4.2577,4.2320
EKF gate + spread k=200,no distortion,24,CC_CELL2,1.0000,0.5865,0.5646
EKF gate + spread k=200,no distortion,25,CC_CELL2,0.9320,0.7560,0.7340
EKF gate + spread k=200,no distortion,26,CC_CELL2,0.8829,0.8300,0.8945
EKF gate + spread k=200,no distortion,27,CC_CELL2,0.8282,0.8886,0.9652
EKF gate + spread k=200,no distortion,28,CC_CELL2,0.7679,0.7709,0.5915
EKF gate + spread k=200,no distortion,29,CC_CELL2,0.6870,3.1061,2.7236
EKF gate + spread k=200,no distortion,30,BOOST_NEGPULSE_1S,0.9909,0.5179,0.5686
EKF gate + spread k=200,no distortion,31,BOOST_NEGPULSE_1S,0.9339,0.1960,0.2422
EKF gate + spread k=200,no distortion,32,BOOST_NEGPULSE_1S,0.8724,0.2410,0.0876
EKF gate + spread k=200,no distortion,33,BOOST_NEGPULSE_1S,0.8251,0.4974,0.0547
EKF gate + spread k=200,no distortion,34,BOOST_NEGPULSE_1S,0.8251,1.7340,1.9150
EKF gate + spread k=200,no distortion,35,BOOST_NEGPULSE_1S,0.6925,2.2623,2.8112
EKF gate + spread k=200,initial SOC +10 %p,0,CC,1.0000,2.5286,1.3026
EKF gate + spread k=200,initial SOC +10 %p,1,CC,0.9468,0.6392,0.5622
EKF gate + spread k=200,initial SOC +10 %p,2,CC,0.9024,0.9457,0.7669
EKF gate + spread k=200,initial SOC +10 %p,3,CC,0.8622,1.1900,1.0255
EKF gate + spread k=200,initial SOC +10 %p,4,CC,0.7986,1.5068,0.2218
EKF gate + spread k=200,initial SOC +10 %p,5,CC,0.6957,1.6012,0.9898
EKF gate + spread k=200,initial SOC +10 %p,6,BOOST,1.0000,2.7961,1.3063
EKF gate + spread k=200,initial SOC +10 %p,7,BOOST,0.9438,0.7515,0.7665
EKF gate + spread k=200,initial SOC +10 %p,8,BOOST,0.8960,1.0059,0.8899
EKF gate + spread k=200,initial SOC +10 %p,9,BOOST,0.8507,1.1442,0.6512
EKF gate + spread k=200,initial SOC +10 %p,10,BOOST,0.7809,1.4792,0.7799
EKF gate + spread k=200,initial SOC +10 %p,11,BOOST,0.6921,1.6087,0.1682
EKF gate + spread k=200,initial SOC +10 %p,12,BOOST_NEGPULSE,1.0000,1.6373,1.0794
EKF gate + spread k=200,initial SOC +10 %p,13,BOOST_NEGPULSE,0.9330,0.6019,0.3250
EKF gate + spread k=200,initial SOC +10 %p,14,BOOST_NEGPULSE,0.8672,1.2059,0.4528
EKF gate + spread k=200,initial SOC +10 %p,15,BOOST_NEGPULSE,0.7944,2.4472,1.9532
EKF gate + spread k=200,initial SOC +10 %p,16,BOOST_NEGPULSE,0.7612,3.4240,2.7292
EKF gate + spread k=200,initial SOC +10 %p,17,BOOST_NEGPULSE,0.6821,2.2430,1.4095
EKF gate + spread k=200,initial SOC +10 %p,18,BOOST_REST,1.0000,1.8339,1.0578
EKF gate + spread k=200,initial SOC +10 %p,19,BOOST_REST,0.9384,0.5310,0.3020
EKF gate + spread k=200,initial SOC +10 %p,20,BOOST_REST,0.8642,1.2517,0.4244
EKF gate + spread k=200,initial SOC +10 %p,21,BOOST_REST,0.7854,3.5869,3.4055
EKF gate + spread k=200,initial SOC +10 %p,22,BOOST_REST,0.7398,4.7411,4.3962
EKF gate + spread k=200,initial SOC +10 %p,23,BOOST_REST,0.6915,4.6113,4.3273
EKF gate + spread k=200,initial SOC +10 %p,24,CC_CELL2,1.0000,2.0236,0.9909
EKF gate + spread k=200,initial SOC +10 %p,25,CC_CELL2,0.9320,0.8300,0.7466
EKF gate + spread k=200,initial SOC +10 %p,26,CC_CELL2,0.8829,1.0158,0.9135
EKF gate + spread k=200,initial SOC +10 %p,27,CC_CELL2,0.8282,1.2201,0.8367
EKF gate + spread k=200,initial SOC +10 %p,28,CC_CELL2,0.7679,1.5361,0.2469
EKF gate + spread k=200,initial SOC +10 %p,29,CC_CELL2,0.6870,3.9865,3.3173
EKF gate + spread k=200,initial SOC +10 %p,30,BOOST_NEGPULSE_1S,0.9909,1.2434,0.7551
EKF gate + spread k=200,initial SOC +10 %p,31,BOOST_NEGPULSE_1S,0.9339,0.5415,0.2594
EKF gate + spread k=200,initial SOC +10 %p,32,BOOST_NEGPULSE_1S,0.8724,1.0285,0.1294
EKF gate + spread k=200,initial SOC +10 %p,33,BOOST_NEGPULSE_1S,0.8251,1.3661,0.1961
EKF gate + spread k=200,initial SOC +10 %p,34,BOOST_NEGPULSE_1S,0.8251,1.9294,1.7653
EKF gate + spread k=200,initial SOC +10 %p,35,BOOST_NEGPULSE_1S,0.6925,2.2038,2.3101
EKF gate + spread k=200,initial SOC -10 %p,0,CC,1.0000,1.2071,0.1627
EKF gate + spread k=200,initial SOC -10 %p,1,CC,0.9468,0.7340,0.1464
EKF gate + spread k=200,initial SOC -10 %p,2,CC,0.9024,0.8066,0.7477
EKF gate + spread k=200,initial SOC -10 %p,3,CC,0.8622,1.1024,1.1008
EKF gate + spread k=200,initial SOC -10 %p,4,CC,0.7986,0.9152,0.8427
EKF gate + spread k=200,initial SOC -10 %p,5,CC,0.6957,1.3267,1.4475
EKF gate + spread k=200,initial SOC -10 %p,6,BOOST,1.0000,1.2994,0.2622
EKF gate + spread k=200,initial SOC -10 %p,7,BOOST,0.9438,0.7057,0.4679
EKF gate + spread k=200,initial SOC -10 %p,8,BOOST,0.8960,0.8480,0.8943
EKF gate + spread k=200,initial SOC -10 %p,9,BOOST,0.8507,0.8177,0.7905
EKF gate + spread k=200,initial SOC -10 %p,10,BOOST,0.7809,1.2591,1.2378
EKF gate + spread k=200,initial SOC -10 %p,11,BOOST,0.6921,1.3500,1.2953
EKF gate + spread k=200,initial SOC -10 %p,12,BOOST_NEGPULSE,1.0000,1.1212,0.2481
EKF gate + spread k=200,initial SOC -10 %p,13,BOOST_NEGPULSE,0.9330,0.7103,0.0818
EKF gate + spread k=200,initial SOC -10 %p,14,BOOST_NEGPULSE,0.8672,0.5127,0.3425
EKF gate + spread k=200,initial SOC -10 %p,15,BOOST_NEGPULSE,0.7944,1.4590,1.5649
EKF gate + spread k=200,initial SOC -10 %p,16,BOOST_NEGPULSE,0.7612,2.0139,1.9565
EKF gate + spread k=200,initial SOC -10 %p,17,BOOST_NEGPULSE,0.6821,0.9207,0.5517
EKF gate + spread k=200,initial SOC -10 %p,18,BOOST_REST,1.0000,1.2253,0.4262
EKF gate + spread k=200,initial SOC -10 %p,19,BOOST_REST,0.9384,0.8026,0.0457
EKF gate + spread k=200,initial SOC -10 %p,20,BOOST_REST,0.8642,0.4852,0.3004
EKF gate + spread k=200,initial SOC -10 %p,21,BOOST_REST,0.7854,2.3562,2.6679
EKF gate + spread k=200,initial SOC -10 %p,22,BOOST_REST,0.7398,3.2767,3.4803
EKF gate + spread k=200,initial SOC -10 %p,23,BOOST_REST,0.6915,2.7533,2.8778
EKF gate + spread k=200,initial SOC -10 %p,24,CC_CELL2,1.0000,1.3360,0.2366
EKF gate + spread k=200,initial SOC -10 %p,25,CC_CELL2,0.9320,0.7024,0.4710
EKF gate + spread k=200,initial SOC -10 %p,26,CC_CELL2,0.8829,0.9266,0.9416
EKF gate + spread k=200,initial SOC -10 %p,27,CC_CELL2,0.8282,1.1180,1.0551
EKF gate + spread k=200,initial SOC -10 %p,28,CC_CELL2,0.7679,0.7767,0.7051
EKF gate + spread k=200,initial SOC -10 %p,29,CC_CELL2,0.6870,1.8406,1.7439
EKF gate + spread k=200,initial SOC -10 %p,30,BOOST_NEGPULSE_1S,0.9909,1.2801,0.3285
EKF gate + spread k=200,initial SOC -10 %p,31,BOOST_NEGPULSE_1S,0.9339,0.7971,0.0527
EKF gate + spread k=200,initial SOC -10 %p,32,BOOST_NEGPULSE_1S,0.8724,0.4656,0.0684
EKF gate + spread k=200,initial SOC -10 %p,33,BOOST_NEGPULSE_1S,0.8251,0.3907,0.0282
EKF gate + spread k=200,initial SOC -10 %p,34,BOOST_NEGPULSE_1S,0.8251,1.9139,2.0983
EKF gate + spread k=200,initial SOC -10 %p,35,BOOST_NEGPULSE_1S,0.6925,3.1973,3.6837
EKF gate + spread k=200,current offset +0.10 A,0,CC,1.0000,7.7061,12.6878
EKF gate + spread k=200,current offset +0.10 A,1,CC,0.9468,9.1551,14.4111
EKF gate + spread k=200,current offset +0.10 A,2,CC,0.9024,7.8344,12.8329
EKF gate + spread k=200,current offset +0.10 A,3,CC,0.8622,9.9741,15.4249
EKF gate + spread k=200,current offset +0.10 A,4,CC,0.7986,7.7032,12.5626
EKF gate + spread k=200,current offset +0.10 A,5,CC,0.6957,7.8758,12.4738
EKF gate + spread k=200,current offset +0.10 A,6,BOOST,1.0000,7.8146,12.7939
EKF gate + spread k=200,current offset +0.10 A,7,BOOST,0.9438,9.0601,14.2760
EKF gate + spread k=200,current offset +0.10 A,8,BOOST,0.8960,9.1524,14.3962
EKF gate + spread k=200,current offset +0.10 A,9,BOOST,0.8507,9.1429,14.3751
EKF gate + spread k=200,current offset +0.10 A,10,BOOST,0.7809,7.4730,12.2916
EKF gate + spread k=200,current offset +0.10 A,11,BOOST,0.6921,7.6390,12.3115
EKF gate + spread k=200,current offset +0.10 A,12,BOOST_NEGPULSE,1.0000,7.5237,12.3554
EKF gate + spread k=200,current offset +0.10 A,13,BOOST_NEGPULSE,0.9330,9.5107,14.8623
EKF gate + spread k=200,current offset +0.10 A,14,BOOST_NEGPULSE,0.8672,8.5279,13.6725
EKF gate + spread k=200,current offset +0.10 A,15,BOOST_NEGPULSE,0.7944,9.4634,14.7651
EKF gate + spread k=200,current offset +0.10 A,16,BOOST_NEGPULSE,0.7612,9.6478,14.1733
EKF gate + spread k=200,current offset +0.10 A,17,BOOST_NEGPULSE,0.6821,8.5231,12.3733
EKF gate + spread k=200,current offset +0.10 A,18,BOOST_REST,1.0000,7.7045,12.6558
EKF gate + spread k=200,current offset +0.10 A,19,BOOST_REST,0.9384,9.4435,14.8517
EKF gate + spread k=200,current offset +0.10 A,20,BOOST_REST,0.8642,8.4843,13.6234
EKF gate + spread k=200,current offset +0.10 A,21,BOOST_REST,0.7854,9.8807,14.3659
EKF gate + spread k=200,current offset +0.10 A,22,BOOST_REST,0.7398,10.9423,15.7495
EKF gate + spread k=200,current offset +0.10 A,23,BOOST_REST,0.6915,9.8225,12.3388
EKF gate + spread k=200,current offset +0.10 A,24,CC_CELL2,1.0000,7.8054,12.7767
EKF gate + spread k=200,current offset +0.10 A,25,CC_CELL2,0.9320,7.9315,12.9411
EKF gate + spread k=200,current offset +0.10 A,26,CC_CELL2,0.8829,9.0886,14.3395
EKF gate + spread k=200,current offset +0.10 A,27,CC_CELL2,0.8282,8.6315,13.7647
EKF gate + spread k=200,current offset +0.10 A,28,CC_CELL2,0.7679,7.7729,12.6551
EKF gate + spread k=200,current offset +0.10 A,29,CC_CELL2,0.6870,9.7191,13.7833
EKF gate + spread k=200,current offset +0.10 A,30,BOOST_NEGPULSE_1S,0.9909,9.1273,14.3872
EKF gate + spread k=200,current offset +0.10 A,31,BOOST_NEGPULSE_1S,0.9339,10.1706,15.6256
EKF gate + spread k=200,current offset +0.10 A,32,BOOST_NEGPULSE_1S,0.8724,8.3975,13.4947
EKF gate + spread k=200,current offset +0.10 A,33,BOOST_NEGPULSE_1S,0.8251,8.2891,13.3139
EKF gate + spread k=200,current offset +0.10 A,34,BOOST_NEGPULSE_1S,0.8251,7.0675,11.7543
EKF gate + spread k=200,current offset +0.10 A,35,BOOST_NEGPULSE_1S,0.6925,6.1100,10.2588
EKF gate + spread k=200,current offset -0.10 A,0,CC,1.0000,8.0993,11.6494
EKF gate + spread k=200,current offset -0.10 A,1,CC,0.9468,10.1157,15.0689
EKF gate + spread k=200,current offset -0.10 A,2,CC,0.9024,10.4941,15.9896
EKF gate + spread k=200,current offset -0.10 A,3,CC,0.8622,9.9390,15.3612
EKF gate + spread k=200,current offset -0.10 A,4,CC,0.7986,8.6360,13.7872
EKF gate + spread k=200,current offset -0.10 A,5,CC,0.6957,8.4354,13.3000
EKF gate + spread k=200,current offset -0.10 A,6,BOOST,1.0000,7.7147,10.9930
EKF gate + spread k=200,current offset -0.10 A,7,BOOST,0.9438,10.2179,15.0772
EKF gate + spread k=200,current offset -0.10 A,8,BOOST,0.8960,10.4122,15.9730
EKF gate + spread k=200,current offset -0.10 A,9,BOOST,0.8507,9.3422,14.6839
EKF gate + spread k=200,current offset -0.10 A,10,BOOST,0.7809,9.0198,14.2817
EKF gate + spread k=200,current offset -0.10 A,11,BOOST,0.6921,8.3991,13.4411
EKF gate + spread k=200,current offset -0.10 A,12,BOOST_NEGPULSE,1.0000,8.4435,12.0591
EKF gate + spread k=200,current offset -0.10 A,13,BOOST_NEGPULSE,0.9330,10.3546,15.8647
EKF gate + spread k=200,current offset -0.10 A,14,BOOST_NEGPULSE,0.8672,8.1771,13.2169
EKF gate + spread k=200,current offset -0.10 A,15,BOOST_NEGPULSE,0.7944,6.6636,11.1535
EKF gate + spread k=200,current offset -0.10 A,16,BOOST_NEGPULSE,0.7612,6.1335,10.3033
EKF gate + spread k=200,current offset -0.10 A,17,BOOST_NEGPULSE,0.6821,7.1673,11.8625
EKF gate + spread k=200,current offset -0.10 A,18,BOOST_REST,1.0000,8.3448,12.0178
EKF gate + spread k=200,current offset -0.10 A,19,BOOST_REST,0.9384,10.2173,15.3285
EKF gate + spread k=200,current offset -0.10 A,20,BOOST_REST,0.8642,8.1556,13.1790
EKF gate + spread k=200,current offset -0.10 A,21,BOOST_REST,0.7854,5.6755,9.5124
EKF gate + spread k=200,current offset -0.10 A,22,BOOST_REST,0.7398,5.1152,8.3029
EKF gate + spread k=200,current offset -0.10 A,23,BOOST_REST,0.6915,5.2776,8.6920
EKF gate + spread k=200,current offset -0.10 A,24,CC_CELL2,1.0000,8.1996,11.7542
EKF gate + spread k=200,current offset -0.10 A,25,CC_CELL2,0.9320,9.5077,14.8244
EKF gate + spread k=200,current offset -0.10 A,26,CC_CELL2,0.8829,10.4964,16.0484
EKF gate + spread k=200,current offset -0.10 A,27,CC_CELL2,0.8282,9.3803,14.7165
EKF gate + spread k=200,current offset -0.10 A,28,CC_CELL2,0.7679,8.4934,13.6225
EKF gate + spread k=200,current offset -0.10 A,29,CC_CELL2,0.6870,6.0751,10.0508
EKF gate + spread k=200,current offset -0.10 A,30,BOOST_NEGPULSE_1S,0.9909,9.0037,12.4866
EKF gate + spread k=200,current offset -0.10 A,31,BOOST_NEGPULSE_1S,0.9339,9.7895,15.2177
EKF gate + spread k=200,current offset -0.10 A,32,BOOST_NEGPULSE_1S,0.8724,8.3654,13.4735
EKF gate + spread k=200,current offset -0.10 A,33,BOOST_NEGPULSE_1S,0.8251,8.1154,13.1710
EKF gate + spread k=200,current offset -0.10 A,34,BOOST_NEGPULSE_1S,0.8251,9.7940,15.2426
EKF gate + spread k=200,current offset -0.10 A,35,BOOST_NEGPULSE_1S,0.6925,10.4365,16.2098
EKF gate + spread k=200,current gain +1 %,0,CC,1.0000,1.0663,1.0442
EKF gate + spread k=200,current gain +1 %,1,CC,0.9468,0.7887,0.8847
EKF gate + spread k=200,current gain +1 %,2,CC,0.9024,1.0386,1.0761
EKF gate + spread k=200,current gain +1 %,3,CC,0.8622,1.0198,1.1009
EKF gate + spread k=200,current gain +1 %,4,CC,0.7986,0.9975,0.9386
EKF gate + spread k=200,current gain +1 %,5,CC,0.6957,1.2587,1.4092
EKF gate + spread k=200,current gain +1 %,6,BOOST,1.0000,0.9456,0.9357
EKF gate + spread k=200,current gain +1 %,7,BOOST,0.9438,0.9172,1.0773
EKF gate + spread k=200,current gain +1 %,8,BOOST,0.8960,1.0394,1.1768
EKF gate + spread k=200,current gain +1 %,9,BOOST,0.8507,0.8936,0.9887
EKF gate + spread k=200,current gain +1 %,10,BOOST,0.7809,1.2692,1.3153
EKF gate + spread k=200,current gain +1 %,11,BOOST,0.6921,0.7703,0.6325
EKF gate + spread k=200,current gain +1 %,12,BOOST_NEGPULSE,1.0000,1.1086,1.2604
EKF gate + spread k=200,current gain +1 %,13,BOOST_NEGPULSE,0.9330,0.5958,0.6451
EKF gate + spread k=200,current gain +1 %,14,BOOST_NEGPULSE,0.8672,0.2950,0.2390
EKF gate + spread k=200,current gain +1 %,15,BOOST_NEGPULSE,0.7944,1.6012,1.5312
EKF gate + spread k=200,current gain +1 %,16,BOOST_NEGPULSE,0.7612,2.5200,2.1894
EKF gate + spread k=200,current gain +1 %,17,BOOST_NEGPULSE,0.6821,1.5413,1.1525
EKF gate + spread k=200,current gain +1 %,18,BOOST_REST,1.0000,0.9728,1.0150
EKF gate + spread k=200,current gain +1 %,19,BOOST_REST,0.9384,0.6563,0.6305
EKF gate + spread k=200,current gain +1 %,20,BOOST_REST,0.8642,0.3591,0.2697
EKF gate + spread k=200,current gain +1 %,21,BOOST_REST,0.7854,2.8563,3.0337
EKF gate + spread k=200,current gain +1 %,22,BOOST_REST,0.7398,4.0509,4.0255
EKF gate + spread k=200,current gain +1 %,23,BOOST_REST,0.6915,4.0833,4.0746
EKF gate + spread k=200,current gain +1 %,24,CC_CELL2,1.0000,0.8844,0.9264
EKF gate + spread k=200,current gain +1 %,25,CC_CELL2,0.9320,1.0280,1.0588
EKF gate + spread k=200,current gain +1 %,26,CC_CELL2,0.8829,1.0846,1.1798
EKF gate + spread k=200,current gain +1 %,27,CC_CELL2,0.8282,1.1249,1.2159
EKF gate + spread k=200,current gain +1 %,28,CC_CELL2,0.7679,0.9450,0.7937
EKF gate + spread k=200,current gain +1 %,29,CC_CELL2,0.6870,2.9413,2.5455
EKF gate + spread k=200,current gain +1 %,30,BOOST_NEGPULSE_1S,0.9909,0.8188,0.9130
EKF gate + spread k=200,current gain +1 %,31,BOOST_NEGPULSE_1S,0.9339,0.5054,0.5814
EKF gate + spread k=200,current gain +1 %,32,BOOST_NEGPULSE_1S,0.8724,0.3409,0.2737
EKF gate + spread k=200,current gain +1 %,33,BOOST_NEGPULSE_1S,0.8251,0.5408,0.2614
EKF gate + spread k=200,current gain +1 %,34,BOOST_NEGPULSE_1S,0.8251,1.9761,2.1796
EKF gate + spread k=200,current gain +1 %,35,BOOST_NEGPULSE_1S,0.6925,2.4709,3.0829
EKF gate + spread k=200,current gain -1 %,0,CC,1.0000,0.5657,0.4325
EKF gate + spread k=200,current gain -1 %,1,CC,0.9468,0.3307,0.3441
EKF gate + spread k=200,current gain -1 %,2,CC,0.9024,0.5676,0.5392
EKF gate + spread k=200,current gain -1 %,3,CC,0.8622,0.5684,0.6054
EKF gate + spread k=200,current gain -1 %,4,CC,0.7986,0.6684,0.5460
EKF gate + spread k=200,current gain -1 %,5,CC,0.6957,0.9290,0.8404
EKF gate + spread k=200,current gain -1 %,6,BOOST,1.0000,0.4968,0.3590
EKF gate + spread k=200,current gain -1 %,7,BOOST,0.9438,0.4194,0.5147
EKF gate + spread k=200,current gain -1 %,8,BOOST,0.8960,0.5687,0.6628
EKF gate + spread k=200,current gain -1 %,9,BOOST,0.8507,0.4629,0.5379
EKF gate + spread k=200,current gain -1 %,10,BOOST,0.7809,0.8624,0.9482
EKF gate + spread k=200,current gain -1 %,11,BOOST,0.6921,0.6316,0.2016
EKF gate + spread k=200,current gain -1 %,12,BOOST_NEGPULSE,1.0000,0.5946,0.6730
EKF gate + spread k=200,current gain -1 %,13,BOOST_NEGPULSE,0.9330,0.2487,0.2490
EKF gate + spread k=200,current gain -1 %,14,BOOST_NEGPULSE,0.8672,0.6331,0.6643
EKF gate + spread k=200,current gain -1 %,15,BOOST_NEGPULSE,0.7944,1.9689,1.9460
EKF gate + spread k=200,current gain -1 %,16,BOOST_NEGPULSE,0.7612,2.8774,2.5450
EKF gate + spread k=200,current gain -1 %,17,BOOST_NEGPULSE,0.6821,1.8362,1.4416
EKF gate + spread k=200,current gain -1 %,18,BOOST_REST,1.0000,0.4679,0.4077
EKF gate + spread k=200,current gain -1 %,19,BOOST_REST,0.9384,0.2611,0.2178
EKF gate + spread k=200,current gain -1 %,20,BOOST_REST,0.8642,0.6093,0.6081
EKF gate + spread k=200,current gain -1 %,21,BOOST_REST,0.7854,3.2442,3.4127
EKF gate + spread k=200,current gain -1 %,22,BOOST_REST,0.7398,4.4217,4.3627
EKF gate + spread k=200,current gain -1 %,23,BOOST_REST,0.6915,4.4394,4.3964
EKF gate + spread k=200,current gain -1 %,24,CC_CELL2,1.0000,0.4008,0.3248
EKF gate + spread k=200,current gain -1 %,25,CC_CELL2,0.9320,0.5596,0.4963
EKF gate + spread k=200,current gain -1 %,26,CC_CELL2,0.8829,0.6279,0.6750
EKF gate + spread k=200,current gain -1 %,27,CC_CELL2,0.8282,0.6918,0.7646
EKF gate + spread k=200,current gain -1 %,28,CC_CELL2,0.7679,0.6665,0.4283
EKF gate + spread k=200,current gain -1 %,29,CC_CELL2,0.6870,3.2837,2.9161
EKF gate + spread k=200,current gain -1 %,30,BOOST_NEGPULSE_1S,0.9909,0.3317,0.3454
EKF gate + spread k=200,current gain -1 %,31,BOOST_NEGPULSE_1S,0.9339,0.2195,0.2519
EKF gate + spread k=200,current gain -1 %,32,BOOST_NEGPULSE_1S,0.8724,0.4343,0.4085
EKF gate + spread k=200,current gain -1 %,33,BOOST_NEGPULSE_1S,0.8251,0.6113,0.3273
EKF gate + spread k=200,current gain -1 %,34,BOOST_NEGPULSE_1S,0.8251,1.5094,1.6688
EKF gate + spread k=200,current gain -1 %,35,BOOST_NEGPULSE_1S,0.6925,2.0655,2.5493
