cmd,sample,cycles,us,soh
SOH,0,1959,7.8360,0.997061
SOH,1,1624,6.4960,0.989194
SOH,2,1624,6.4960,0.994653
SOH,3,1624,6.4960,0.982687
SOH,4,1624,6.4960,0.984227
SOH,5,1624,6.4960,0.976697
SOH,6,1624,6.4960,0.963937
SOH,7,1624,6.4960,0.959067
SOH,8,1624,6.4960,0.952612
SOH,9,1624,6.4960,0.944823
SOH,10,1624,6.4960,0.943099
SOH,11,1624,6.4960,0.930409
SOH,12,1624,6.4960,0.925782
SOH,13,1624,6.4960,0.921524
SOH,14,1624,6.4960,0.916468
SOH,15,1624,6.4960,0.913950
SOH,16,1624,6.4960,0.909323
SOH,17,1624,6.4960,0.903762
SOH,18,1624,6.4960,0.901334
SOH,19,1624,6.4960,0.900664
SOH,20,1624,6.4960,0.896834
SOH,21,1624,6.4960,0.889195
SOH,22,1624,6.4960,0.889988
SOH,23,1624,6.4960,0.879197
SOH,24,1624,6.4960,0.890504
SOH,25,1624,6.4960,0.884404
SOH,26,1624,6.4960,0.871322
SOH,27,1624,6.4960,0.864580
SOH,28,1624,6.4960,0.863322
SOH,29,1624,6.4960,0.855603
SOH,30,1624,6.4960,0.850374
SOH,31,1624,6.4960,0.844683
SOH,32,1624,6.4960,0.837770
SOH,33,1624,6.4960,0.831560
SOH,34,1624,6.4960,0.827106
SOH,35,1624,6.4960,0.822472
SOH,36,1624,6.4960,0.811288
SOH,37,1624,6.4960,0.801476
SOH,38,1624,6.4960,0.791339
SOH,39,1624,6.4960,0.772749
SOH,40,1624,6.4960,0.764949
SOH,41,1624,6.4960,0.778583
SOH,42,1624,6.4960,0.769502
SOH,43,1624,6.4960,0.741850
SOH,44,1624,6.4960,0.733075
SOH,45,1624,6.4960,0.715905
SOH,46,1624,6.4960,0.718245
SOH,47,1624,6.4960,0.707174
SOH,48,1624,6.4960,0.698713
SOH,49,1624,6.4960,0.690685
SOH,50,1624,6.4960,0.996684
SOH,51,1624,6.4960,0.993320
SOH,52,1624,6.4960,0.993469
SOH,53,1624,6.4960,0.984896
SOH,54,1624,6.4960,0.979072
SOH,55,1624,6.4960,0.975835
SOH,56,1624,6.4960,0.965970
SOH,57,1624,6.4960,0.965568
SOH,58,1624,6.4960,0.956883
SOH,59,1624,6.4960,0.947178
SOH,60,1624,6.4960,0.950672
SOH,61,1624,6.4960,0.944249
SOH,62,1624,6.4960,0.933451
SOH,63,1624,6.4960,0.921399
SOH,64,1624,6.4960,0.925811
SOH,65,1624,6.4960,0.913705
SOH,66,1624,6.4960,0.916301
SOH,67,1624,6.4960,0.906082
SOH,68,1624,6.4960,0.904024
SOH,69,1624,6.4960,0.895886
SOH,70,1624,6.4960,0.894024
SOH,71,1624,6.4960,0.880388
SOH,72,1624,6.4960,0.884052
SOH,73,1624,6.4960,0.882590
SOH,74,1624,6.4960,0.887887
SOH,75,1624,6.4960,0.888659
SOH,76,1624,6.4960,0.866165
SOH,77,1624,6.4960,0.865449
SOH,78,1624,6.4960,0.857694
SOH,79,1624,6.4960,0.854670
SOH,80,1624,6.4960,0.845016
SOH,81,1624,6.4960,0.846119
SOH,82,1624,6.4960,0.841181
SOH,83,1624,6.4960,0.828748
SOH,84,1624,6.4960,0.822951
SOH,85,1624,6.4960,0.823629
SOH,86,1624,6.4960,0.811146
SOH,87,1624,6.4960,0.805118
SOH,88,1624,6.4960,0.787851
SOH,89,1624,6.4960,0.780481
SOH,90,1624,6.4960,0.772794
SOH,91,1624,6.4960,0.770809
SOH,92,1624,6.4960,0.766244
SOH,93,1624,6.4960,0.766640
SOH,94,1624,6.4960,0.743198
SOH,95,1624,6.4960,0.738683
SOH,96,1624,6.4960,0.720613
SOH,97,1624,6.4960,0.722210
SOH,98,1624,6.4960,0.705768
SOH,99,1624,6.4960,0.695495
SOH,100,1624,6.4960,0.674612
SOH,101,1624,6.4960,1.003260
SOH,102,1624,6.4960,0.982777
SOH,103,1624,6.4960,0.979885
SOH,104,1624,6.4960,0.968586
SOH,105,1624,6.4960,0.960605
SOH,106,1624,6.4960,0.949419
SOH,107,1624,6.4960,0.955830
SOH,108,1624,6.4960,0.933183
SOH,109,1624,6.4960,0.920526
SOH,110,1624,6.4960,0.922118
SOH,111,1624,6.4960,0.912076
SOH,112,1624,6.4960,0.901072
SOH,113,1624,6.4960,0.895298
SOH,114,1624,6.4960,0.879593
SOH,115,1624,6.4960,0.878502
SOH,116,1624,6.4960,0.872938
SOH,117,1624,6.4960,0.859538
SOH,118,1624,6.4960,0.851152
SOH,119,1624,6.4960,0.826514
SOH,120,1624,6.4960,0.814094
SOH,121,1624,6.4960,0.805924
SOH,122,1624,6.4960,0.785127
SOH,123,1624,6.4960,0.780523
SOH,124,1624,6.4960,0.771616
SOH,125,1624,6.4960,0.775116
SOH,126,1624,6.4960,0.758657
SOH,127,1624,6.4960,0.749761
SOH,128,1624,6.4960,0.740224
SOH,129,1624,6.4960,0.749958
SOH,130,1624,6.4960,0.728574
SOH,131,1624,6.4960,0.728904
SOH,132,1624,6.4960,0.723964
SOH,133,1624,6.4960,0.728131
SOH,134,1624,6.4960,0.710910
SOH,135,1624,6.4960,0.700397
SOH,136,1624,6.4960,0.694091
SOH,137,1624,6.4960,0.688823
SOH,138,1624,6.4960,0.989745
SOH,139,1624,6.4960,0.978002
SOH,140,1624,6.4960,0.982398
SOH,141,1624,6.4960,0.973858
SOH,142,1624,6.4960,0.968412
SOH,143,1624,6.4960,0.953071
SOH,144,1624,6.4960,0.947268
SOH,145,1624,6.4960,0.948125
SOH,146,1624,6.4960,0.941953
SOH,147,1624,6.4960,0.931932
SOH,148,1624,6.4960,0.931462
SOH,149,1624,6.4960,0.924230
SOH,150,1624,6.4960,0.917044
SOH,151,1624,6.4960,0.910686
SOH,152,1624,6.4960,0.904838
SOH,153,1624,6.4960,0.904906
SOH,154,1624,6.4960,0.892424
SOH,155,1624,6.4960,0.893069
SOH,156,1624,6.4960,0.883986
SOH,157,1624,6.4960,0.884072
SOH,158,1624,6.4960,0.866468
SOH,159,1624,6.4960,0.856902
SOH,160,1624,6.4960,0.859953
SOH,161,1624,6.4960,0.852790
SOH,162,1624,6.4960,0.848265
SOH,163,1624,6.4960,0.839079
SOH,164,1624,6.4960,0.825199
SOH,165,1624,6.4960,0.805183
SOH,166,1624,6.4960,0.803033
SOH,167,1624,6.4960,0.790025
SOH,168,1624,6.4960,0.815735
SOH,169,1624,6.4960,0.811913
SOH,170,1624,6.4960,0.803965
SOH,171,1624,6.4960,0.789739
SOH,172,1624,6.4960,0.793496
SOH,173,1624,6.4960,0.778904
SOH,174,1624,6.4960,0.776114
SOH,175,1624,6.4960,0.765432
SOH,176,1624,6.4960,0.760857
SOH,177,1624,6.4960,0.753294
SOH,178,1624,6.4960,0.738500
SOH,179,1624,6.4960,0.725886
SOH,180,1624,6.4960,0.732538
SOH,181,1624,6.4960,0.719928
SOH,182,1624,6.4960,0.710731
SOH,183,1624,6.4960,0.689553
SOH,184,1624,6.4960,0.680581
SOH,185,1624,6.4960,0.996308
SOH,186,1624,6.4960,0.983915
SOH,187,1624,6.4960,0.977814
SOH,188,1624,6.4960,0.966198
SOH,189,1624,6.4960,0.954658
SOH,190,1624,6.4960,0.955794
SOH,191,1624,6.4960,0.950657
SOH,192,1624,6.4960,0.935948
SOH,193,1624,6.4960,0.942254
SOH,194,1624,6.4960,0.939576
SOH,195,1624,6.4960,0.934406
SOH,196,1624,6.4960,0.924361
SOH,197,1624,6.4960,0.923847
SOH,198,1624,6.4960,0.924145
SOH,199,1624,6.4960,0.915438
SOH,200,1624,6.4960,0.910091
SOH,201,1624,6.4960,0.901527
SOH,202,1624,6.4960,0.897006
SOH,203,1624,6.4960,0.876738
SOH,204,1624,6.4960,0.876978
SOH,205,1624,6.4960,0.866828
SOH,206,1624,6.4960,0.872293
SOH,207,1624,6.4960,0.857922
SOH,208,1624,6.4960,0.857625
SOH,209,1624,6.4960,0.855380
SOH,210,1624,6.4960,0.849918
SOH,211,1624,6.4960,0.851550
SOH,212,1624,6.4960,0.841552
SOH,213,1624,6.4960,0.824037
SOH,214,1624,6.4960,0.829845
SOH,215,1624,6.4960,0.822031
SOH,216,1624,6.4960,0.817629
SOH,217,1624,6.4960,0.801059
SOH,218,1624,6.4960,0.806992
SOH,219,1624,6.4960,0.786930
SOH,220,1624,6.4960,0.785220
SOH,221,1624,6.4960,0.778234
SOH,222,1624,6.4960,0.767874
SOH,223,1624,6.4960,0.775566
SOH,224,1624,6.4960,0.776205
SOH,225,1624,6.4960,0.766842
SOH,226,1624,6.4960,0.751560
SOH,227,1624,6.4960,0.745408
SOH,228,1624,6.4960,0.725622
SOH,229,1624,6.4960,0.725923
SOH,230,1624,6.4960,0.706840
SOH,231,1624,6.4960,0.716385
SOH,232,1624,6.4960,0.701266
SOH,233,1624,6.4960,0.692508
SOH,234,1624,6.4960,0.995188
SOH,235,1624,6.4960,0.990929
SOH,236,1624,6.4960,0.977050
SOH,237,1624,6.4960,0.964604
SOH,238,1624,6.4960,0.964404
SOH,239,1624,6.4960,0.965364
SOH,240,1624,6.4960,0.946034
SOH,241,1624,6.4960,0.948218
SOH,242,1624,6.4960,0.943347
SOH,243,1624,6.4960,0.938499
SOH,244,1624,6.4960,0.932714
SOH,245,1624,6.4960,0.926280
SOH,246,1624,6.4960,0.920402
SOH,247,1624,6.4960,0.916919
SOH,248,1624,6.4960,0.919520
SOH,249,1624,6.4960,0.906861
SOH,250,1624,6.4960,0.904045
SOH,251,1624,6.4960,0.892069
SOH,252,1624,6.4960,0.891355
SOH,253,1624,6.4960,0.875125
SOH,254,1624,6.4960,0.874847
SOH,255,1624,6.4960,0.869512
SOH,256,1624,6.4960,0.858707
SOH,257,1624,6.4960,0.853081
SOH,258,1624,6.4960,0.849725
SOH,259,1624,6.4960,0.839047
SOH,260,1624,6.4960,0.839474
SOH,261,1624,6.4960,0.828731
SOH,262,1624,6.4960,0.828928
SOH,263,1624,6.4960,0.826600
SOH,264,1624,6.4960,0.809173
SOH,265,1624,6.4960,0.816641
SOH,266,1624,6.4960,0.801672
SOH,267,1624,6.4960,0.802577
SOH,268,1624,6.4960,0.781388
SOH,269,1624,6.4960,0.768368
SOH,270,1624,6.4960,0.776942
SOH,271,1624,6.4960,0.776346
SOH,272,1624,6.4960,0.765949
SOH,273,1624,6.4960,0.762747
SOH,274,1624,6.4960,0.759460
SOH,275,1624,6.4960,0.760028
SOH,276,1624,6.4960,0.745214
SOH,277,1624,6.4960,0.724195
SOH,278,1624,6.4960,0.737477
SOH,279,1624,6.4960,0.722195
SOH,280,1624,6.4960,0.700574
SOH,281,1624,6.4960,0.701851
