SOC_lo,SOC_hi,I_lo,I_hi,temp_set_C,T_cell_C,n,R_mOhm,g,Ea_kJ_mol
0.0,0.15,0.0,8.0,-20,-19.56,1,194.4213,8.96476,25.69
0.0,0.15,0.0,8.0,-10,-10.1,1,119.816,5.52472,25.69
0.0,0.15,0.0,8.0,0,-0.32,3,100.6647,4.64165,25.69
0.0,0.15,0.0,8.0,10,9.57,3,44.2658,2.0411,25.69
0.0,0.15,0.0,8.0,25,24.03,4,21.6873,1.0,25.69
0.0,0.15,0.0,8.0,40,38.8,5,14.385,0.66329,25.69
0.0,0.15,8.0,22.0,-10,-9.78,1,99.3728,5.82556,24.78
0.0,0.15,8.0,22.0,0,-0.32,1,108.3154,6.34981,24.78
0.0,0.15,8.0,22.0,25,24.08,1,17.0581,1.0,24.78
0.0,0.15,8.0,22.0,40,38.7,3,16.348,0.95837,24.78
0.15,0.3,0.0,8.0,-20,-19.77,6,166.9141,10.93395,30.17
0.15,0.3,0.0,8.0,-10,-9.78,4,75.297,4.93244,30.17
0.15,0.3,0.0,8.0,0,-0.47,4,39.9694,2.61826,30.17
0.15,0.3,0.0,8.0,10,9.46,3,23.4931,1.53895,30.17
0.15,0.3,0.0,8.0,25,24.03,4,15.2657,1.0,30.17
0.15,0.3,0.0,8.0,40,38.75,4,12.1321,0.79473,30.17
0.15,0.3,8.0,22.0,-20,-19.66,1,74.4438,5.0822,22.97
0.15,0.3,8.0,22.0,-10,-9.72,4,57.1094,3.8988,22.97
0.15,0.3,8.0,22.0,0,-0.32,2,35.8157,2.4451,22.97
0.15,0.3,8.0,22.0,10,9.52,2,22.3926,1.52872,22.97
0.15,0.3,8.0,22.0,25,24.09,2,14.6479,1.0,22.97
0.15,0.3,8.0,22.0,40,38.75,2,11.692,0.7982,22.97
0.15,0.3,22.0,100.0,0,-0.42,2,36.3535,2.451,20.22
0.15,0.3,22.0,100.0,10,9.46,2,23.628,1.59303,20.22
0.15,0.3,22.0,100.0,25,24.13,2,14.8321,1.0,20.22
0.15,0.3,22.0,100.0,40,38.8,2,11.6324,0.78427,20.22
0.3,0.45,0.0,8.0,-20,-19.98,5,104.4212,7.48657,25.31
0.3,0.45,0.0,8.0,-10,-9.57,3,51.4759,3.69061,25.31
0.3,0.45,0.0,8.0,0,-0.32,3,30.8783,2.21385,25.31
0.3,0.45,0.0,8.0,10,9.46,4,20.4913,1.46914,25.31
0.3,0.45,0.0,8.0,25,24.08,3,13.9478,1.0,25.31
0.3,0.45,0.0,8.0,40,38.59,3,11.5709,0.82959,25.31
0.3,0.45,8.0,22.0,-20,-19.45,1,65.3317,4.78011,20.18
0.3,0.45,8.0,22.0,-10,-9.99,2,41.8373,3.06111,20.18
0.3,0.45,8.0,22.0,0,-0.63,1,29.5328,2.16082,20.18
0.3,0.45,8.0,22.0,10,9.57,1,19.3381,1.41491,20.18
0.3,0.45,8.0,22.0,25,24.08,1,13.6674,1.0,20.18
0.3,0.45,8.0,22.0,40,38.8,1,11.3705,0.83194,20.18
0.3,0.45,22.0,100.0,0,-0.32,1,26.8204,2.00547,15.68
0.3,0.45,22.0,100.0,10,9.57,1,18.3357,1.37104,15.68
0.3,0.45,22.0,100.0,25,24.19,1,13.3736,1.0,15.68
0.3,0.45,22.0,100.0,40,38.7,1,11.1513,0.83383,15.68
0.45,0.6,0.0,8.0,-20,-19.93,4,85.6376,5.57255,22.33
0.45,0.6,0.0,8.0,-10,-9.99,3,48.7904,3.17486,22.33
0.45,0.6,0.0,8.0,0,-0.53,4,31.6204,2.05758,22.33
0.45,0.6,0.0,8.0,10,9.46,3,20.2557,1.31806,22.33
0.45,0.6,0.0,8.0,25,24.08,4,15.3678,1.0,22.33
0.45,0.6,0.0,8.0,40,38.59,3,11.882,0.77317,22.33
0.45,0.6,8.0,22.0,-20,-19.87,2,64.6013,4.60752,19.63
0.45,0.6,8.0,22.0,-10,-9.99,4,40.9045,2.91741,19.63
0.45,0.6,8.0,22.0,0,-0.37,2,29.3327,2.09208,19.63
0.45,0.6,8.0,22.0,10,9.41,2,19.2504,1.37299,19.63
0.45,0.6,8.0,22.0,25,24.13,2,14.0208,1.0,19.63
0.45,0.6,8.0,22.0,40,38.7,2,11.5248,0.82198,19.63
0.45,0.6,22.0,100.0,0,-0.53,2,26.5365,1.97061,15.25
0.45,0.6,22.0,100.0,10,9.46,2,18.0136,1.3377,15.25
0.45,0.6,22.0,100.0,25,24.08,2,13.4661,1.0,15.25
0.45,0.6,22.0,100.0,40,38.65,2,11.1894,0.83093,15.25
0.6,0.75,0.0,8.0,-20,-19.87,5,95.945,5.84144,22.55
0.6,0.75,0.0,8.0,-10,-9.99,3,52.5594,3.19999,22.55
0.6,0.75,0.0,8.0,0,-0.47,2,36.0255,2.19334,22.55
0.6,0.75,0.0,8.0,10,9.46,3,23.2802,1.41737,22.55
0.6,0.75,0.0,8.0,25,23.98,2,16.4249,1.0,22.55
0.6,0.75,0.0,8.0,40,38.59,3,13.4286,0.81758,22.55
0.6,0.75,8.0,22.0,-20,-19.87,1,65.2642,4.53742,19.6
0.6,0.75,8.0,22.0,-10,-9.94,2,42.2369,2.93648,19.6
0.6,0.75,8.0,22.0,0,-0.53,1,31.5469,2.19326,19.6
0.6,0.75,8.0,22.0,10,9.25,1,19.933,1.38582,19.6
0.6,0.75,8.0,22.0,25,24.08,1,14.3835,1.0,19.6
0.6,0.75,8.0,22.0,40,38.7,1,11.868,0.82511,19.6
0.6,0.75,22.0,100.0,0,-0.42,1,27.2288,2.01815,15.63
0.6,0.75,22.0,100.0,10,9.46,1,18.0712,1.3394,15.63
0.6,0.75,22.0,100.0,25,24.08,1,13.492,1.0,15.63
0.6,0.75,22.0,100.0,40,38.59,1,11.2428,0.83329,15.63
0.75,0.9,0.0,8.0,-20,-19.87,3,106.4642,6.42333,24.01
0.75,0.9,0.0,8.0,-10,-9.99,3,60.7554,3.66557,24.01
0.75,0.9,0.0,8.0,0,-0.42,3,39.6418,2.39172,24.01
0.75,0.9,0.0,8.0,10,9.36,3,23.6276,1.42553,24.01
0.75,0.9,0.0,8.0,25,24.08,3,16.5746,1.0,24.01
0.75,0.9,0.0,8.0,40,38.7,3,13.3911,0.80793,24.01
0.75,0.9,8.0,22.0,-20,-19.66,2,69.8232,4.81348,20.71
0.75,0.9,8.0,22.0,-10,-9.94,4,45.2603,3.12016,20.71
0.75,0.9,8.0,22.0,0,-0.37,2,34.6649,2.38973,20.71
0.75,0.9,8.0,22.0,10,9.52,2,20.7164,1.42815,20.71
0.75,0.9,8.0,22.0,25,24.13,2,14.5058,1.0,20.71
0.75,0.9,8.0,22.0,40,38.8,2,11.7065,0.80703,20.71
0.75,0.9,22.0,100.0,0,-0.64,2,29.2833,2.12315,16.55
0.75,0.9,22.0,100.0,10,9.3,2,18.6971,1.35561,16.55
0.75,0.9,22.0,100.0,25,24.08,2,13.7924,1.0,16.55
0.75,0.9,22.0,100.0,40,38.85,2,11.3099,0.82001,16.55
0.9,1.01,0.0,8.0,-20,-20.51,9,137.1976,8.8437,27.63
0.9,1.01,0.0,8.0,-10,-9.99,5,78.4245,5.05521,27.63
0.9,1.01,0.0,8.0,0,-0.42,5,51.2484,3.30345,27.63
0.9,1.01,0.0,8.0,10,9.57,5,25.1678,1.6223,27.63
0.9,1.01,0.0,8.0,25,24.08,5,15.5136,1.0,27.63
0.9,1.01,0.0,8.0,40,38.7,5,11.6867,0.75332,27.63
0.9,1.01,8.0,22.0,-20,-20.51,2,82.907,5.27286,22.04
0.9,1.01,8.0,22.0,-10,-9.99,4,51.6355,3.284,22.04
0.9,1.01,8.0,22.0,0,-0.42,2,42.0891,2.67685,22.04
0.9,1.01,8.0,22.0,10,9.2,2,23.5178,1.49572,22.04
0.9,1.01,8.0,22.0,25,24.13,2,15.7233,1.0,22.04
0.9,1.01,8.0,22.0,40,38.75,2,11.9525,0.76018,22.04
0.9,1.01,22.0,100.0,0,-0.32,2,32.6619,2.29021,18.56
0.9,1.01,22.0,100.0,10,9.62,2,19.715,1.38239,18.56
0.9,1.01,22.0,100.0,25,24.18,2,14.2615,1.0,18.56
0.9,1.01,22.0,100.0,40,38.8,2,11.3063,0.79278,18.56
