cell,cycle,n,bad_frac,T_min,T_med,T_lowV_med,note
BOOST,5,35055,0.0,24.77,25.91,25.84,
BOOST,40,35031,0.0,24.52,25.97,25.98,
BOOST,76,35001,0.0,24.64,25.95,25.93,
BOOST,112,35041,0.0,24.65,25.98,26.0,
BOOST,150,35073,0.0,24.47,25.81,25.89,
BOOST,187,35054,0.0,24.02,25.84,25.89,
BOOST,225,35060,0.0,24.41,25.73,25.7,
BOOST,262,35034,0.0,24.52,25.99,26.0,
BOOST,300,35018,0.0,24.67,26.15,26.18,
BOOST,337,35055,0.0,24.51,26.13,26.09,
BOOST,375,35019,0.0,24.24,26.02,26.05,
BOOST,412,34472,0.0,22.98,25.73,25.51,
BOOST,450,35034,0.0,24.03,26.0,25.97,
BOOST,487,35064,0.0,24.63,25.8,25.81,
BOOST,525,34957,0.0,24.0,26.01,26.03,
BOOST,562,34992,0.0,24.68,25.87,25.87,
BOOST,600,34977,0.0,24.91,25.96,25.98,
BOOST,637,34950,0.0,24.84,25.97,25.95,
BOOST,675,34953,0.0,24.8,25.95,25.96,
BOOST,712,34902,0.0,24.83,26.11,26.07,
BOOST,750,34873,0.0,24.13,26.06,26.11,
BOOST,787,34876,0.0,24.27,26.12,26.15,
BOOST,825,34842,0.0,24.36,26.11,26.05,
BOOST,862,34836,0.0,23.04,26.11,26.0,
BOOST,900,34834,0.0,25.35,26.85,26.8,
BOOST,937,34802,0.0,25.36,26.78,26.73,
BOOST,975,34752,0.0,21.46,26.16,26.18,
BOOST,1012,34790,0.0,24.37,26.17,26.14,
BOOST,1050,34744,0.0,24.25,26.17,26.19,
BOOST,1087,34713,0.0,24.24,26.14,26.07,
BOOST,1125,34662,0.0,23.45,26.23,26.24,
BOOST,1162,34663,0.0,24.55,26.23,26.21,
BOOST,1200,34617,0.0,24.49,26.24,26.18,
BOOST,1237,34574,0.0,24.63,26.15,26.19,
BOOST,1275,34558,0.0,24.75,26.15,26.11,
BOOST,1312,34489,0.0,24.39,25.93,25.89,
BOOST,1350,34482,0.0,24.2,25.93,25.97,
BOOST,1387,34507,0.0,24.03,25.99,25.96,
BOOST,1425,34470,0.0,24.01,25.93,25.79,
BOOST,1462,34348,1.0,-0.58,0.0,0.01,
BOOST,1500,34266,0.0,24.21,26.01,25.99,
BOOST,1537,34174,0.0,24.16,26.06,25.99,
BOOST,1575,34118,0.0,24.28,26.09,25.96,
BOOST,1612,34121,0.0,24.17,26.07,25.99,
BOOST,1650,33984,0.0,24.15,26.03,25.98,
BOOST,1687,33860,0.0,24.14,26.03,25.97,
BOOST,1725,33828,0.0,24.29,26.14,26.04,
BOOST,1762,33720,0.0,24.15,26.1,25.96,
BOOST,1800,33598,0.0,24.46,26.08,25.91,
BOOST,1837,33544,0.0,24.33,26.23,26.12,
BOOST,1875,33393,0.0,24.83,26.32,26.22,
BOOST,1912,33231,0.0,24.34,26.3,26.14,
BOOST_NEGPULSE,5,35119,0.0,24.69,25.9,25.87,
BOOST_NEGPULSE,40,35113,0.0,24.47,25.97,26.03,
BOOST_NEGPULSE,76,35074,0.0,24.57,25.89,25.82,
BOOST_NEGPULSE,112,35113,0.0,24.66,25.97,26.02,
BOOST_NEGPULSE,150,35135,0.0,24.5,25.83,25.75,
BOOST_NEGPULSE,187,35118,0.0,23.97,25.86,25.83,
BOOST_NEGPULSE,225,35119,0.0,24.45,25.69,25.59,
BOOST_NEGPULSE,262,35130,0.0,24.5,25.95,26.1,
BOOST_NEGPULSE,300,35118,0.0,24.71,26.09,26.13,
BOOST_NEGPULSE,337,35164,0.0,24.59,26.11,26.03,
BOOST_NEGPULSE,375,35147,0.0,24.15,26.0,25.9,
BOOST_NEGPULSE,412,35127,0.0,23.84,25.98,25.82,
BOOST_NEGPULSE,450,35140,0.0,24.07,25.87,25.84,
BOOST_NEGPULSE,487,34475,0.1963,0.44,25.65,3.75,
BOOST_NEGPULSE,525,35087,0.0,24.04,25.88,25.82,
BOOST_NEGPULSE,562,35111,0.0,24.61,25.83,25.82,
BOOST_NEGPULSE,600,35078,0.0,24.71,25.91,25.92,
BOOST_NEGPULSE,637,35062,0.0,24.71,25.88,25.87,
BOOST_NEGPULSE,675,35045,0.0,24.7,25.89,25.9,
BOOST_NEGPULSE,712,34995,0.0,24.7,26.12,26.09,
BOOST_NEGPULSE,750,34989,0.0,24.02,26.05,26.11,
BOOST_NEGPULSE,787,35005,0.0,24.26,26.12,26.14,
BOOST_NEGPULSE,825,34929,0.0,24.75,26.11,26.18,
BOOST_NEGPULSE,862,34931,0.0,23.2,26.09,25.98,
BOOST_NEGPULSE,900,34958,0.0,25.44,26.88,26.82,
BOOST_NEGPULSE,937,34918,0.0,25.31,26.77,26.74,
BOOST_NEGPULSE,975,34891,0.0,21.87,26.11,26.18,
BOOST_NEGPULSE,1012,34908,0.0,24.14,26.13,26.05,
BOOST_NEGPULSE,1050,34896,0.0,24.2,26.1,26.06,
BOOST_NEGPULSE,1087,34875,0.0,21.55,26.15,26.25,
BOOST_NEGPULSE,1135,34901,0.0,24.24,25.84,25.81,
BOOST_NEGPULSE,1172,34932,0.0,23.98,25.93,25.95,
BOOST_NEGPULSE,1210,34918,0.0,24.36,25.88,25.81,
BOOST_NEGPULSE,1247,34908,0.0,24.18,25.96,26.02,
BOOST_NEGPULSE,1285,34859,0.0,24.75,26.01,25.96,
BOOST_NEGPULSE,1322,34841,0.0,24.19,26.06,25.93,
BOOST_NEGPULSE,1360,34837,0.0,24.15,26.05,25.97,
BOOST_NEGPULSE,1397,34855,0.0,23.95,26.01,26.01,
BOOST_NEGPULSE,1435,34807,0.0,24.07,25.96,25.9,
BOOST_NEGPULSE,1472,34822,0.0,24.11,26.07,26.07,
BOOST_NEGPULSE,1510,34875,0.0,24.1,26.06,26.01,
BOOST_NEGPULSE,1547,34909,0.0,24.08,26.09,26.18,
BOOST_NEGPULSE,1585,34814,0.0,24.23,26.13,26.1,
BOOST_NEGPULSE,1660,34792,0.0,24.15,26.16,26.14,
BOOST_NEGPULSE,1697,34799,0.0,24.18,26.06,25.98,
BOOST_NEGPULSE,1735,34774,0.0,24.19,26.11,26.06,
BOOST_NEGPULSE_1S,6,35059,0.9424,-222.9,75.01,38.73,
BOOST_NEGPULSE_1S,43,35098,0.0,24.57,25.59,25.61,
BOOST_NEGPULSE_1S,81,35121,0.0,24.54,25.59,25.6,
BOOST_NEGPULSE_1S,118,35161,0.0,24.48,25.54,25.55,
BOOST_NEGPULSE_1S,156,35145,0.0,24.51,25.53,25.56,
BOOST_NEGPULSE_1S,193,35146,0.0,24.54,25.57,25.56,
BOOST_NEGPULSE_1S,231,35036,0.0,24.68,25.74,25.77,
BOOST_NEGPULSE_1S,268,35084,0.0,24.87,25.78,25.81,
BOOST_NEGPULSE_1S,306,35081,0.0,24.35,25.78,25.84,
BOOST_NEGPULSE_1S,343,35041,0.0,24.85,25.83,25.86,
BOOST_NEGPULSE_1S,381,35027,0.0,25.1,25.97,26.0,
BOOST_NEGPULSE_1S,418,35054,0.0,24.91,26.01,26.03,
BOOST_NEGPULSE_1S,456,34995,0.0,23.95,25.95,26.01,
BOOST_NEGPULSE_1S,493,34916,0.0,24.61,25.97,26.0,
BOOST_NEGPULSE_1S,531,34920,0.0,25.18,26.11,26.12,
BOOST_NEGPULSE_1S,568,34922,0.0,25.18,26.11,26.13,
BOOST_NEGPULSE_1S,606,34895,0.0,25.1,26.06,26.06,
BOOST_NEGPULSE_1S,643,34964,0.0,23.7,26.06,26.09,
BOOST_NEGPULSE_1S,681,34889,0.0,25.09,26.08,26.08,
BOOST_NEGPULSE_1S,718,34869,0.0,24.13,25.4,25.38,
BOOST_NEGPULSE_1S,756,34786,0.0,22.41,25.41,25.43,
BOOST_NEGPULSE_1S,793,34850,0.0,22.85,25.42,25.44,
BOOST_NEGPULSE_1S,831,34783,0.0,24.24,25.49,25.45,
BOOST_NEGPULSE_1S,868,34796,0.0,24.33,25.42,25.42,
BOOST_NEGPULSE_1S,906,34766,0.0,24.45,25.48,25.43,
BOOST_NEGPULSE_1S,943,34730,0.0,24.36,25.4,25.36,
BOOST_NEGPULSE_1S,981,34739,0.0,23.07,25.38,25.34,
BOOST_NEGPULSE_1S,1018,34695,0.0,24.28,25.43,25.4,
BOOST_NEGPULSE_1S,1056,34692,0.0,24.29,25.4,25.36,
BOOST_NEGPULSE_1S,1093,34697,0.0,24.34,25.37,25.34,
BOOST_NEGPULSE_1S,1131,34629,0.0,24.38,25.38,25.32,
BOOST_NEGPULSE_1S,1168,34597,0.0,24.35,25.4,25.35,
BOOST_NEGPULSE_1S,1206,34528,0.0,24.41,25.46,25.41,
BOOST_NEGPULSE_1S,1243,34518,0.0,24.47,25.49,25.42,
BOOST_NEGPULSE_1S,1281,34498,0.0,23.34,25.44,25.38,
BOOST_NEGPULSE_1S,1318,34507,1.0,nan,nan,nan,
BOOST_NEGPULSE_1S,1356,34439,0.0,24.18,25.49,25.41,
BOOST_NEGPULSE_1S,1393,34390,0.0,22.72,25.55,25.46,
BOOST_NEGPULSE_1S,1431,34336,0.0,24.43,25.55,25.44,
BOOST_NEGPULSE_1S,1468,34307,0.0,24.47,25.59,25.47,
BOOST_NEGPULSE_1S,1506,34213,0.0,24.49,25.64,25.53,
BOOST_NEGPULSE_1S,1543,34107,0.0,24.45,25.63,25.54,
BOOST_NEGPULSE_1S,1581,34062,0.0,24.57,25.65,25.53,
BOOST_NEGPULSE_1S,1618,33966,0.0,24.68,25.75,25.61,
BOOST_NEGPULSE_1S,1656,33847,0.0,24.68,25.73,25.59,
BOOST_NEGPULSE_1S,1693,33775,0.0,24.6,25.7,25.56,
BOOST_NEGPULSE_1S,1731,33712,0.0,24.41,25.75,25.61,
BOOST_NEGPULSE_1S,1768,33669,0.0,24.58,25.74,25.59,
BOOST_NEGPULSE_1S,1806,33436,0.0,26.42,26.87,26.76,
BOOST_NEGPULSE_1S,1843,33320,0.0,26.44,26.89,26.78,
BOOST_NEGPULSE_1S,1881,33148,0.0,26.44,26.89,26.78,
BOOST_REST,5,35115,0.0,24.49,25.7,25.71,
BOOST_REST,40,35108,0.0,24.32,25.69,25.69,
BOOST_REST,76,35073,0.0,24.22,25.7,25.77,
BOOST_REST,112,35070,0.0,24.39,25.73,25.73,
BOOST_REST,150,35096,0.0,24.34,25.56,25.59,
BOOST_REST,187,34950,0.0,23.65,25.7,25.68,
BOOST_REST,225,35130,0.0,24.34,25.51,25.51,
BOOST_REST,262,34813,0.0,24.33,25.68,25.6,
BOOST_REST,300,35051,0.0,24.5,25.79,25.75,
BOOST_REST,337,35094,0.0,23.84,25.79,25.82,
BOOST_REST,375,34976,0.0,23.79,25.7,25.59,
BOOST_REST,412,35050,0.0,23.49,25.69,25.38,
BOOST_REST,450,35042,0.0,23.69,25.59,25.66,
BOOST_REST,487,35148,0.0,24.39,25.55,25.57,
BOOST_REST,525,35076,0.0,23.79,25.67,25.66,
BOOST_REST,562,35056,0.0,24.47,25.6,25.58,
BOOST_REST,600,35008,0.0,24.6,25.64,25.68,
BOOST_REST,637,34979,0.0,24.54,25.6,25.58,
BOOST_REST,675,34985,0.0,24.51,25.62,25.66,
BOOST_REST,712,34910,0.0,24.57,25.78,25.75,
BOOST_REST,750,34907,0.0,23.79,25.75,25.92,
BOOST_REST,787,34869,0.0,23.83,25.81,25.83,
BOOST_REST,825,35062,0.0,24.85,26.06,26.14,
BOOST_REST,862,34988,0.0,24.16,25.88,25.82,
BOOST_REST,900,34976,0.0,24.29,25.84,25.87,
BOOST_REST,937,34932,0.0,24.2,25.93,25.97,
BOOST_REST,975,35006,0.0,24.13,25.91,25.88,
BOOST_REST,1012,35020,0.0,24.18,26.02,26.1,
BOOST_REST,1050,34945,0.0,24.2,26.1,26.08,
BOOST_REST,1125,34913,0.0,24.26,26.15,26.12,
BOOST_REST,1162,34863,0.0,24.33,26.06,25.99,
BOOST_REST,1200,34889,0.0,24.19,26.08,26.11,
BOOST_REST,1237,34855,0.0,24.26,26.15,26.05,
BOOST_REST,1275,34823,0.0,24.26,26.04,26.09,
BOOST_REST,1312,34898,0.0,24.91,26.0,25.97,
BOOST_REST,1350,34870,0.0,24.93,26.05,25.97,
CC,5,35047,0.0,24.65,25.83,25.95,
CC,40,35028,0.0,24.53,25.81,25.78,
CC,76,35059,0.0,24.48,25.84,25.86,
CC,112,35040,0.0,24.57,25.87,25.84,
CC,150,35063,0.0,23.19,25.64,25.61,
CC,187,35065,0.0,22.93,25.72,25.78,
CC,225,35064,0.0,23.82,25.59,25.45,
CC,262,35015,0.0,23.75,25.87,25.91,
CC,300,34916,0.0,20.31,26.05,26.09,
CC,337,34881,0.0,21.07,26.04,25.97,
CC,375,35043,0.0,24.14,25.94,25.91,
CC,412,35004,0.0,23.63,25.91,25.77,
CC,450,34833,0.0,19.45,25.91,25.88,
CC,487,35081,0.0,24.45,25.75,25.76,
CC,525,34997,0.0,24.09,25.99,25.96,
CC,562,35019,0.0,24.61,25.86,25.87,
CC,600,34973,0.0,24.72,25.93,25.98,
CC,637,34941,0.0,24.75,25.95,25.96,
CC,675,34939,0.0,24.79,25.96,25.98,
CC,712,34917,0.0,24.76,26.14,26.11,
CC,750,34893,0.0,23.97,26.09,26.13,
CC,787,34909,0.0,24.23,26.12,26.17,
CC,825,34868,0.0,24.48,26.09,26.06,
CC,862,34848,0.0,22.2,26.12,26.06,
CC,900,34836,0.0,25.4,26.88,26.89,
CC,937,34838,0.0,25.27,26.8,26.76,
CC,975,34750,0.0,21.57,26.18,26.17,
CC,1012,34842,0.0,24.32,26.19,26.17,
CC,1050,34763,0.0,24.07,26.21,26.24,
CC,1087,34746,0.0,20.88,26.22,26.3,
CC,1125,34672,0.0,19.7,26.13,26.2,
CC,1162,34712,0.0,24.86,26.2,26.29,
CC,1200,34639,0.0,24.21,26.15,26.11,
CC,1237,34621,0.0,24.25,26.21,26.24,
CC,1275,34541,0.0,24.77,26.15,26.09,
CC,1312,34517,0.0,24.42,25.88,25.86,
CC,1350,34496,0.0,24.07,25.93,25.9,
CC,1387,34514,1.0,nan,nan,nan,
CC,1425,34384,0.0,23.93,25.95,25.93,
CC,1462,34281,0.0,23.89,25.97,25.96,
CC,1500,34150,1.0,-0.36,-0.0,0.0,
CC,1537,34110,0.0,24.06,26.14,26.01,
CC,1575,33980,0.0,24.1,26.02,25.93,
CC,1612,33889,0.0,24.13,26.02,25.92,
CC,1650,33754,0.0,24.04,26.1,26.13,
CC,1687,33620,0.0,24.21,26.0,25.95,
CC,1725,33517,0.0,24.06,26.05,25.93,
CC,1762,33343,0.0,24.15,26.09,25.95,
CC,1800,33167,0.0,24.07,26.09,25.94,
CC,1837,33076,0.0,24.36,26.21,26.08,
CC,1875,32834,0.0,24.8,26.26,26.09,
CC,1912,32669,0.0,24.23,26.37,26.22,
CC_CELL2,6,35057,0.0,25.08,26.15,26.2,
CC_CELL2,43,35093,0.0,24.99,26.09,26.11,
CC_CELL2,81,35096,0.0,25.02,26.06,26.07,
CC_CELL2,118,35161,0.0,23.89,25.78,25.73,
CC_CELL2,156,34954,0.0,23.81,25.87,26.28,
CC_CELL2,193,35139,0.0,25.53,26.83,26.86,
CC_CELL2,231,35110,0.0,23.86,25.77,25.84,
CC_CELL2,268,35100,0.0,24.63,25.77,25.83,
CC_CELL2,306,35077,0.0,23.83,25.76,25.74,
CC_CELL2,343,35116,0.0,24.09,25.79,25.82,
CC_CELL2,381,35084,0.0,21.55,25.76,25.78,
CC_CELL2,418,35137,0.0,24.61,25.76,25.84,
CC_CELL2,456,35104,0.0,23.91,25.78,25.82,
CC_CELL2,493,35075,0.0,23.98,25.77,25.88,
CC_CELL2,531,35065,0.0,24.57,25.77,25.83,
CC_CELL2,568,35007,0.0,24.2,25.57,25.61,
CC_CELL2,606,35083,0.0,23.81,25.61,25.59,
CC_CELL2,643,35071,0.0,23.82,25.59,25.65,
CC_CELL2,681,35071,0.0,24.38,25.72,25.71,
CC_CELL2,718,35030,0.0,23.85,25.58,25.61,
CC_CELL2,756,35033,0.0,23.35,25.55,25.56,
CC_CELL2,793,35064,0.0,23.86,25.63,25.62,
CC_CELL2,831,35022,0.0,23.97,25.66,25.7,
CC_CELL2,868,35011,0.0,23.96,25.65,25.72,
CC_CELL2,906,34961,0.0,23.94,25.61,25.59,
CC_CELL2,943,34925,0.0,23.87,25.64,25.65,
CC_CELL2,981,34946,0.0,23.84,25.67,25.69,
CC_CELL2,1018,34992,0.0,23.91,25.64,25.56,
CC_CELL2,1056,34893,0.0,23.71,25.63,25.64,
CC_CELL2,1093,34900,0.0,23.93,25.71,25.75,
CC_CELL2,1131,34849,0.0,24.49,25.75,25.77,
CC_CELL2,1168,34865,0.0,24.07,25.74,25.61,
CC_CELL2,1206,34868,0.0,24.03,25.74,25.67,
CC_CELL2,1243,34861,0.0,23.79,25.73,25.74,
CC_CELL2,1281,34852,0.0,23.86,25.67,25.75,
CC_CELL2,1318,34843,0.0,23.84,25.75,25.77,
CC_CELL2,1356,34897,0.0,23.7,25.71,25.69,
CC_CELL2,1393,34884,0.0,23.83,25.7,25.82,
CC_CELL2,1431,34809,0.0,23.91,25.79,25.87,
CC_CELL2,1506,34776,0.0,23.96,25.81,25.74,
CC_CELL2,1543,34720,0.0,23.87,25.7,25.62,
CC_CELL2,1581,34673,0.0,23.93,25.77,25.82,
CC_CELL2,1618,34681,0.0,23.82,25.77,25.7,
CC_CELL2,1656,34681,0.0,24.07,25.84,25.83,
CC_CELL2,1693,34726,0.0,19.7,25.88,25.83,
CC_CELL2,1731,34641,0.0,24.88,25.95,25.91,
CC_CELL2,1768,34647,0.0,24.88,25.95,25.88,
CC_CELL2,1806,34592,0.0,24.92,25.95,25.89,
CC_CELL2,1843,34592,0.0,24.84,25.92,25.85,
CC_CELL2,1881,34566,0.0,24.84,25.9,25.84,
