temp_set_C,T_cell_C,SOC,direction,rate_rank,I_A,V_pre_V,rest_before_s,n_points,R0_mOhm,R1_mOhm,tau1_s,R2_mOhm,tau2_s,fit_rmse_mV,file
-20,-21.66,1.0,discharge,0,-1.499,4.17871,99999.0,101,46.4624,119.8614,0.6336,55.6494,4.3985,1.3076,06-28-19_20.09 866_HPPC_-20degC_IN21700_30T.mat
-20,-23.13,1.0,discharge,1,-3.001,4.17753,869.6,101,79.6452,95.1923,0.4714,25.41,2.9986,1.1042,06-28-19_20.09 866_HPPC_-20degC_IN21700_30T.mat
-20,-22.5,0.9999,discharge,2,-6.0,4.17753,1127.7,101,61.299,61.2861,0.3146,14.6416,1.6076,0.6967,06-28-19_20.09 866_HPPC_-20degC_IN21700_30T.mat
-20,-20.82,0.9999,discharge,3,-11.999,4.1777,1455.3,101,46.827,31.2964,0.2121,10.7728,1.1008,0.5226,06-28-19_20.09 866_HPPC_-20degC_IN21700_30T.mat
-20,-20.19,0.95,discharge,0,-1.497,4.0742,5882.2,101,39.7661,84.1823,0.3926,33.1008,2.9034,1.2053,06-28-19_20.09 866_HPPC_-20degC_IN21700_30T.mat
-20,-20.51,0.95,discharge,1,-3.001,4.07488,687.7,101,47.6941,64.9486,0.3643,20.185,3.7292,0.5599,06-28-19_20.09 866_HPPC_-20degC_IN21700_30T.mat
-20,-20.82,0.95,discharge,2,-6.0,4.07572,611.2,101,45.5186,45.7159,0.2721,14.237,3.2305,0.8526,06-28-19_20.09 866_HPPC_-20degC_IN21700_30T.mat
-20,-20.19,0.9499,discharge,3,-11.999,4.07673,620.6,101,40.8539,27.4442,0.2205,8.8828,2.8378,1.4598,06-28-19_20.09 866_HPPC_-20degC_IN21700_30T.mat
-20,-19.98,0.9,discharge,0,-1.499,4.06038,4829.0,101,38.5128,73.2279,0.324,28.5475,3.6401,1.0388,06-28-19_20.09 866_HPPC_-20degC_IN21700_30T.mat
-20,-19.66,0.9,discharge,1,-3.001,4.06123,685.6,101,45.3648,53.1124,0.3222,19.5217,4.6762,0.6991,06-28-19_20.09 866_HPPC_-20degC_IN21700_30T.mat
-20,-19.45,0.9,charge,0,1.042,4.06881,73.6,58,42.8072,83.1648,0.1444,0.01,3000.0,0.7774,06-28-19_20.09 866_HPPC_-20degC_IN21700_30T.mat
-20,-19.66,0.9,discharge,2,-6.0,4.06207,626.1,101,42.0731,38.0801,0.2504,13.7425,4.0735,1.4015,06-28-19_20.09 866_HPPC_-20degC_IN21700_30T.mat
-20,-19.56,0.9,charge,1,1.04,4.07404,107.6,38,70.1943,50.9374,0.0775,0.01,3000.0,0.0619,06-28-19_20.09 866_HPPC_-20degC_IN21700_30T.mat
-20,-19.77,0.8999,discharge,3,-11.999,4.06291,621.3,101,37.5768,25.3128,0.2012,9.4221,3.6956,1.7694,06-28-19_20.09 866_HPPC_-20degC_IN21700_30T.mat
-20,-19.24,0.9,charge,2,1.04,4.0801,174.1,30,101.6466,13.6538,0.0809,0.0104,2999.7222,0.0878,06-28-19_20.09 866_HPPC_-20degC_IN21700_30T.mat
-20,-19.45,0.8,discharge,0,-1.499,3.97677,5431.5,101,35.9972,56.8348,0.2292,27.7099,4.768,0.8351,06-28-19_20.09 866_HPPC_-20degC_IN21700_30T.mat
-20,-19.98,0.8,discharge,1,-3.001,3.98082,685.8,101,45.6331,42.4374,0.2532,21.3661,5.0699,0.6848,06-28-19_20.09 866_HPPC_-20degC_IN21700_30T.mat
-20,-19.87,0.8,charge,0,1.497,3.98959,73.8,101,38.2539,54.6687,0.221,18.0699,4.8576,0.6604,06-28-19_20.09 866_HPPC_-20degC_IN21700_30T.mat
-20,-19.87,0.7999,discharge,2,-6.0,3.98369,627.2,101,44.1973,30.2125,0.2208,14.8206,4.5217,0.9734,06-28-19_20.09 866_HPPC_-20degC_IN21700_30T.mat
-20,-19.77,0.8,charge,1,2.098,3.99734,107.7,96,35.537,26.9732,0.0985,34.0764,0.3597,0.211,06-28-19_20.09 866_HPPC_-20degC_IN21700_30T.mat
-20,-19.56,0.7999,discharge,3,-11.999,3.98672,632.9,101,37.5328,21.058,0.1844,10.3764,4.28,1.7708,06-28-19_20.09 866_HPPC_-20degC_IN21700_30T.mat
-20,-19.03,0.8,charge,2,2.163,4.00661,175.1,87,56.0318,33.3576,0.1026,0.01,2999.9994,0.3557,06-28-19_20.09 866_HPPC_-20degC_IN21700_30T.mat
-20,-19.87,0.7,discharge,0,-1.497,3.87766,5434.7,101,35.1333,53.9996,0.2078,21.3959,5.001,0.6147,06-28-19_20.09 866_HPPC_-20degC_IN21700_30T.mat
-20,-19.77,0.7,discharge,1,-3.001,3.88086,685.5,101,46.3812,35.2885,0.2331,16.7835,5.2609,0.5871,06-28-19_20.09 866_HPPC_-20degC_IN21700_30T.mat
-20,-19.77,0.7,charge,0,1.497,3.93278,73.7,100,27.5338,29.1377,0.2424,15.9784,5.3179,0.3732,06-28-19_20.09 866_HPPC_-20degC_IN21700_30T.mat
-20,-20.09,0.6999,discharge,2,-6.0,3.8839,626.9,101,40.6572,29.6067,0.1768,12.5281,4.3376,1.3711,06-28-19_20.09 866_HPPC_-20degC_IN21700_30T.mat
-20,-19.66,0.7,charge,1,2.248,3.89536,107.7,101,31.4532,49.7444,0.1642,14.113,4.6279,0.8798,06-28-19_20.09 866_HPPC_-20degC_IN21700_30T.mat
-20,-19.87,0.6998,discharge,3,-11.999,3.88744,635.5,101,39.4543,17.5416,0.1873,9.478,4.8577,1.4108,06-28-19_20.09 866_HPPC_-20degC_IN21700_30T.mat
-20,-19.24,0.7,charge,2,2.999,3.90699,175.0,101,39.5163,34.3033,0.2062,12.904,6.7465,0.6732,06-28-19_20.09 866_HPPC_-20degC_IN21700_30T.mat
-20,-19.87,0.6,discharge,0,-1.499,3.78984,5446.2,101,35.2378,49.3517,0.1869,17.6514,5.3272,0.6028,06-28-19_20.09 866_HPPC_-20degC_IN21700_30T.mat
-20,-19.87,0.6,discharge,1,-3.001,3.79152,685.4,101,45.2247,34.634,0.2177,15.9106,6.1981,0.5835,06-28-19_20.09 866_HPPC_-20degC_IN21700_30T.mat
-20,-19.77,0.6,charge,0,1.497,3.79624,73.7,101,37.7229,46.8156,0.189,14.592,5.2616,0.5137,06-28-19_20.09 866_HPPC_-20degC_IN21700_30T.mat
-20,-19.98,0.5999,discharge,2,-6.0,3.79304,627.0,101,41.1784,27.194,0.1941,13.4972,6.0718,0.8453,06-28-19_20.09 866_HPPC_-20degC_IN21700_30T.mat
-20,-19.56,0.6,charge,1,2.248,3.80147,107.5,101,30.5249,48.5811,0.1737,13.3091,5.7996,0.5483,06-28-19_20.09 866_HPPC_-20degC_IN21700_30T.mat
-20,-19.87,0.5999,discharge,3,-11.999,3.79422,635.5,101,40.5961,14.8588,0.1892,10.7785,5.4087,1.3123,06-28-19_20.09 866_HPPC_-20degC_IN21700_30T.mat
-20,-19.35,0.6,charge,2,2.999,3.80855,174.1,101,43.22,29.3409,0.1959,12.6231,6.7942,0.3476,06-28-19_20.09 866_HPPC_-20degC_IN21700_30T.mat
-20,-19.98,0.5,discharge,0,-1.499,3.69493,5446.4,101,36.3336,51.2881,0.1881,16.2101,5.1463,0.6361,06-28-19_20.09 866_HPPC_-20degC_IN21700_30T.mat
-20,-19.87,0.5,discharge,1,-2.999,3.69628,685.5,101,45.3281,34.6502,0.2177,15.4857,6.6706,0.5596,06-28-19_20.09 866_HPPC_-20degC_IN21700_30T.mat
-20,-19.66,0.5,charge,0,1.497,3.70033,73.7,101,32.2361,51.6903,0.1695,12.5822,4.9723,0.5573,06-28-19_20.09 866_HPPC_-20degC_IN21700_30T.mat
-20,-19.77,0.4999,discharge,2,-6.0,3.69729,626.9,101,44.5669,23.6666,0.2005,13.7783,6.6973,0.7516,06-28-19_20.09 866_HPPC_-20degC_IN21700_30T.mat
-20,-20.09,0.5,charge,1,2.248,3.70505,107.1,101,36.8874,43.1351,0.1762,12.4915,6.6981,0.5945,06-28-19_20.09 866_HPPC_-20degC_IN21700_30T.mat
-20,-19.87,0.4999,discharge,3,-11.999,3.69831,635.2,101,39.2165,16.1069,0.1877,11.6269,6.1456,1.4678,06-28-19_20.09 866_HPPC_-20degC_IN21700_30T.mat
-20,-19.24,0.5,charge,2,2.999,3.71213,173.9,101,41.7569,29.9359,0.1896,12.571,8.6121,0.318,06-28-19_20.09 866_HPPC_-20degC_IN21700_30T.mat
-20,-19.77,0.4,discharge,0,-1.497,3.61891,5446.0,101,39.1943,51.5304,0.2146,15.7912,4.712,0.6543,06-28-19_20.09 866_HPPC_-20degC_IN21700_30T.mat
-20,-19.98,0.4,discharge,1,-3.001,3.62026,685.5,101,44.3612,39.0715,0.2313,15.0624,6.0706,0.6577,06-28-19_20.09 866_HPPC_-20degC_IN21700_30T.mat
-20,-19.66,0.4,charge,0,1.497,3.62414,74.1,101,32.9525,54.1476,0.1695,11.6162,3.8976,0.7687,06-28-19_20.09 866_HPPC_-20degC_IN21700_30T.mat
-20,-20.4,0.3999,discharge,2,-6.0,3.62144,626.9,101,42.463,29.6802,0.1965,13.6809,5.8398,0.9389,06-28-19_20.09 866_HPPC_-20degC_IN21700_30T.mat
-20,-19.66,0.4,charge,1,2.248,3.62835,107.1,101,34.9815,48.8411,0.1832,10.3754,5.3705,0.6769,06-28-19_20.09 866_HPPC_-20degC_IN21700_30T.mat
-20,-19.45,0.3999,discharge,3,-11.999,3.62228,635.3,101,39.6807,16.0939,0.1818,11.8709,6.1155,1.6667,06-28-19_20.09 866_HPPC_-20degC_IN21700_30T.mat
-20,-19.24,0.4,charge,2,2.999,3.63476,174.0,101,41.3555,31.5597,0.1988,11.2189,8.6624,0.4058,06-28-19_20.09 866_HPPC_-20degC_IN21700_30T.mat
-20,-20.51,0.3,discharge,0,-1.499,3.54946,5446.3,101,33.5493,68.3917,0.2298,24.1785,3.2018,1.3953,06-28-19_20.09 866_HPPC_-20degC_IN21700_30T.mat
-20,-19.35,0.3,discharge,1,-3.001,3.5525,685.5,101,45.0816,43.44,0.2826,19.7027,6.0793,0.7082,06-28-19_20.09 866_HPPC_-20degC_IN21700_30T.mat
-20,-19.45,0.3,charge,0,1.497,3.55671,73.8,101,35.1898,57.0589,0.2291,12.8484,3.9181,0.6137,06-28-19_20.09 866_HPPC_-20degC_IN21700_30T.mat
-20,-19.87,0.2999,discharge,2,-6.0,3.55536,627.0,101,42.881,32.0746,0.2328,19.3054,6.1961,1.0827,06-28-19_20.09 866_HPPC_-20degC_IN21700_30T.mat
-20,-19.77,0.3,charge,1,2.248,3.56295,107.2,101,31.9081,55.3329,0.1977,11.2601,4.3483,0.8412,06-28-19_20.09 866_HPPC_-20degC_IN21700_30T.mat
-20,-19.66,0.2999,discharge,3,-11.999,3.55739,635.4,101,39.2577,20.1495,0.2158,20.1034,7.256,2.0916,06-28-19_20.09 866_HPPC_-20degC_IN21700_30T.mat
-20,-19.66,0.3,charge,2,2.999,3.57104,175.6,101,40.2238,39.048,0.2049,10.4975,6.1973,0.6156,06-28-19_20.09 866_HPPC_-20degC_IN21700_30T.mat
-20,-20.51,0.2,discharge,0,-1.499,3.45153,5446.4,101,40.6995,80.7202,0.4049,63.5826,4.6566,1.5135,06-28-19_20.09 866_HPPC_-20degC_IN21700_30T.mat
-20,-19.66,0.2,discharge,1,-3.001,3.45355,685.4,101,47.815,59.9104,0.4308,70.6888,8.6218,1.2924,06-28-19_20.09 866_HPPC_-20degC_IN21700_30T.mat
-20,-19.35,0.2,charge,0,1.499,3.45962,73.8,101,37.4464,67.7144,0.2955,16.9246,2.7345,0.9573,06-28-19_20.09 866_HPPC_-20degC_IN21700_30T.mat
-20,-19.45,0.1999,discharge,2,-6.0,3.45557,626.8,101,43.1694,42.8971,0.3544,123.211,16.1198,2.4313,06-28-19_20.09 866_HPPC_-20degC_IN21700_30T.mat
-20,-19.24,0.2,charge,1,2.248,3.46653,107.2,101,36.9666,55.3419,0.2534,12.1749,4.1086,0.8537,06-28-19_20.09 866_HPPC_-20degC_IN21700_30T.mat
-20,-19.77,0.2,charge,2,2.999,3.46215,62.4,101,48.6661,45.5,0.2859,11.025,6.2532,0.4648,06-28-19_20.09 866_HPPC_-20degC_IN21700_30T.mat
-20,-19.56,0.15,discharge,0,-1.499,3.40736,4844.8,101,40.975,81.9089,0.5092,144.1635,7.7089,1.8182,06-28-19_20.09 866_HPPC_-20degC_IN21700_30T.mat
-20,-20.4,0.15,discharge,1,-3.001,3.40888,685.4,101,46.7438,61.0614,0.3985,200.0,10.0751,4.3196,06-28-19_20.09 866_HPPC_-20degC_IN21700_30T.mat
-20,-20.4,0.15,charge,0,1.497,3.41832,73.7,101,38.5295,74.9873,0.3174,20.0406,2.6266,0.9182,06-28-19_20.09 866_HPPC_-20degC_IN21700_30T.mat
-20,-19.56,0.1499,discharge,2,-5.997,3.40972,626.9,42,43.153,34.1151,0.2732,133.7928,4.7973,3.3514,06-28-19_20.09 866_HPPC_-20degC_IN21700_30T.mat
-20,-19.56,0.15,charge,1,2.248,3.41748,68.2,101,36.7298,64.2876,0.2694,13.4952,3.2548,1.1443,06-28-19_20.09 866_HPPC_-20degC_IN21700_30T.mat
-20,-19.24,0.15,charge,2,2.999,3.41478,54.5,101,44.4175,51.1466,0.3009,10.3962,5.3485,0.5005,06-28-19_20.09 866_HPPC_-20degC_IN21700_30T.mat
-10,-9.36,1.0,discharge,0,-3.001,4.1764,99999.0,101,23.0773,52.822,0.3391,24.9592,4.9628,0.7495,06-14-19_17.40 847_HPPC_-10degC_IN21700_30T.mat
-10,-9.99,0.9999,discharge,1,-5.997,4.1764,786.2,101,29.3961,35.7513,0.2857,16.3194,4.3969,0.8016,06-14-19_17.40 847_HPPC_-10degC_IN21700_30T.mat
-10,-9.99,0.9999,discharge,2,-11.999,4.1767,915.8,101,27.9434,23.0142,0.201,9.9135,2.9215,1.2101,06-14-19_17.40 847_HPPC_-10degC_IN21700_30T.mat
-10,-9.99,0.9998,discharge,3,-18.001,4.1774,1113.7,101,27.6556,16.1881,0.1858,7.0495,2.1218,1.7575,06-14-19_17.40 847_HPPC_-10degC_IN21700_30T.mat
-10,-9.99,0.95,discharge,0,-3.001,4.0793,5493.6,101,21.2832,44.0051,0.2545,14.6046,4.3532,0.7417,06-14-19_17.40 847_HPPC_-10degC_IN21700_30T.mat
-10,-10.1,0.9499,discharge,1,-6.0,4.0801,702.4,101,31.0355,25.7747,0.2378,10.1845,4.1027,0.5373,06-14-19_17.40 847_HPPC_-10degC_IN21700_30T.mat
-10,-9.78,0.95,charge,0,1.35,4.0897,107.0,70,24.1691,57.5747,0.3168,0.0102,2999.8166,0.6321,06-14-19_17.40 847_HPPC_-10degC_IN21700_30T.mat
-10,-10.1,0.9498,discharge,2,-11.999,4.0808,621.0,101,28.0895,18.2212,0.201,6.3956,3.1417,1.6872,06-14-19_17.40 847_HPPC_-10degC_IN21700_30T.mat
-10,-9.36,0.95,charge,1,1.28,4.0949,174.9,101,33.7473,48.4235,0.1097,0.01,3000.0,0.6305,06-14-19_17.40 847_HPPC_-10degC_IN21700_30T.mat
-10,-9.99,0.9498,discharge,3,-18.001,4.082,625.1,101,26.8524,13.3462,0.1748,4.8316,2.4711,1.1984,06-14-19_17.40 847_HPPC_-10degC_IN21700_30T.mat
-10,-9.15,0.95,charge,2,1.282,4.0983,240.9,91,48.031,31.2753,0.0853,0.01,2999.9999,0.1733,06-14-19_17.40 847_HPPC_-10degC_IN21700_30T.mat
-10,-10.1,0.9,discharge,0,-3.001,4.0646,4825.4,101,22.8131,34.0796,0.2043,14.6242,5.0799,0.6479,06-14-19_17.40 847_HPPC_-10degC_IN21700_30T.mat
-10,-9.99,0.8999,discharge,1,-6.0,4.0651,702.2,101,29.8414,21.5216,0.2118,10.8248,4.9444,0.6429,06-14-19_17.40 847_HPPC_-10degC_IN21700_30T.mat
-10,-9.78,0.9,charge,0,1.497,4.0739,107.3,101,24.1008,34.3678,0.2253,13.6053,5.0849,0.3559,06-14-19_17.40 847_HPPC_-10degC_IN21700_30T.mat
-10,-9.99,0.8999,discharge,2,-11.999,4.0654,627.0,101,28.0513,15.0395,0.1828,7.2776,4.2271,1.0722,06-14-19_17.40 847_HPPC_-10degC_IN21700_30T.mat
-10,-9.25,0.9,charge,1,1.913,4.0774,174.2,101,24.8623,39.2447,0.1781,0.01,3000.0,0.2381,06-14-19_17.40 847_HPPC_-10degC_IN21700_30T.mat
-10,-9.88,0.8998,discharge,3,-18.001,4.0663,632.0,101,27.1187,11.078,0.1692,5.6653,4.0214,1.3239,06-14-19_17.40 847_HPPC_-10degC_IN21700_30T.mat
-10,-9.04,0.9,charge,2,1.969,4.0796,241.2,71,28.8796,32.2717,0.0865,0.01,3000.0,0.1684,06-14-19_17.40 847_HPPC_-10degC_IN21700_30T.mat
-10,-9.88,0.8,discharge,0,-3.001,3.9953,5428.8,101,20.6982,26.7866,0.1485,19.1062,6.6562,0.6347,06-14-19_17.40 847_HPPC_-10degC_IN21700_30T.mat
-10,-9.99,0.7999,discharge,1,-6.0,3.9973,702.6,101,28.5757,15.9077,0.187,14.2386,6.1286,0.6755,06-14-19_17.40 847_HPPC_-10degC_IN21700_30T.mat
-10,-9.67,0.8,charge,0,1.497,4.0076,107.2,101,21.5809,25.3801,0.1526,14.0566,6.974,0.2337,06-14-19_17.40 847_HPPC_-10degC_IN21700_30T.mat
-10,-9.88,0.7999,discharge,2,-11.999,3.9994,626.9,101,27.5973,11.4262,0.1799,9.5885,5.3561,1.1409,06-14-19_17.40 847_HPPC_-10degC_IN21700_30T.mat
-10,-9.36,0.8,charge,1,2.248,4.0139,174.1,101,19.392,25.1304,0.1357,12.8863,7.0914,0.3629,06-14-19_17.40 847_HPPC_-10degC_IN21700_30T.mat
-10,-9.99,0.7998,discharge,3,-18.001,4.0014,635.5,101,25.6013,9.4333,0.153,7.7701,4.9689,1.7717,06-14-19_17.40 847_HPPC_-10degC_IN21700_30T.mat
-10,-9.15,0.8,charge,2,2.998,4.0181,241.1,101,17.2382,25.1307,0.1192,12.2522,7.0094,0.527,06-14-19_17.40 847_HPPC_-10degC_IN21700_30T.mat
-10,-9.99,0.7,discharge,0,-3.001,3.9016,5446.4,101,21.775,22.4669,0.1492,17.8139,6.6545,0.4577,06-14-19_17.40 847_HPPC_-10degC_IN21700_30T.mat
-10,-9.88,0.6999,discharge,1,-6.0,3.9043,702.3,101,29.0266,12.726,0.1801,12.8004,5.7363,0.6566,06-14-19_17.40 847_HPPC_-10degC_IN21700_30T.mat
-10,-9.88,0.7,charge,0,1.497,3.9137,107.2,101,18.2725,25.0092,0.1178,12.5094,5.9895,0.2813,06-14-19_17.40 847_HPPC_-10degC_IN21700_30T.mat
-10,-9.99,0.6999,discharge,2,-11.999,3.9061,627.0,101,27.3171,9.7968,0.1696,8.723,5.1798,1.1737,06-14-19_17.40 847_HPPC_-10degC_IN21700_30T.mat
-10,-9.46,0.7,charge,1,2.248,3.9196,174.2,101,20.8622,20.3882,0.1273,11.0334,6.6634,0.276,06-14-19_17.40 847_HPPC_-10degC_IN21700_30T.mat
-10,-9.88,0.6998,discharge,3,-18.001,3.9082,635.3,101,26.7003,7.1243,0.1813,7.2252,5.4346,1.3808,06-14-19_17.40 847_HPPC_-10degC_IN21700_30T.mat
-10,-9.04,0.7,charge,2,2.998,3.9228,240.8,101,21.6105,17.6672,0.1207,10.2337,6.878,0.3327,06-14-19_17.40 847_HPPC_-10degC_IN21700_30T.mat
-10,-9.99,0.6,discharge,0,-2.998,3.8011,5446.6,101,21.7696,20.482,0.1254,14.5051,8.0641,0.3675,06-14-19_17.40 847_HPPC_-10degC_IN21700_30T.mat
-10,-9.99,0.5999,discharge,1,-6.0,3.8023,702.6,101,28.7683,11.2159,0.1642,12.2915,7.9342,0.4573,06-14-19_17.40 847_HPPC_-10degC_IN21700_30T.mat
-10,-9.88,0.6,charge,0,1.497,3.8085,107.1,101,21.5913,20.7992,0.1287,11.9127,6.449,0.1988,06-14-19_17.40 847_HPPC_-10degC_IN21700_30T.mat
-10,-9.88,0.5999,discharge,2,-11.999,3.8032,626.9,101,26.6085,8.9277,0.1421,9.3329,6.6879,1.0232,06-14-19_17.40 847_HPPC_-10degC_IN21700_30T.mat
-10,-9.46,0.6,charge,1,2.248,3.8128,174.0,101,22.2472,18.2047,0.1295,11.8415,7.0054,0.2721,06-14-19_17.40 847_HPPC_-10degC_IN21700_30T.mat
-10,-9.88,0.5997,discharge,3,-18.001,3.8038,635.5,101,25.6059,6.8819,0.1506,8.1594,6.5726,1.1643,06-14-19_17.40 847_HPPC_-10degC_IN21700_30T.mat
-10,-9.36,0.6,charge,2,2.998,3.816,242.7,101,21.6582,17.1631,0.1237,11.3604,6.8925,0.3805,06-14-19_17.40 847_HPPC_-10degC_IN21700_30T.mat
-10,-10.1,0.5,discharge,0,-3.001,3.7029,5446.2,101,21.7405,20.1707,0.1236,14.3077,9.7183,0.3152,06-14-19_17.40 847_HPPC_-10degC_IN21700_30T.mat
-10,-9.99,0.4999,discharge,1,-6.0,3.7035,702.2,101,26.9112,12.5215,0.1352,12.7953,8.8985,0.5352,06-14-19_17.40 847_HPPC_-10degC_IN21700_30T.mat
-10,-9.88,0.5,charge,0,1.497,3.7101,107.2,101,19.8789,21.5418,0.1069,11.5262,8.6509,0.1954,06-14-19_17.40 847_HPPC_-10degC_IN21700_30T.mat
-10,-10.1,0.4999,discharge,2,-11.999,3.704,627.1,101,26.4663,8.7535,0.1519,10.4845,7.7667,0.7014,06-14-19_17.40 847_HPPC_-10degC_IN21700_30T.mat
-10,-9.46,0.5,charge,1,2.248,3.715,175.1,101,19.2793,20.5956,0.1205,11.8038,9.733,0.1755,06-14-19_17.40 847_HPPC_-10degC_IN21700_30T.mat
-10,-10.1,0.4998,discharge,3,-18.001,3.705,635.3,101,25.4083,6.6638,0.1569,9.1509,6.995,0.9365,06-14-19_17.40 847_HPPC_-10degC_IN21700_30T.mat
-10,-9.04,0.5,charge,2,2.998,3.7185,241.0,101,21.6739,16.3807,0.1145,11.4562,9.5385,0.2667,06-14-19_17.40 847_HPPC_-10degC_IN21700_30T.mat
-10,-9.57,0.4,discharge,0,-3.001,3.6267,5446.4,101,21.7275,21.0766,0.1316,13.3193,9.4977,0.3023,06-14-19_17.40 847_HPPC_-10degC_IN21700_30T.mat
-10,-9.99,0.3999,discharge,1,-6.0,3.6275,702.6,101,27.5702,12.7671,0.1477,12.6728,9.2723,0.5225,06-14-19_17.40 847_HPPC_-10degC_IN21700_30T.mat
-10,-9.57,0.4,charge,0,1.497,3.6336,107.7,101,21.3752,20.8349,0.1202,10.5448,8.878,0.1751,06-14-19_17.40 847_HPPC_-10degC_IN21700_30T.mat
-10,-9.99,0.3999,discharge,2,-11.999,3.628,626.9,101,27.1757,8.7005,0.1337,10.7377,7.9861,0.985,06-14-19_17.40 847_HPPC_-10degC_IN21700_30T.mat
-10,-9.88,0.4,charge,1,2.248,3.6378,174.3,101,21.1918,20.2873,0.1219,10.9475,9.7806,0.1913,06-14-19_17.40 847_HPPC_-10degC_IN21700_30T.mat
-10,-9.99,0.3998,discharge,3,-18.001,3.629,635.3,101,25.8344,7.172,0.1487,9.5454,7.2899,1.1372,06-14-19_17.40 847_HPPC_-10degC_IN21700_30T.mat
-10,-9.04,0.4,charge,2,2.998,3.6417,241.1,101,17.375,21.2969,0.1,10.3655,9.0974,0.3741,06-14-19_17.40 847_HPPC_-10degC_IN21700_30T.mat
-10,-9.25,0.3,discharge,0,-2.998,3.5653,5446.6,101,21.8098,23.3873,0.1453,14.0869,8.3267,0.4741,06-14-19_17.40 847_HPPC_-10degC_IN21700_30T.mat
-10,-9.67,0.2999,discharge,1,-6.0,3.5667,702.6,101,29.8631,15.0019,0.1798,14.2136,8.6679,0.5749,06-14-19_17.40 847_HPPC_-10degC_IN21700_30T.mat
-10,-8.94,0.3,charge,0,1.497,3.5722,107.2,101,21.6601,23.7359,0.1458,9.7563,7.6223,0.1729,06-14-19_17.40 847_HPPC_-10degC_IN21700_30T.mat
-10,-10.31,0.2999,discharge,2,-11.999,3.5675,626.9,101,27.6883,11.7976,0.1605,13.8537,8.3639,1.2287,06-14-19_17.40 847_HPPC_-10degC_IN21700_30T.mat
-10,-9.78,0.3,charge,1,2.248,3.5766,173.9,101,22.8175,21.9344,0.1528,10.4758,9.0406,0.3703,06-14-19_17.40 847_HPPC_-10degC_IN21700_30T.mat
-10,-8.94,0.2999,discharge,3,-18.001,3.5687,635.4,101,25.0938,8.9989,0.174,13.4518,8.7571,1.3876,06-14-19_17.40 847_HPPC_-10degC_IN21700_30T.mat
-10,-9.04,0.3,charge,2,2.998,3.5803,242.5,101,18.8539,21.2246,0.1162,10.4653,8.9936,0.3883,06-14-19_17.40 847_HPPC_-10degC_IN21700_30T.mat
-10,-9.88,0.2,discharge,0,-3.001,3.4648,5446.3,101,25.2325,31.9711,0.2393,26.3983,7.5297,0.8872,06-14-19_17.40 847_HPPC_-10degC_IN21700_30T.mat
-10,-9.57,0.1999,discharge,1,-6.0,3.4659,702.5,101,29.3562,22.5214,0.2567,38.6048,11.7604,1.1589,06-14-19_17.40 847_HPPC_-10degC_IN21700_30T.mat
-10,-10.1,0.2,charge,0,1.497,3.4729,107.2,101,22.6599,31.0622,0.1919,11.5344,5.8802,0.3074,06-14-19_17.40 847_HPPC_-10degC_IN21700_30T.mat
-10,-9.67,0.1999,discharge,2,-11.999,3.4665,626.9,101,29.5285,15.3837,0.2704,169.7278,48.3179,2.2947,06-14-19_17.40 847_HPPC_-10degC_IN21700_30T.mat
-10,-9.67,0.2,charge,1,2.248,3.478,174.0,101,22.0669,27.1088,0.1675,10.5786,6.5834,0.3488,06-14-19_17.40 847_HPPC_-10degC_IN21700_30T.mat
-10,-9.78,0.1998,discharge,3,-18.001,3.4677,635.4,35,25.872,10.9895,0.1632,30.7855,4.0315,2.8015,06-14-19_17.40 847_HPPC_-10degC_IN21700_30T.mat
-10,-9.88,0.2,charge,2,2.998,3.4751,110.5,101,22.0287,26.0947,0.1564,10.7087,7.0696,0.5234,06-14-19_17.40 847_HPPC_-10degC_IN21700_30T.mat
-10,-10.94,0.15,discharge,0,-3.001,3.4129,4845.2,101,24.3161,43.5509,0.309,81.5913,11.3295,1.806,06-14-19_17.40 847_HPPC_-10degC_IN21700_30T.mat
-10,-10.1,0.1499,discharge,1,-6.0,3.4138,702.2,101,29.6297,27.7891,0.3113,200.0,26.7418,2.3709,06-14-19_17.40 847_HPPC_-10degC_IN21700_30T.mat
-10,-9.57,0.15,charge,0,1.497,3.4242,107.3,101,21.6557,34.911,0.2059,11.6104,4.4417,0.5209,06-14-19_17.40 847_HPPC_-10degC_IN21700_30T.mat
-10,-9.78,0.1499,discharge,2,-11.999,3.4155,627.0,34,26.2926,15.4737,0.1575,62.2543,3.8538,4.3017,06-14-19_17.40 847_HPPC_-10degC_IN21700_30T.mat
-10,-9.88,0.15,charge,1,2.248,3.4227,85.7,101,24.2597,30.7153,0.2079,10.634,5.624,0.4383,06-14-19_17.40 847_HPPC_-10degC_IN21700_30T.mat
-10,-10.1,0.15,charge,2,2.998,3.4205,65.9,101,22.9879,31.2345,0.1806,9.9021,5.5408,0.622,06-14-19_17.40 847_HPPC_-10degC_IN21700_30T.mat
0,0.32,0.9999,discharge,0,-3.001,4.18512,99999.0,101,18.4446,28.6358,0.2824,22.706,6.2814,0.5852,05-28-19_19.04 814_HPPC_0degC_IN21700_30T.mat
0,-0.11,0.9999,discharge,2,-5.997,4.18461,600.2,101,19.2199,24.0441,0.2364,15.8536,5.2068,0.6938,05-28-19_19.04 814_HPPC_0degC_IN21700_30T.mat
0,-0.42,0.9999,discharge,3,-11.999,4.18394,849.3,101,21.6073,15.2548,0.2066,9.6492,3.802,0.9968,05-28-19_19.04 814_HPPC_0degC_IN21700_30T.mat
0,-0.32,0.9998,discharge,4,-24.001,4.18343,986.6,101,19.7174,9.6857,0.155,5.2985,2.194,0.8078,05-28-19_19.04 814_HPPC_0degC_IN21700_30T.mat
0,-0.53,0.95,discharge,0,-2.999,4.08415,5444.9,101,16.4352,24.6363,0.2072,12.0979,5.4342,0.408,05-28-19_19.04 814_HPPC_0degC_IN21700_30T.mat
0,-0.42,0.9499,discharge,1,-6.0,4.08466,702.7,101,19.2583,18.3448,0.1937,9.0939,4.8074,0.4925,05-28-19_19.04 814_HPPC_0degC_IN21700_30T.mat
0,-0.21,0.95,charge,0,1.497,4.09123,108.0,101,19.1442,23.1628,0.2396,14.965,7.0177,0.2194,05-28-19_19.04 814_HPPC_0degC_IN21700_30T.mat
0,-0.42,0.9499,discharge,2,-11.999,4.08516,627.1,101,21.3314,11.4889,0.1713,5.9127,3.611,0.7104,05-28-19_19.04 814_HPPC_0degC_IN21700_30T.mat
0,-0.11,0.95,charge,1,2.194,4.09426,173.8,92,14.4148,22.8073,0.1569,11.0917,1.3268,0.3817,05-28-19_19.04 814_HPPC_0degC_IN21700_30T.mat
0,-0.32,0.9498,discharge,3,-24.001,4.08567,632.2,101,19.6212,7.6166,0.142,3.5057,2.5148,0.9741,05-28-19_19.04 814_HPPC_0degC_IN21700_30T.mat
0,0.42,0.95,charge,2,2.283,4.09814,308.3,56,19.1684,25.4519,0.1189,0.01,2999.8057,0.4338,05-28-19_19.04 814_HPPC_0degC_IN21700_30T.mat
0,-0.42,0.9,discharge,0,-3.001,4.06696,4826.2,101,15.8134,18.8743,0.1616,11.7089,6.1732,0.3354,05-28-19_19.04 814_HPPC_0degC_IN21700_30T.mat
0,-0.63,0.8999,discharge,1,-6.0,4.06746,702.1,101,18.2294,14.9724,0.1569,9.1441,5.2536,0.6496,05-28-19_19.04 814_HPPC_0degC_IN21700_30T.mat
0,-0.42,0.9,charge,0,1.497,4.07336,107.3,101,14.3428,20.4779,0.153,10.2156,5.7716,0.204,05-28-19_19.04 814_HPPC_0degC_IN21700_30T.mat
0,-0.32,0.8999,discharge,2,-11.999,4.06763,626.9,101,20.4351,9.6225,0.1721,6.2402,4.624,0.8858,05-28-19_19.04 814_HPPC_0degC_IN21700_30T.mat
0,-0.21,0.9,charge,1,2.248,4.07572,173.7,101,15.1425,18.6977,0.157,10.0721,6.2808,0.2454,05-28-19_19.04 814_HPPC_0degC_IN21700_30T.mat
0,-0.74,0.8998,discharge,3,-24.001,4.06814,635.3,101,19.6764,6.2937,0.1629,4.1964,4.5602,1.3158,05-28-19_19.04 814_HPPC_0degC_IN21700_30T.mat
0,0.63,0.9,charge,2,2.999,4.07808,307.7,101,14.6363,17.6758,0.1531,9.9304,6.5536,0.2858,05-28-19_19.04 814_HPPC_0degC_IN21700_30T.mat
0,-0.42,0.8,discharge,0,-3.001,4.0061,5446.2,101,14.018,13.8958,0.1181,17.2458,8.7751,0.3285,05-28-19_19.04 814_HPPC_0degC_IN21700_30T.mat
0,-0.42,0.7999,discharge,1,-5.997,4.00745,702.6,101,18.0775,9.4552,0.1446,13.7984,7.5438,0.5061,05-28-19_19.04 814_HPPC_0degC_IN21700_30T.mat
0,-0.21,0.8,charge,0,1.497,4.01487,107.1,101,14.5755,12.8132,0.1208,11.5409,7.5512,0.1259,05-28-19_19.04 814_HPPC_0degC_IN21700_30T.mat
0,-0.42,0.7999,discharge,2,-11.999,4.00846,626.9,101,20.2178,5.9405,0.1767,9.4542,6.1561,0.8048,05-28-19_19.04 814_HPPC_0degC_IN21700_30T.mat
0,-0.11,0.8,charge,1,2.248,4.01875,174.0,101,11.118,15.5427,0.0957,10.9613,7.547,0.2541,05-28-19_19.04 814_HPPC_0degC_IN21700_30T.mat
0,-0.53,0.7998,discharge,3,-24.001,4.00981,635.3,101,19.2588,4.326,0.1848,6.4251,5.7877,1.0728,05-28-19_19.04 814_HPPC_0degC_IN21700_30T.mat
0,0.11,0.8,charge,2,2.999,4.02262,307.9,101,13.9346,11.7287,0.1123,10.7611,8.2706,0.2207,05-28-19_19.04 814_HPPC_0degC_IN21700_30T.mat
0,-0.42,0.7,discharge,0,-3.001,3.9107,5446.4,101,14.5538,10.9975,0.1204,16.6623,8.6167,0.2958,05-28-19_19.04 814_HPPC_0degC_IN21700_30T.mat
0,-0.53,0.6999,discharge,1,-6.0,3.91137,702.3,101,17.0609,8.2526,0.135,12.7178,6.8809,0.4713,05-28-19_19.04 814_HPPC_0degC_IN21700_30T.mat
0,-0.11,0.7,charge,0,1.497,3.91811,107.1,101,14.9986,9.9069,0.1224,10.1044,7.2123,0.1282,05-28-19_19.04 814_HPPC_0degC_IN21700_30T.mat
0,-0.53,0.6999,discharge,2,-11.999,3.91205,627.0,101,19.8392,4.585,0.1827,8.6129,5.7001,0.7825,05-28-19_19.04 814_HPPC_0degC_IN21700_30T.mat
0,0.11,0.7,charge,1,2.248,3.92149,175.6,101,15.6746,8.7087,0.1162,9.232,7.3786,0.1552,05-28-19_19.04 814_HPPC_0degC_IN21700_30T.mat
0,-0.42,0.6998,discharge,3,-24.001,3.91306,635.3,101,18.1079,4.0891,0.1644,6.0875,5.7075,1.3818,05-28-19_19.04 814_HPPC_0degC_IN21700_30T.mat
0,0.21,0.7,charge,2,2.999,3.92452,308.1,101,14.3659,8.9792,0.1125,8.7014,7.4963,0.179,05-28-19_19.04 814_HPPC_0degC_IN21700_30T.mat
0,-0.42,0.5999,discharge,0,-3.001,3.81108,5446.3,101,15.973,8.5163,0.1122,13.62,8.9892,0.233,05-28-19_19.04 814_HPPC_0degC_IN21700_30T.mat
0,-0.63,0.5999,discharge,1,-6.0,3.81226,702.5,101,17.3597,6.8769,0.1275,10.6851,7.4382,0.3843,05-28-19_19.04 814_HPPC_0degC_IN21700_30T.mat
0,-0.42,0.6,charge,0,1.497,3.8163,107.1,101,15.072,9.4371,0.1155,9.9561,6.7569,0.1551,05-28-19_19.04 814_HPPC_0degC_IN21700_30T.mat
0,-0.53,0.5999,discharge,2,-11.999,3.81276,626.8,101,19.5604,3.8551,0.1728,8.4289,7.3672,0.6447,05-28-19_19.04 814_HPPC_0degC_IN21700_30T.mat
0,-0.11,0.6,charge,1,2.248,3.81917,174.1,101,13.9018,10.3374,0.1257,10.7149,8.1086,0.2216,05-28-19_19.04 814_HPPC_0degC_IN21700_30T.mat
0,-0.53,0.5998,discharge,3,-24.001,3.81293,635.4,101,18.3469,3.119,0.1784,6.8167,7.5292,0.8241,05-28-19_19.04 814_HPPC_0degC_IN21700_30T.mat
0,0.32,0.6,charge,2,2.999,3.8222,307.6,101,10.6415,12.4657,0.0933,10.8063,8.089,0.3486,05-28-19_19.04 814_HPPC_0degC_IN21700_30T.mat
0,-0.11,0.5,discharge,0,-3.001,3.70842,5446.4,101,13.9942,9.4669,0.102,12.5982,11.2025,0.1429,05-28-19_19.04 814_HPPC_0degC_IN21700_30T.mat
0,-0.84,0.5,discharge,1,-6.0,3.70876,702.2,101,17.3615,6.4755,0.1172,11.7287,10.3451,0.2683,05-28-19_19.04 814_HPPC_0degC_IN21700_30T.mat
0,-0.84,0.5,charge,0,1.497,3.71365,107.7,101,14.1907,10.0569,0.1075,10.7122,10.6232,0.0906,05-28-19_19.04 814_HPPC_0degC_IN21700_30T.mat
0,-0.21,0.4999,discharge,2,-11.999,3.70909,626.8,101,18.7674,3.7342,0.1435,9.3252,8.403,0.4447,05-28-19_19.04 814_HPPC_0degC_IN21700_30T.mat
0,-0.11,0.5,charge,1,2.248,3.71651,174.3,101,13.6734,9.2955,0.1021,10.3795,10.2375,0.1179,05-28-19_19.04 814_HPPC_0degC_IN21700_30T.mat
0,-0.53,0.4998,discharge,3,-24.001,3.70977,635.3,101,18.1134,2.9057,0.1533,7.4644,7.2715,0.8989,05-28-19_19.04 814_HPPC_0degC_IN21700_30T.mat
0,0.63,0.5,charge,2,2.999,3.72039,310.7,101,13.9904,8.0669,0.1109,10.1175,10.0383,0.1453,05-28-19_19.04 814_HPPC_0degC_IN21700_30T.mat
0,-0.21,0.4,discharge,0,-3.001,3.63155,5446.3,101,14.1174,9.7218,0.105,12.3031,11.7792,0.1485,05-28-19_19.04 814_HPPC_0degC_IN21700_30T.mat
0,-0.63,0.3999,discharge,1,-6.0,3.63189,702.6,101,17.2542,6.5206,0.1108,11.4232,10.5715,0.2688,05-28-19_19.04 814_HPPC_0degC_IN21700_30T.mat
0,-0.42,0.4,charge,0,1.497,3.63661,107.1,101,14.0049,9.847,0.1008,10.0652,10.7724,0.0882,05-28-19_19.04 814_HPPC_0degC_IN21700_30T.mat
0,-0.63,0.3999,discharge,2,-11.999,3.6324,626.8,101,19.2442,3.7561,0.1469,9.9431,9.3459,0.4721,05-28-19_19.04 814_HPPC_0degC_IN21700_30T.mat
0,0.0,0.4,charge,1,2.248,3.63998,174.2,101,11.9645,11.3025,0.0862,9.7693,10.2249,0.1363,05-28-19_19.04 814_HPPC_0degC_IN21700_30T.mat
0,-0.32,0.3998,discharge,3,-24.001,3.63307,635.3,101,18.279,2.7821,0.1459,7.9542,7.7667,0.8753,05-28-19_19.04 814_HPPC_0degC_IN21700_30T.mat
0,0.32,0.4,charge,2,2.999,3.64487,308.0,101,13.4119,8.963,0.0915,9.3387,9.9647,0.1466,05-28-19_19.04 814_HPPC_0degC_IN21700_30T.mat
0,-0.32,0.3,discharge,0,-2.999,3.57239,5446.2,101,15.4421,10.0905,0.1174,12.9641,11.6756,0.1782,05-28-19_19.04 814_HPPC_0degC_IN21700_30T.mat
0,-0.53,0.2999,discharge,1,-6.0,3.57306,702.3,101,17.6033,7.6072,0.1284,12.4378,10.8012,0.2928,05-28-19_19.04 814_HPPC_0degC_IN21700_30T.mat
0,-0.21,0.3,charge,0,1.497,3.57744,107.9,101,14.3575,10.7357,0.1026,9.9437,10.2216,0.0905,05-28-19_19.04 814_HPPC_0degC_IN21700_30T.mat
0,-0.42,0.2999,discharge,2,-11.999,3.57357,626.9,101,19.3973,4.5804,0.1458,11.3941,9.8757,0.5932,05-28-19_19.04 814_HPPC_0degC_IN21700_30T.mat
0,-0.11,0.3,charge,1,2.248,3.58031,174.0,101,15.8371,8.6653,0.1053,10.0669,10.4696,0.1571,05-28-19_19.04 814_HPPC_0degC_IN21700_30T.mat
0,-0.42,0.2998,discharge,3,-24.001,3.57441,635.2,101,17.9093,4.1222,0.1445,10.2689,9.0729,1.2281,05-28-19_19.04 814_HPPC_0degC_IN21700_30T.mat
0,0.42,0.3,charge,2,2.999,3.5852,307.9,101,13.7046,9.659,0.096,9.7257,10.2452,0.1677,05-28-19_19.04 814_HPPC_0degC_IN21700_30T.mat
0,-0.32,0.2,discharge,0,-3.001,3.47378,5446.0,101,15.2419,14.225,0.133,15.2425,9.3455,0.3206,05-28-19_19.04 814_HPPC_0degC_IN21700_30T.mat
0,-0.74,0.1999,discharge,1,-6.0,3.47395,702.4,101,17.6683,11.7106,0.153,17.5422,10.0156,0.5962,05-28-19_19.04 814_HPPC_0degC_IN21700_30T.mat
0,-0.32,0.2,charge,0,1.497,3.47883,107.8,101,16.8944,11.9241,0.1351,10.1953,8.3521,0.1272,05-28-19_19.04 814_HPPC_0degC_IN21700_30T.mat
0,-0.21,0.1999,discharge,2,-11.999,3.47428,626.9,101,20.4384,7.1786,0.1882,25.1574,14.0959,1.1588,05-28-19_19.04 814_HPPC_0degC_IN21700_30T.mat
0,0.21,0.2,charge,1,2.248,3.48153,174.0,101,14.537,12.5994,0.1201,10.2169,9.0148,0.1595,05-28-19_19.04 814_HPPC_0degC_IN21700_30T.mat
0,-0.42,0.1998,discharge,3,-24.001,3.47479,635.2,85,19.2312,5.6011,0.1935,105.2713,50.2842,2.3908,05-28-19_19.04 814_HPPC_0degC_IN21700_30T.mat
0,0.42,0.2,charge,2,2.999,3.4849,265.0,101,14.8628,10.4963,0.119,10.2026,9.6331,0.2091,05-28-19_19.04 814_HPPC_0degC_IN21700_30T.mat
0,-0.42,0.15,discharge,0,-3.001,3.41748,4845.2,101,15.4552,17.8879,0.1848,25.6291,10.3092,0.4643,05-28-19_19.04 814_HPPC_0degC_IN21700_30T.mat
0,-0.32,0.1499,discharge,1,-6.0,3.41815,702.7,101,17.2214,15.6402,0.1881,49.2503,17.3982,1.1469,05-28-19_19.04 814_HPPC_0degC_IN21700_30T.mat
0,0.0,0.15,charge,0,1.497,3.42489,107.9,101,15.0096,15.9718,0.1448,9.5836,6.6525,0.1584,05-28-19_19.04 814_HPPC_0degC_IN21700_30T.mat
0,0.21,0.15,charge,1,2.248,3.42995,174.0,101,14.6424,13.8903,0.1177,8.5498,6.7016,0.2537,05-28-19_19.04 814_HPPC_0degC_IN21700_30T.mat
0,0.0,0.15,charge,2,2.999,3.42793,109.0,101,13.643,15.1872,0.1373,9.1747,8.0095,0.2357,05-28-19_19.04 814_HPPC_0degC_IN21700_30T.mat
0,-0.42,0.1,discharge,0,-3.001,3.37331,4845.1,101,17.0494,27.2522,0.3501,158.3995,22.7381,1.1453,05-28-19_19.04 814_HPPC_0degC_IN21700_30T.mat
0,-0.21,0.0999,discharge,1,-6.0,3.37466,702.6,101,20.1238,200.0,19.0034,17.7328,0.2418,4.4307,05-28-19_19.04 814_HPPC_0degC_IN21700_30T.mat
0,-0.42,0.1,charge,0,1.497,3.38697,107.9,101,15.4892,20.5669,0.1997,13.8022,6.3325,0.2485,05-28-19_19.04 814_HPPC_0degC_IN21700_30T.mat
0,-0.32,0.0999,discharge,2,-11.999,3.37736,626.9,36,21.8168,8.7422,0.1819,91.5232,5.2789,4.9245,05-28-19_19.04 814_HPPC_0degC_IN21700_30T.mat
0,-0.11,0.1,charge,1,2.248,3.38579,88.3,101,15.4659,19.2723,0.1821,12.4904,6.5052,0.3211,05-28-19_19.04 814_HPPC_0degC_IN21700_30T.mat
0,-0.11,0.1,charge,2,2.999,3.38376,67.0,101,15.4851,19.1737,0.1767,11.5492,6.6603,0.3318,05-28-19_19.04 814_HPPC_0degC_IN21700_30T.mat
10,10.41,1.0,discharge,0,-3.001,4.18832,99999.0,101,10.3085,9.8214,0.1482,17.7893,7.7674,0.3202,03-22-19_15.28 746_HPPC_10degC_IN21700_30T.mat
10,9.57,0.9999,discharge,1,-6.0,4.18799,756.6,101,10.6436,9.9324,0.1397,14.1892,6.3435,0.6512,03-22-19_15.28 746_HPPC_10degC_IN21700_30T.mat
10,9.04,0.9998,discharge,2,-18.001,4.18765,862.3,101,14.6042,4.7258,0.1823,7.0244,4.0526,0.935,03-22-19_15.28 746_HPPC_10degC_IN21700_30T.mat
10,9.78,0.9997,discharge,3,-36.0,4.18731,1285.5,101,13.6372,3.3991,0.1554,3.815,2.456,1.0416,03-22-19_15.28 746_HPPC_10degC_IN21700_30T.mat
10,9.67,0.95,discharge,0,-2.998,4.09106,6103.1,101,10.1607,7.8354,0.1189,9.1619,6.5496,0.2033,03-22-19_15.28 746_HPPC_10degC_IN21700_30T.mat
10,9.25,0.95,charge,0,1.497,4.09258,142.6,101,10.0017,8.1009,0.1131,9.9002,7.1975,0.1291,03-22-19_15.28 746_HPPC_10degC_IN21700_30T.mat
10,9.57,0.9499,discharge,1,-5.997,4.09123,626.9,101,9.5134,8.3211,0.1122,7.8282,5.6492,0.4339,03-22-19_15.28 746_HPPC_10degC_IN21700_30T.mat
10,9.36,0.95,charge,1,2.999,4.09342,243.9,101,10.0183,8.1134,0.1217,10.3162,7.7761,0.2363,03-22-19_15.28 746_HPPC_10degC_IN21700_30T.mat
10,9.36,0.9498,discharge,2,-18.001,4.0914,643.8,101,13.8507,3.3219,0.1797,4.537,4.256,0.7506,03-22-19_15.28 746_HPPC_10degC_IN21700_30T.mat
10,9.57,0.9501,charge,2,4.498,4.09528,647.2,101,10.3081,6.6427,0.105,6.8404,3.0428,0.7543,03-22-19_15.28 746_HPPC_10degC_IN21700_30T.mat
10,9.46,0.9497,discharge,3,-36.0,4.0919,659.4,101,13.3242,2.6056,0.1798,2.972,4.0926,1.243,03-22-19_15.28 746_HPPC_10degC_IN21700_30T.mat
10,9.57,0.9501,charge,3,4.411,4.0973,1254.6,101,12.3596,10.9137,0.0874,0.01,2999.9983,0.0938,03-22-19_15.28 746_HPPC_10degC_IN21700_30T.mat
10,9.25,0.9,discharge,0,-3.001,4.07201,4862.2,101,9.889,6.8417,0.1121,8.7719,6.8912,0.2122,03-22-19_15.28 746_HPPC_10degC_IN21700_30T.mat
10,9.36,0.9,charge,0,1.497,4.07353,141.4,101,9.6136,7.0475,0.1121,7.7401,6.5049,0.0968,03-22-19_15.28 746_HPPC_10degC_IN21700_30T.mat
10,9.36,0.8999,discharge,1,-6.0,4.07218,626.9,101,9.8683,6.8047,0.1143,7.6971,6.169,0.3588,03-22-19_15.28 746_HPPC_10degC_IN21700_30T.mat
10,9.57,0.9,charge,1,2.999,4.07437,242.5,101,9.6019,6.9055,0.1136,7.2062,6.4054,0.1739,03-22-19_15.28 746_HPPC_10degC_IN21700_30T.mat
10,9.46,0.8998,discharge,2,-18.001,4.07235,643.7,101,13.8047,2.5358,0.217,4.9082,5.492,0.8077,03-22-19_15.28 746_HPPC_10degC_IN21700_30T.mat
10,9.46,0.9001,charge,2,4.498,4.07572,647.1,101,10.7405,5.757,0.1128,6.8962,6.5317,0.2687,03-22-19_15.28 746_HPPC_10degC_IN21700_30T.mat
10,9.36,0.8996,discharge,3,-36.0,4.07286,660.7,101,13.2913,2.0768,0.2069,4.1662,7.025,1.3207,03-22-19_15.28 746_HPPC_10degC_IN21700_30T.mat
10,9.57,0.9,charge,3,5.997,4.07758,1253.6,101,9.5442,6.3168,0.0934,4.8306,2.7252,0.6538,03-22-19_15.28 746_HPPC_10degC_IN21700_30T.mat
10,9.25,0.8,discharge,0,-3.001,4.01605,5478.8,101,9.3783,5.96,0.1152,13.9436,9.6956,0.1966,03-22-19_15.28 746_HPPC_10degC_IN21700_30T.mat
10,9.36,0.8,charge,0,1.497,4.01824,141.6,101,9.1665,5.9159,0.1061,10.5529,8.0795,0.0992,03-22-19_15.28 746_HPPC_10degC_IN21700_30T.mat
10,9.46,0.7999,discharge,1,-6.0,4.01639,626.9,101,9.3609,5.8443,0.095,11.9146,8.1484,0.4369,03-22-19_15.28 746_HPPC_10degC_IN21700_30T.mat
10,9.25,0.8,charge,1,2.999,4.01959,244.3,101,8.5889,6.443,0.098,9.2426,7.6,0.2018,03-22-19_15.28 746_HPPC_10degC_IN21700_30T.mat
10,9.57,0.7998,discharge,2,-18.001,4.01672,643.8,101,13.3124,1.9208,0.3048,7.5954,7.08,0.6868,03-22-19_15.28 746_HPPC_10degC_IN21700_30T.mat
10,9.57,0.8,charge,2,4.498,4.02144,647.2,101,9.6152,5.3364,0.1196,8.5324,7.9053,0.2324,03-22-19_15.28 746_HPPC_10degC_IN21700_30T.mat
10,9.25,0.7997,discharge,3,-36.0,4.01723,660.3,101,12.7395,1.6753,0.2311,5.7133,6.6314,0.9945,03-22-19_15.28 746_HPPC_10degC_IN21700_30T.mat
10,9.57,0.8,charge,3,5.997,4.0233,1263.4,101,9.1277,5.7019,0.0961,8.0441,7.7457,0.3621,03-22-19_15.28 746_HPPC_10degC_IN21700_30T.mat
10,9.46,0.7,discharge,0,-3.001,3.91356,5480.0,101,8.6378,6.1965,0.1,13.8812,9.6552,0.2252,03-22-19_15.28 746_HPPC_10degC_IN21700_30T.mat
10,9.46,0.7,charge,0,1.497,3.91575,141.5,101,9.054,5.6201,0.1115,9.3112,7.5355,0.1012,03-22-19_15.28 746_HPPC_10degC_IN21700_30T.mat
10,9.46,0.6999,discharge,1,-6.0,3.91373,626.9,101,9.1733,5.6099,0.1168,11.3997,7.9564,0.3347,03-22-19_15.28 746_HPPC_10degC_IN21700_30T.mat
10,9.57,0.7,charge,1,2.999,3.91727,242.7,101,9.0392,5.56,0.1136,7.7645,7.0132,0.1724,03-22-19_15.28 746_HPPC_10degC_IN21700_30T.mat
10,9.25,0.6999,discharge,2,-18.001,3.9139,643.6,101,13.039,1.8443,0.3509,6.3496,6.3047,0.6434,03-22-19_15.28 746_HPPC_10degC_IN21700_30T.mat
10,9.57,0.7,charge,2,4.498,3.92047,652.0,101,8.9632,5.42,0.1046,6.8621,7.1747,0.237,03-22-19_15.28 746_HPPC_10degC_IN21700_30T.mat
10,9.46,0.6994,discharge,3,-36.0,3.91508,660.4,101,12.6821,1.4922,0.329,5.3378,7.6364,0.9164,03-22-19_15.28 746_HPPC_10degC_IN21700_30T.mat
10,9.57,0.7001,charge,3,5.997,3.92216,1264.0,101,8.3724,5.8803,0.1055,6.6798,7.6159,0.2709,03-22-19_15.28 746_HPPC_10degC_IN21700_30T.mat
10,9.36,0.6,discharge,0,-3.001,3.82254,5479.7,101,9.1535,5.4285,0.0943,12.7155,8.679,0.2011,03-22-19_15.28 746_HPPC_10degC_IN21700_30T.mat
10,9.46,0.6,charge,0,1.497,3.82389,141.3,101,8.9497,5.7859,0.1089,11.3631,10.3491,0.1208,03-22-19_15.28 746_HPPC_10degC_IN21700_30T.mat
10,9.46,0.5999,discharge,1,-6.0,3.82321,626.8,101,9.1236,5.5141,0.1178,9.6018,7.0645,0.3425,03-22-19_15.28 746_HPPC_10degC_IN21700_30T.mat
10,9.46,0.6,charge,1,2.999,3.82625,244.3,101,8.4744,6.2026,0.1114,12.1248,10.7172,0.1881,03-22-19_15.28 746_HPPC_10degC_IN21700_30T.mat
10,9.46,0.5997,discharge,2,-18.001,3.82287,643.6,101,13.0243,1.5574,0.3288,6.7261,7.8707,0.5114,03-22-19_15.28 746_HPPC_10degC_IN21700_30T.mat
10,9.46,0.6,charge,2,4.498,3.82945,652.6,101,8.9857,5.4389,0.1086,10.9316,9.4518,0.208,03-22-19_15.28 746_HPPC_10degC_IN21700_30T.mat
10,9.46,0.5996,discharge,3,-36.0,3.82355,660.3,101,12.5885,1.229,0.27,5.9481,8.2466,0.8221,03-22-19_15.28 746_HPPC_10degC_IN21700_30T.mat
10,9.46,0.6001,charge,3,5.997,3.83215,1255.1,101,8.4741,5.8782,0.0936,9.4215,8.3155,0.3138,03-22-19_15.28 746_HPPC_10degC_IN21700_30T.mat
10,9.46,0.5,discharge,0,-3.001,3.71129,5480.1,101,9.0254,5.1536,0.1066,10.096,10.8575,0.1061,03-22-19_15.28 746_HPPC_10degC_IN21700_30T.mat
10,9.46,0.5,charge,0,1.497,3.71247,141.4,101,8.8777,5.1975,0.1095,9.0828,10.1492,0.0729,03-22-19_15.28 746_HPPC_10degC_IN21700_30T.mat
10,9.36,0.4999,discharge,1,-6.0,3.71129,626.9,101,9.5146,4.6117,0.0982,9.1435,9.6039,0.2159,03-22-19_15.28 746_HPPC_10degC_IN21700_30T.mat
10,9.46,0.5,charge,1,2.999,3.71331,242.8,101,8.3975,5.6541,0.0852,8.7951,9.6706,0.1267,03-22-19_15.28 746_HPPC_10degC_IN21700_30T.mat
10,9.36,0.4997,discharge,2,-17.999,3.71145,643.7,101,13.0102,1.0238,0.2958,7.1776,8.2335,0.4094,03-22-19_15.28 746_HPPC_10degC_IN21700_30T.mat
10,9.67,0.5,charge,2,4.498,3.7155,653.4,101,8.9028,5.082,0.0979,8.5908,9.6344,0.1766,03-22-19_15.28 746_HPPC_10degC_IN21700_30T.mat
10,9.46,0.4997,discharge,3,-36.0,3.71247,660.4,101,12.4715,1.0458,0.2561,6.0323,7.2508,0.8239,03-22-19_15.28 746_HPPC_10degC_IN21700_30T.mat
10,9.57,0.5,charge,3,5.997,3.71786,1253.6,101,7.2102,6.7489,0.0852,8.3319,9.131,0.2296,03-22-19_15.28 746_HPPC_10degC_IN21700_30T.mat
10,9.36,0.4,discharge,0,-3.001,3.63425,5479.6,101,8.5965,5.6903,0.0909,9.6966,10.9767,0.1165,03-22-19_15.28 746_HPPC_10degC_IN21700_30T.mat
10,9.46,0.4,charge,0,1.497,3.63577,142.4,101,9.4903,4.7631,0.0974,8.8919,10.6813,0.0722,03-22-19_15.28 746_HPPC_10degC_IN21700_30T.mat
10,9.46,0.3999,discharge,1,-6.0,3.63459,626.9,101,8.5651,5.6709,0.0994,9.3854,10.5989,0.1826,03-22-19_15.28 746_HPPC_10degC_IN21700_30T.mat
10,9.46,0.4,charge,1,2.999,3.63695,242.5,101,8.5047,5.6904,0.0917,8.8012,10.5431,0.1049,03-22-19_15.28 746_HPPC_10degC_IN21700_30T.mat
10,9.57,0.3998,discharge,2,-18.001,3.63476,643.8,101,13.0421,1.0794,0.246,7.8854,9.2303,0.445,03-22-19_15.28 746_HPPC_10degC_IN21700_30T.mat
10,9.67,0.4001,charge,2,4.498,3.63948,647.1,101,9.4623,4.6057,0.0918,8.1585,9.819,0.14,03-22-19_15.28 746_HPPC_10degC_IN21700_30T.mat
10,9.57,0.3997,discharge,3,-36.0,3.6356,660.6,101,12.5977,1.0113,0.2633,6.4898,7.6736,0.7199,03-22-19_15.28 746_HPPC_10degC_IN21700_30T.mat
10,9.57,0.4001,charge,3,5.997,3.64184,1253.5,101,9.0044,5.0819,0.0986,7.8826,9.5218,0.1514,03-22-19_15.28 746_HPPC_10degC_IN21700_30T.mat
10,9.46,0.3,discharge,0,-3.001,3.57576,5480.0,101,9.3777,5.4956,0.0984,10.3359,11.4248,0.1113,03-22-19_15.28 746_HPPC_10degC_IN21700_30T.mat
10,9.57,0.3,charge,0,1.497,3.57711,141.5,101,8.6929,6.1106,0.0888,9.6853,11.7113,0.0708,03-22-19_15.28 746_HPPC_10degC_IN21700_30T.mat
10,9.57,0.3,discharge,1,-6.0,3.5761,626.9,101,9.4046,5.4409,0.0931,10.0536,10.8528,0.2334,03-22-19_15.28 746_HPPC_10degC_IN21700_30T.mat
10,9.67,0.3,charge,1,2.999,3.57846,244.1,101,8.7042,6.0055,0.1029,9.2162,10.8139,0.1045,03-22-19_15.28 746_HPPC_10degC_IN21700_30T.mat
10,9.57,0.2998,discharge,2,-18.001,3.57643,643.7,101,13.3252,1.3308,0.2218,9.1757,10.132,0.5286,03-22-19_15.28 746_HPPC_10degC_IN21700_30T.mat
10,9.67,0.3,charge,2,4.498,3.582,647.7,101,8.7478,5.8893,0.0895,8.6027,10.1421,0.151,03-22-19_15.28 746_HPPC_10degC_IN21700_30T.mat
10,9.46,0.2997,discharge,3,-36.0,3.57778,660.3,101,12.8501,1.3467,0.2436,8.5607,9.8253,1.113,03-22-19_15.28 746_HPPC_10degC_IN21700_30T.mat
10,9.36,0.3,charge,3,5.997,3.58621,1263.9,101,8.7286,5.8819,0.0931,7.6818,9.1597,0.1786,03-22-19_15.28 746_HPPC_10degC_IN21700_30T.mat
10,9.46,0.2,discharge,0,-2.998,3.48035,5479.6,101,9.3394,7.1623,0.1001,11.1753,10.1784,0.1582,03-22-19_15.28 746_HPPC_10degC_IN21700_30T.mat
10,9.57,0.2,charge,0,1.497,3.4817,141.5,101,9.7015,6.5169,0.1083,9.8974,10.2471,0.0777,03-22-19_15.28 746_HPPC_10degC_IN21700_30T.mat
10,9.57,0.1999,discharge,1,-6.0,3.48052,627.0,101,9.2946,7.0983,0.1031,10.9644,9.6619,0.3114,03-22-19_15.28 746_HPPC_10degC_IN21700_30T.mat
10,9.46,0.2,charge,1,2.999,3.48271,243.0,101,9.8624,6.3858,0.1043,9.9091,10.473,0.1281,03-22-19_15.28 746_HPPC_10degC_IN21700_30T.mat
10,9.46,0.1998,discharge,2,-18.001,3.48086,643.6,101,14.0283,2.4395,0.2323,14.5765,12.7934,0.9105,03-22-19_15.28 746_HPPC_10degC_IN21700_30T.mat
10,9.67,0.2001,charge,2,4.498,3.48591,647.0,101,9.764,6.2546,0.1008,9.4988,10.5305,0.1706,03-22-19_15.28 746_HPPC_10degC_IN21700_30T.mat
10,9.46,0.1997,discharge,3,-36.0,3.48254,660.7,98,13.6101,2.0808,0.2124,200.0,162.9971,4.6151,03-22-19_15.28 746_HPPC_10degC_IN21700_30T.mat
10,9.46,0.2001,charge,3,5.997,3.48895,1227.7,101,9.7222,6.0571,0.099,8.9826,10.1432,0.2422,03-22-19_15.28 746_HPPC_10degC_IN21700_30T.mat
10,9.36,0.15,discharge,0,-3.001,3.42001,4878.4,101,10.3224,7.666,0.1104,12.4516,8.8392,0.206,03-22-19_15.28 746_HPPC_10degC_IN21700_30T.mat
10,9.46,0.15,charge,0,1.497,3.42169,141.5,101,9.4883,8.2157,0.1119,9.1937,8.59,0.0995,03-22-19_15.28 746_HPPC_10degC_IN21700_30T.mat
10,9.36,0.1499,discharge,1,-6.0,3.42017,626.9,101,9.6635,8.4849,0.116,14.9386,10.0954,0.4879,03-22-19_15.28 746_HPPC_10degC_IN21700_30T.mat
10,9.46,0.15,charge,1,2.999,3.42405,242.9,101,10.1082,7.3904,0.1244,8.4723,8.8376,0.158,03-22-19_15.28 746_HPPC_10degC_IN21700_30T.mat
10,9.57,0.1501,charge,2,4.498,3.42945,647.0,101,9.9923,7.0723,0.1158,7.6087,9.0837,0.2132,03-22-19_15.28 746_HPPC_10degC_IN21700_30T.mat
10,9.88,0.1501,charge,3,5.997,3.4286,416.3,101,9.9109,6.7817,0.1189,7.6907,9.5006,0.2627,03-22-19_15.28 746_HPPC_10degC_IN21700_30T.mat
10,9.57,0.1,discharge,0,-3.001,3.37871,4878.8,101,12.4992,10.3776,0.2005,49.3248,17.5896,0.4433,03-22-19_15.28 746_HPPC_10degC_IN21700_30T.mat
10,9.36,0.1,charge,0,1.497,3.38225,142.6,101,10.06,11.0803,0.1319,12.7913,7.3095,0.1721,03-22-19_15.28 746_HPPC_10degC_IN21700_30T.mat
10,9.57,0.0999,discharge,1,-6.0,3.37955,626.9,101,9.6331,12.9361,0.1469,200.0,52.1113,1.6311,03-22-19_15.28 746_HPPC_10degC_IN21700_30T.mat
10,9.57,0.1,charge,1,2.999,3.38629,242.9,101,10.0415,10.3591,0.1112,9.6476,6.413,0.322,03-22-19_15.28 746_HPPC_10degC_IN21700_30T.mat
10,9.78,0.1001,charge,2,4.498,3.38815,282.9,101,10.4998,8.7386,0.1172,8.1559,6.3353,0.3133,03-22-19_15.28 746_HPPC_10degC_IN21700_30T.mat
10,9.88,0.1001,charge,3,5.997,3.38562,157.3,101,10.501,8.5927,0.1152,7.6191,6.3508,0.3376,03-22-19_15.28 746_HPPC_10degC_IN21700_30T.mat
25,23.56,1.0,discharge,0,-3.001,4.18647,99999.0,101,7.4566,4.28,0.1384,13.1716,8.9088,0.2152,03-14-19_17.34 729_HPPC_25degC_IN21700_30T.mat
25,23.87,1.0,discharge,1,-6.0,4.18596,622.1,101,6.5352,4.9514,0.1176,11.0506,7.4723,0.4456,03-14-19_17.34 729_HPPC_25degC_IN21700_30T.mat
25,24.08,0.9997,discharge,2,-18.001,4.18529,624.2,101,8.8121,2.5379,0.1488,6.8944,5.077,1.0375,03-14-19_17.34 729_HPPC_25degC_IN21700_30T.mat
25,24.08,0.9997,discharge,3,-36.0,4.18495,627.2,101,9.923,1.4593,0.381,4.0994,3.9835,0.9376,03-14-19_17.34 729_HPPC_25degC_IN21700_30T.mat
25,24.08,0.95,discharge,0,-3.001,4.09376,4828.9,101,6.2613,4.3725,0.1136,6.3403,6.8113,0.1434,03-14-19_17.34 729_HPPC_25degC_IN21700_30T.mat
25,24.19,0.95,charge,0,1.497,4.0946,142.2,101,6.4542,4.0922,0.1116,6.437,7.0439,0.085,03-14-19_17.34 729_HPPC_25degC_IN21700_30T.mat
25,24.08,0.9499,discharge,1,-5.997,4.09393,626.9,101,6.644,3.9803,0.1112,5.7213,6.068,0.2856,03-14-19_17.34 729_HPPC_25degC_IN21700_30T.mat
25,24.19,0.95,charge,1,2.999,4.09494,242.4,101,6.8391,3.7563,0.121,6.3639,7.2068,0.1417,03-14-19_17.34 729_HPPC_25degC_IN21700_30T.mat
25,24.19,0.9498,discharge,2,-18.001,4.09376,643.7,101,8.6895,1.9335,0.1716,4.0327,4.7518,0.6619,03-14-19_17.34 729_HPPC_25degC_IN21700_30T.mat
25,24.29,0.9501,charge,2,5.997,4.09595,647.4,101,6.4451,4.1099,0.1142,6.4246,7.69,0.2936,03-14-19_17.34 729_HPPC_25degC_IN21700_30T.mat
25,24.29,0.9497,discharge,3,-36.0,4.09393,677.0,101,9.5372,1.238,0.4238,3.3097,6.4994,0.839,03-14-19_17.34 729_HPPC_25degC_IN21700_30T.mat
25,24.29,0.9501,charge,3,7.409,4.09696,1253.8,101,13.4686,0.4312,0.0737,0.01,2999.9538,0.0115,03-14-19_17.34 729_HPPC_25degC_IN21700_30T.mat
25,24.08,0.9,discharge,0,-3.001,4.07454,4897.0,101,6.8161,3.5576,0.12,5.7851,6.538,0.1248,03-14-19_17.34 729_HPPC_25degC_IN21700_30T.mat
25,24.08,0.9,charge,0,1.497,4.07522,142.7,101,6.3231,3.9354,0.1194,5.2383,6.2507,0.0811,03-14-19_17.34 729_HPPC_25degC_IN21700_30T.mat
25,24.19,0.8999,discharge,1,-6.0,4.07454,626.9,101,6.5043,3.7969,0.1107,5.4829,6.1393,0.2791,03-14-19_17.34 729_HPPC_25degC_IN21700_30T.mat
25,24.19,0.9,charge,1,2.999,4.07555,242.4,101,6.3288,3.9035,0.1074,4.809,5.7715,0.1303,03-14-19_17.34 729_HPPC_25degC_IN21700_30T.mat
25,24.08,0.8998,discharge,2,-18.001,4.07471,643.5,101,8.2787,2.0779,0.1654,4.155,5.3541,0.8042,03-14-19_17.34 729_HPPC_25degC_IN21700_30T.mat
25,24.29,0.9,charge,2,5.997,4.07656,647.0,101,6.6947,3.5274,0.117,4.2367,5.6947,0.227,03-14-19_17.34 729_HPPC_25degC_IN21700_30T.mat
25,24.08,0.8997,discharge,3,-36.0,4.07505,677.3,101,9.3845,1.1246,0.4315,4.5504,9.8589,0.6744,03-14-19_17.34 729_HPPC_25degC_IN21700_30T.mat
25,24.19,0.9001,charge,3,9.657,4.07791,1253.9,101,11.359,1.2796,0.1493,0.01,2999.9999,0.0986,03-14-19_17.34 729_HPPC_25degC_IN21700_30T.mat
25,24.08,0.8,discharge,0,-3.001,4.01875,5523.4,101,6.3363,3.7192,0.1077,10.1862,9.3563,0.1753,03-14-19_17.34 729_HPPC_25degC_IN21700_30T.mat
25,24.19,0.8,charge,0,1.497,4.01993,141.5,101,6.1139,3.7842,0.1153,8.0701,7.9311,0.0888,03-14-19_17.34 729_HPPC_25degC_IN21700_30T.mat
25,24.08,0.8,discharge,1,-6.0,4.01892,626.9,101,6.3332,3.6922,0.1179,9.5725,8.6764,0.2735,03-14-19_17.34 729_HPPC_25degC_IN21700_30T.mat
25,24.08,0.8,charge,1,2.999,4.02043,244.2,101,6.5504,3.4344,0.1325,7.2119,7.5916,0.1297,03-14-19_17.34 729_HPPC_25degC_IN21700_30T.mat
25,24.19,0.7997,discharge,2,-18.001,4.01892,643.8,101,8.3971,1.7298,0.2227,6.4555,6.6673,0.7197,03-14-19_17.34 729_HPPC_25degC_IN21700_30T.mat
25,24.19,0.8,charge,2,5.997,4.02144,651.5,101,6.1682,3.6888,0.1076,6.0115,6.8294,0.2875,03-14-19_17.34 729_HPPC_25degC_IN21700_30T.mat
25,24.08,0.7997,discharge,3,-36.0,4.01925,677.1,101,9.1446,1.0585,0.4703,5.562,7.9843,0.5368,03-14-19_17.34 729_HPPC_25degC_IN21700_30T.mat
25,24.29,0.8001,charge,3,11.997,4.02195,1253.6,101,7.71,2.1367,0.1541,5.7233,7.9926,0.4205,03-14-19_17.34 729_HPPC_25degC_IN21700_30T.mat
25,24.08,0.7,discharge,0,-3.001,3.91474,5546.5,101,5.8645,3.9942,0.1154,10.7986,10.3308,0.1482,03-14-19_17.34 729_HPPC_25degC_IN21700_30T.mat
25,24.19,0.7,charge,0,1.497,3.91626,141.7,101,6.1326,3.6981,0.1094,7.1404,7.4514,0.0921,03-14-19_17.34 729_HPPC_25degC_IN21700_30T.mat
25,23.87,0.6999,discharge,1,-6.0,3.91491,626.9,101,5.8719,3.9722,0.107,9.377,8.5884,0.275,03-14-19_17.34 729_HPPC_25degC_IN21700_30T.mat
25,24.08,0.7,charge,1,2.999,3.9171,242.5,101,6.1632,3.5968,0.1077,5.9091,6.4307,0.1257,03-14-19_17.34 729_HPPC_25degC_IN21700_30T.mat
25,24.08,0.6998,discharge,2,-18.001,3.91491,643.6,101,8.1772,1.7768,0.2089,5.3021,5.5419,0.7414,03-14-19_17.34 729_HPPC_25degC_IN21700_30T.mat
25,24.19,0.7001,charge,2,5.997,3.91896,647.5,101,6.099,3.6278,0.122,4.8551,6.5659,0.2362,03-14-19_17.34 729_HPPC_25degC_IN21700_30T.mat
25,24.08,0.6997,discharge,3,-36.0,3.91542,677.0,101,8.9831,1.1777,0.5208,4.9469,8.9366,0.6142,03-14-19_17.34 729_HPPC_25degC_IN21700_30T.mat
25,24.08,0.7002,charge,3,11.997,3.92031,1255.4,101,7.7285,1.9065,0.1375,4.7593,7.8685,0.4402,03-14-19_17.34 729_HPPC_25degC_IN21700_30T.mat
25,24.19,0.5999,discharge,0,-3.001,3.83383,5547.5,101,6.2183,3.6533,0.1173,12.1049,10.1832,0.1554,03-14-19_17.34 729_HPPC_25degC_IN21700_30T.mat
25,24.08,0.6,charge,0,1.497,3.83501,142.3,101,6.462,3.4354,0.1398,10.3673,10.9323,0.0851,03-14-19_17.34 729_HPPC_25degC_IN21700_30T.mat
25,24.08,0.5999,discharge,1,-6.0,3.83383,626.8,101,6.2296,3.668,0.1243,8.9897,7.6936,0.2471,03-14-19_17.34 729_HPPC_25degC_IN21700_30T.mat
25,24.08,0.6,charge,1,2.999,3.83585,242.4,101,6.1514,3.6674,0.1279,9.2275,9.1693,0.127,03-14-19_17.34 729_HPPC_25degC_IN21700_30T.mat
25,24.08,0.5998,discharge,2,-18.001,3.83349,643.8,101,8.1757,1.7966,0.2093,5.5333,6.2735,0.697,03-14-19_17.34 729_HPPC_25degC_IN21700_30T.mat
25,24.29,0.6001,charge,2,5.997,3.83754,648.0,101,6.4345,3.2873,0.131,6.9389,7.1767,0.1935,03-14-19_17.34 729_HPPC_25degC_IN21700_30T.mat
25,24.08,0.5997,discharge,3,-36.0,3.83349,677.4,101,9.001,0.9982,0.4819,5.409,9.1214,0.5603,03-14-19_17.34 729_HPPC_25degC_IN21700_30T.mat
25,24.29,0.6001,charge,3,11.997,3.83855,1254.1,101,7.8434,1.8544,0.1691,5.4341,6.6695,0.4493,03-14-19_17.34 729_HPPC_25degC_IN21700_30T.mat
25,24.08,0.5,discharge,0,-3.001,3.7155,5547.4,101,6.1317,3.3675,0.1024,7.323,9.3862,0.1047,03-14-19_17.34 729_HPPC_25degC_IN21700_30T.mat
25,24.08,0.5,charge,0,1.497,3.71634,141.5,101,5.3123,4.1178,0.0897,6.589,8.6998,0.0719,03-14-19_17.34 729_HPPC_25degC_IN21700_30T.mat
25,23.98,0.5,discharge,1,-6.0,3.7155,626.9,101,6.1427,3.3372,0.0978,6.7469,8.509,0.2098,03-14-19_17.34 729_HPPC_25degC_IN21700_30T.mat
25,24.19,0.5,charge,1,2.999,3.71685,242.4,101,4.9071,4.4838,0.0827,6.237,7.9212,0.1312,03-14-19_17.34 729_HPPC_25degC_IN21700_30T.mat
25,24.19,0.4998,discharge,2,-18.001,3.7155,643.9,101,8.18,1.3195,0.1732,5.5456,7.2089,0.4858,03-14-19_17.34 729_HPPC_25degC_IN21700_30T.mat
25,24.19,0.5001,charge,2,5.997,3.7182,647.5,101,5.7574,3.6358,0.0896,5.8838,7.685,0.2217,03-14-19_17.34 729_HPPC_25degC_IN21700_30T.mat
25,24.08,0.4997,discharge,3,-36.0,3.71601,677.5,101,8.949,0.8214,0.6643,5.3073,8.9972,0.4045,03-14-19_17.34 729_HPPC_25degC_IN21700_30T.mat
25,24.19,0.5001,charge,3,11.997,3.72005,1265.2,101,7.9978,1.4566,0.1536,5.3948,7.4965,0.3702,03-14-19_17.34 729_HPPC_25degC_IN21700_30T.mat
25,23.98,0.4,discharge,0,-3.001,3.6388,5546.5,101,6.1831,3.3046,0.1063,6.9141,9.654,0.1068,03-14-19_17.34 729_HPPC_25degC_IN21700_30T.mat
25,24.08,0.4,charge,0,1.497,3.63965,141.7,101,6.0991,3.363,0.0901,6.3694,9.1393,0.0632,03-14-19_17.34 729_HPPC_25degC_IN21700_30T.mat
25,24.08,0.4,discharge,1,-6.0,3.63897,626.8,101,5.8289,3.6563,0.09,6.6884,9.164,0.2077,03-14-19_17.34 729_HPPC_25degC_IN21700_30T.mat
25,23.98,0.4,charge,1,2.999,3.64032,242.2,101,6.432,3.0144,0.1033,6.3041,8.9016,0.0953,03-14-19_17.34 729_HPPC_25degC_IN21700_30T.mat
25,24.08,0.3998,discharge,2,-18.001,3.63914,643.7,101,8.0982,1.4019,0.1477,5.7519,7.7568,0.4457,03-14-19_17.34 729_HPPC_25degC_IN21700_30T.mat
25,24.19,0.4001,charge,2,5.997,3.64184,647.4,101,5.7806,3.6494,0.0969,5.7004,8.0983,0.1951,03-14-19_17.34 729_HPPC_25degC_IN21700_30T.mat
25,24.19,0.3996,discharge,3,-36.0,3.63948,677.0,101,8.9955,0.7092,0.6182,5.3007,8.4878,0.3698,03-14-19_17.34 729_HPPC_25degC_IN21700_30T.mat
25,23.98,0.4001,charge,3,11.997,3.64335,1254.8,101,8.1906,1.2644,0.153,5.0068,7.2843,0.3113,03-14-19_17.34 729_HPPC_25degC_IN21700_30T.mat
25,24.08,0.3,discharge,0,-3.001,3.57862,5546.5,101,6.2881,3.3886,0.0991,7.2474,9.8943,0.0955,03-14-19_17.34 729_HPPC_25degC_IN21700_30T.mat
25,23.98,0.3,charge,0,1.497,3.57964,142.4,101,5.7578,3.8183,0.0948,6.5755,9.2232,0.0689,03-14-19_17.34 729_HPPC_25degC_IN21700_30T.mat
25,23.98,0.2999,discharge,1,-6.0,3.57879,627.0,101,6.3117,3.3847,0.0895,7.0579,9.5379,0.2206,03-14-19_17.34 729_HPPC_25degC_IN21700_30T.mat
25,23.98,0.3,charge,1,2.999,3.57997,242.9,101,6.2477,3.4181,0.1057,6.5094,9.1196,0.0927,03-14-19_17.34 729_HPPC_25degC_IN21700_30T.mat
25,24.19,0.2998,discharge,2,-18.001,3.57862,643.9,101,8.3448,1.369,0.1591,6.232,8.4096,0.4928,03-14-19_17.34 729_HPPC_25degC_IN21700_30T.mat
25,23.98,0.3001,charge,2,5.997,3.58183,647.5,101,5.9227,3.7157,0.0936,6.0471,8.5025,0.2016,03-14-19_17.34 729_HPPC_25degC_IN21700_30T.mat
25,24.19,0.2996,discharge,3,-36.0,3.57896,677.0,101,9.1395,0.6867,0.488,5.9661,8.7064,0.4306,03-14-19_17.34 729_HPPC_25degC_IN21700_30T.mat
25,24.29,0.3001,charge,3,11.997,3.58469,1254.8,101,8.0873,1.5378,0.1408,5.1224,7.3298,0.2917,03-14-19_17.34 729_HPPC_25degC_IN21700_30T.mat
25,24.08,0.2,discharge,0,-2.998,3.48625,5547.3,101,6.1902,3.9931,0.0879,7.7065,9.1716,0.119,03-14-19_17.34 729_HPPC_25degC_IN21700_30T.mat
25,24.08,0.2,charge,0,1.497,3.4876,142.4,101,6.7667,3.3806,0.1076,7.8992,10.1964,0.072,03-14-19_17.34 729_HPPC_25degC_IN21700_30T.mat
25,24.08,0.1999,discharge,1,-6.0,3.48693,626.8,101,6.5807,3.6198,0.1043,7.3671,8.7058,0.2471,03-14-19_17.34 729_HPPC_25degC_IN21700_30T.mat
25,24.08,0.2,charge,1,2.999,3.48912,242.4,101,5.7006,4.4226,0.0873,7.8014,9.886,0.1354,03-14-19_17.34 729_HPPC_25degC_IN21700_30T.mat
25,23.98,0.1998,discharge,2,-18.001,3.48811,643.7,101,8.4807,1.7568,0.146,7.2495,8.5125,0.6369,03-14-19_17.34 729_HPPC_25degC_IN21700_30T.mat
25,24.19,0.2001,charge,2,5.997,3.49299,647.4,101,6.8273,3.2881,0.1091,7.1764,9.4405,0.1886,03-14-19_17.34 729_HPPC_25degC_IN21700_30T.mat
25,24.08,0.1997,discharge,3,-36.0,3.49097,677.1,101,9.6238,1.1687,0.7983,12.7168,20.1698,0.9846,03-14-19_17.34 729_HPPC_25degC_IN21700_30T.mat
25,24.19,0.2002,charge,3,11.997,3.49535,1254.4,101,8.361,1.737,0.1464,6.5349,9.135,0.3645,03-14-19_17.34 729_HPPC_25degC_IN21700_30T.mat
25,23.98,0.15,discharge,0,-3.001,3.42102,4946.2,101,7.1923,3.5522,0.1062,7.0236,7.1838,0.0939,03-14-19_17.34 729_HPPC_25degC_IN21700_30T.mat
25,24.08,0.15,charge,0,1.497,3.42253,142.6,101,6.3278,4.4477,0.1164,7.0698,8.7785,0.0825,03-14-19_17.34 729_HPPC_25degC_IN21700_30T.mat
25,24.08,0.1499,discharge,1,-6.0,3.42169,626.9,101,7.1887,3.596,0.1121,6.6699,7.0954,0.2284,03-14-19_17.34 729_HPPC_25degC_IN21700_30T.mat
25,24.19,0.15,charge,1,2.999,3.42456,242.7,101,6.3629,4.3376,0.1142,6.5535,8.7992,0.1109,03-14-19_17.34 729_HPPC_25degC_IN21700_30T.mat
25,24.08,0.1498,discharge,2,-18.001,3.42253,643.6,101,8.7582,2.2402,0.1919,12.8763,15.7227,0.934,03-14-19_17.34 729_HPPC_25degC_IN21700_30T.mat
25,24.19,0.1501,charge,2,5.997,3.42894,648.2,101,6.3476,4.195,0.0892,5.9972,8.9381,0.2324,03-14-19_17.34 729_HPPC_25degC_IN21700_30T.mat
25,23.98,0.1501,charge,3,11.997,3.43248,1252.8,101,8.7312,1.7221,0.1368,6.8929,11.3323,0.3546,03-14-19_17.34 729_HPPC_25degC_IN21700_30T.mat
25,23.87,0.1,discharge,0,-3.001,3.38326,4945.2,101,6.8217,5.1814,0.1139,13.9512,9.6324,0.1601,03-14-19_17.34 729_HPPC_25degC_IN21700_30T.mat
25,24.08,0.1,charge,0,1.497,3.38579,142.4,101,7.0483,4.7711,0.1155,8.9097,7.7363,0.105,03-14-19_17.34 729_HPPC_25degC_IN21700_30T.mat
25,23.98,0.0999,discharge,1,-6.0,3.3841,626.9,101,7.2811,4.8886,0.1232,18.6805,12.6804,0.4283,03-14-19_17.34 729_HPPC_25degC_IN21700_30T.mat
25,24.08,0.1,charge,1,2.999,3.38882,242.9,101,6.7204,5.0605,0.1157,7.1225,6.7539,0.1472,03-14-19_17.34 729_HPPC_25degC_IN21700_30T.mat
25,24.19,0.1001,charge,2,5.997,3.39422,648.0,101,7.4294,4.0384,0.1133,5.407,6.3426,0.2555,03-14-19_17.34 729_HPPC_25degC_IN21700_30T.mat
25,24.4,0.1001,charge,3,11.997,3.39371,451.8,101,9.0178,2.2048,0.152,4.7172,6.65,0.3922,03-14-19_17.34 729_HPPC_25degC_IN21700_30T.mat
25,24.4,0.025,discharge,0,-3.001,2.99977,5245.7,101,10.1078,20.1605,0.5633,200.0,16.309,1.0527,03-14-19_17.34 729_HPPC_25degC_IN21700_30T.mat
25,24.5,0.025,charge,0,1.497,3.0372,141.7,101,8.7651,11.9715,0.2351,39.7056,12.6243,0.2502,03-14-19_17.34 729_HPPC_25degC_IN21700_30T.mat
25,24.19,0.025,charge,1,2.999,3.05827,221.9,101,7.9344,9.7356,0.1646,34.9727,13.0984,0.3943,03-14-19_17.34 729_HPPC_25degC_IN21700_30T.mat
25,24.19,0.025,charge,2,5.997,3.06197,116.4,101,7.8799,8.7669,0.1476,29.7793,12.8359,0.5902,03-14-19_17.34 729_HPPC_25degC_IN21700_30T.mat
25,24.19,0.0251,charge,3,11.997,3.06602,98.0,101,10.1207,5.1505,0.1535,23.0968,11.6453,0.7774,03-14-19_17.34 729_HPPC_25degC_IN21700_30T.mat
40,38.17,1.0,discharge,0,-3.001,4.17804,99999.0,101,5.525,2.9059,0.1352,9.0897,9.7484,0.1439,03-01-19_19.23 705_HPPC_40degC_IN21700_30T.mat
40,38.38,1.0,charge,0,1.497,4.18495,142.5,100,2.8631,1.3359,0.1749,9.3225,9.4844,0.093,03-01-19_19.23 705_HPPC_40degC_IN21700_30T.mat
40,38.59,0.9999,discharge,1,-6.0,4.17686,626.7,101,5.5161,2.8407,0.1239,7.9175,8.5207,0.2596,03-01-19_19.23 705_HPPC_40degC_IN21700_30T.mat
40,38.59,1.0,charge,1,1.732,4.1777,242.5,101,7.6921,5.1571,0.0776,0.01,2999.9881,0.0079,03-01-19_19.23 705_HPPC_40degC_IN21700_30T.mat
40,38.7,0.9999,discharge,2,-18.001,4.17568,630.5,101,6.9423,1.4376,0.2252,5.9065,6.8426,0.6265,03-01-19_19.23 705_HPPC_40degC_IN21700_30T.mat
40,38.7,1.0,charge,2,2.154,4.17635,647.2,54,5.8703,5.0846,0.0758,0.808,1154.1997,0.0242,03-01-19_19.23 705_HPPC_40degC_IN21700_30T.mat
40,38.8,0.9997,discharge,3,-36.0,4.17399,623.4,101,7.6234,0.9077,0.5276,4.0173,5.2592,0.4702,03-01-19_19.23 705_HPPC_40degC_IN21700_30T.mat
40,38.8,1.0,charge,3,2.041,4.17399,1253.8,101,7.8454,4.8764,0.0798,0.01,3000.0,0.0152,03-01-19_19.23 705_HPPC_40degC_IN21700_30T.mat
40,38.91,0.95,discharge,0,-3.001,4.09494,4835.6,101,5.1894,3.0639,0.1187,4.503,6.9567,0.109,03-01-19_19.23 705_HPPC_40degC_IN21700_30T.mat
40,38.8,0.95,charge,0,1.497,4.09528,141.8,101,4.4299,3.7036,0.0897,4.3545,6.5998,0.0889,03-01-19_19.23 705_HPPC_40degC_IN21700_30T.mat
40,38.7,0.9499,discharge,1,-6.0,4.09477,626.9,101,4.238,3.897,0.0911,4.1114,5.9588,0.253,03-01-19_19.23 705_HPPC_40degC_IN21700_30T.mat
40,38.8,0.95,charge,1,2.999,4.09544,242.3,101,4.4164,3.6573,0.0942,4.2336,6.3563,0.1238,03-01-19_19.23 705_HPPC_40degC_IN21700_30T.mat
40,38.8,0.9498,discharge,2,-18.001,4.09477,643.7,101,6.9594,1.2745,0.2185,3.2463,5.2988,0.4922,03-01-19_19.23 705_HPPC_40degC_IN21700_30T.mat
40,38.91,0.9501,charge,2,5.997,4.09612,647.6,101,5.0612,3.0616,0.1163,3.9678,6.6631,0.2202,03-01-19_19.23 705_HPPC_40degC_IN21700_30T.mat
40,38.8,0.9497,discharge,3,-36.0,4.09494,677.0,101,7.5396,0.9609,0.593,3.2084,8.9123,0.441,03-01-19_19.23 705_HPPC_40degC_IN21700_30T.mat
40,38.91,0.9501,charge,3,10.073,4.09679,1254.5,101,8.7462,1.4984,0.3832,0.01,3000.0,0.1778,03-01-19_19.23 705_HPPC_40degC_IN21700_30T.mat
40,38.8,0.9,discharge,0,-3.001,4.07656,4926.0,101,5.1884,2.9937,0.116,4.1201,6.2819,0.1136,03-01-19_19.23 705_HPPC_40degC_IN21700_30T.mat
40,38.8,0.9,charge,0,1.497,4.0769,141.2,101,4.9641,3.1278,0.1301,3.8143,6.2411,0.0657,03-01-19_19.23 705_HPPC_40degC_IN21700_30T.mat
40,38.8,0.8999,discharge,1,-6.0,4.0764,626.9,101,5.3987,2.7367,0.1197,3.9422,5.9813,0.2133,03-01-19_19.23 705_HPPC_40degC_IN21700_30T.mat
40,38.91,0.9,charge,1,2.999,4.07707,242.5,101,4.7508,3.3064,0.1051,3.4139,5.3354,0.1088,03-01-19_19.23 705_HPPC_40degC_IN21700_30T.mat
40,38.8,0.8999,discharge,2,-18.001,4.07656,643.7,101,6.8422,1.3995,0.2351,3.3513,5.8955,0.508,03-01-19_19.23 705_HPPC_40degC_IN21700_30T.mat
40,38.8,0.9001,charge,2,5.997,4.07791,651.9,101,5.0546,3.0006,0.1102,2.8481,4.9815,0.1883,03-01-19_19.23 705_HPPC_40degC_IN21700_30T.mat
40,38.8,0.8996,discharge,3,-36.0,4.0769,676.9,101,7.5096,0.9021,0.5322,4.3033,12.143,0.354,03-01-19_19.23 705_HPPC_40degC_IN21700_30T.mat
40,38.7,0.9001,charge,3,11.997,4.07892,1254.1,101,5.0165,2.9513,0.106,2.4833,4.7494,0.3415,03-01-19_19.23 705_HPPC_40degC_IN21700_30T.mat
40,38.59,0.8,discharge,0,-3.001,4.01689,5546.1,101,4.8511,3.3317,0.1179,7.6672,8.6736,0.1301,03-01-19_19.23 705_HPPC_40degC_IN21700_30T.mat
40,38.7,0.8,charge,0,1.497,4.0174,141.5,101,4.9999,3.1143,0.1277,6.433,7.9721,0.0739,03-01-19_19.23 705_HPPC_40degC_IN21700_30T.mat
40,38.7,0.7999,discharge,1,-6.0,4.01689,626.9,101,5.4079,2.7563,0.1224,7.4712,8.3148,0.261,03-01-19_19.23 705_HPPC_40degC_IN21700_30T.mat
40,38.8,0.8,charge,1,2.999,4.0174,242.9,101,4.7584,3.3153,0.1099,5.729,6.9906,0.1342,03-01-19_19.23 705_HPPC_40degC_IN21700_30T.mat
40,38.8,0.7998,discharge,2,-18.001,4.01672,643.7,101,6.9255,1.3752,0.2759,5.3154,6.6497,0.5916,03-01-19_19.23 705_HPPC_40degC_IN21700_30T.mat
40,38.91,0.8001,charge,2,5.997,4.01807,647.5,101,5.0324,3.0465,0.1254,4.6925,6.5247,0.2324,03-01-19_19.23 705_HPPC_40degC_IN21700_30T.mat
40,38.91,0.7996,discharge,3,-36.0,4.01689,677.0,101,7.4616,0.9906,0.5189,4.9907,9.0325,0.3916,03-01-19_19.23 705_HPPC_40degC_IN21700_30T.mat
40,38.91,0.8001,charge,3,11.997,4.01841,1254.5,101,6.2508,1.8201,0.162,4.3682,7.5161,0.3797,03-01-19_19.23 705_HPPC_40degC_IN21700_30T.mat
40,38.7,0.7,discharge,0,-3.001,3.91424,5546.4,101,5.1355,3.0293,0.1205,8.2792,9.9007,0.1251,03-01-19_19.23 705_HPPC_40degC_IN21700_30T.mat
40,38.59,0.7,charge,0,1.497,3.91525,142.6,101,5.0047,3.0087,0.1201,5.8432,7.4707,0.0726,03-01-19_19.23 705_HPPC_40degC_IN21700_30T.mat
40,38.59,0.6999,discharge,1,-6.0,3.91424,626.9,101,5.1134,2.9876,0.1161,7.6041,8.7179,0.2202,03-01-19_19.23 705_HPPC_40degC_IN21700_30T.mat
40,38.7,0.7,charge,1,2.999,3.91559,244.3,101,5.3101,2.7315,0.1266,4.7881,6.3013,0.1038,03-01-19_19.23 705_HPPC_40degC_IN21700_30T.mat
40,38.7,0.6998,discharge,2,-18.001,3.91424,643.6,101,6.8841,1.3434,0.2657,4.3601,5.5508,0.5906,03-01-19_19.23 705_HPPC_40degC_IN21700_30T.mat
40,38.8,0.7001,charge,2,5.997,3.91677,653.7,101,5.0372,2.9774,0.121,3.7047,5.6814,0.2127,03-01-19_19.23 705_HPPC_40degC_IN21700_30T.mat
40,38.59,0.6996,discharge,3,-36.0,3.91474,677.0,101,7.3965,1.0704,0.559,4.3716,9.9226,0.3861,03-01-19_19.23 705_HPPC_40degC_IN21700_30T.mat
40,38.8,0.7001,charge,3,11.997,3.91778,1253.2,101,6.548,1.4627,0.1751,3.5906,7.5333,0.3353,03-01-19_19.23 705_HPPC_40degC_IN21700_30T.mat
40,38.59,0.6,discharge,0,-3.001,3.83181,5546.5,101,5.0783,3.0462,0.1334,9.7264,10.0034,0.1283,03-01-19_19.23 705_HPPC_40degC_IN21700_30T.mat
40,38.7,0.6,charge,0,1.497,3.83248,142.6,101,5.0018,3.1339,0.1197,8.1195,10.0038,0.0814,03-01-19_19.23 705_HPPC_40degC_IN21700_30T.mat
40,38.59,0.5999,discharge,1,-6.0,3.83113,626.8,101,5.1044,3.0316,0.1268,7.0184,7.3636,0.2021,03-01-19_19.23 705_HPPC_40degC_IN21700_30T.mat
40,38.8,0.6,charge,1,2.999,3.83265,242.8,101,5.0402,3.022,0.1112,8.0907,9.9933,0.1093,03-01-19_19.23 705_HPPC_40degC_IN21700_30T.mat
40,38.7,0.5998,discharge,2,-18.001,3.83029,643.7,101,6.7136,1.4935,0.2233,4.3868,6.2739,0.663,03-01-19_19.23 705_HPPC_40degC_IN21700_30T.mat
40,38.8,0.6001,charge,2,5.997,3.83383,647.2,101,5.0048,2.9395,0.1215,6.6121,8.3834,0.1644,03-01-19_19.23 705_HPPC_40degC_IN21700_30T.mat
40,38.7,0.5997,discharge,3,-36.0,3.82962,677.4,101,7.408,0.8468,0.5169,4.7316,10.0373,0.3683,03-01-19_19.23 705_HPPC_40degC_IN21700_30T.mat
40,38.8,0.6001,charge,3,11.997,3.83417,1253.7,101,6.7087,1.1993,0.181,4.6878,6.0858,0.3271,03-01-19_19.23 705_HPPC_40degC_IN21700_30T.mat
40,38.49,0.5,discharge,0,-3.001,3.71921,5546.7,101,5.2823,2.5984,0.1366,6.0219,9.1576,0.0975,03-01-19_19.23 705_HPPC_40degC_IN21700_30T.mat
40,38.8,0.5,charge,0,1.497,3.71988,142.8,101,4.8614,2.8777,0.1136,5.2289,8.0474,0.066,03-01-19_19.23 705_HPPC_40degC_IN21700_30T.mat
40,38.7,0.4999,discharge,1,-6.0,3.71921,626.9,101,5.0527,2.7883,0.1051,5.5086,8.2363,0.2013,03-01-19_19.23 705_HPPC_40degC_IN21700_30T.mat
40,38.7,0.5,charge,1,2.999,3.72022,243.1,101,5.1965,2.5772,0.1153,4.8698,7.2724,0.098,03-01-19_19.23 705_HPPC_40degC_IN21700_30T.mat
40,38.7,0.4999,discharge,2,-18.001,3.71921,643.7,101,6.8602,1.0295,0.2241,4.627,7.273,0.3872,03-01-19_19.23 705_HPPC_40degC_IN21700_30T.mat
40,38.7,0.5001,charge,2,5.997,3.7214,646.5,101,4.9973,2.7704,0.1033,4.3967,6.6171,0.1755,03-01-19_19.23 705_HPPC_40degC_IN21700_30T.mat
40,38.59,0.4997,discharge,3,-36.0,3.71954,677.5,101,7.3647,0.841,0.7288,4.6957,10.2012,0.3335,03-01-19_19.23 705_HPPC_40degC_IN21700_30T.mat
40,38.8,0.5001,charge,3,11.997,3.72258,1254.6,101,6.6368,1.2338,0.2043,4.0502,6.963,0.3347,03-01-19_19.23 705_HPPC_40degC_IN21700_30T.mat
40,38.49,0.4,discharge,0,-3.001,3.64251,5546.5,101,5.0092,2.8078,0.1062,5.7641,9.4928,0.1023,03-01-19_19.23 705_HPPC_40degC_IN21700_30T.mat
40,38.91,0.4,charge,0,1.497,3.64335,142.5,101,4.6487,3.072,0.1066,5.1015,8.2855,0.0677,03-01-19_19.23 705_HPPC_40degC_IN21700_30T.mat
40,38.59,0.3999,discharge,1,-6.0,3.64268,626.9,101,5.0426,2.7867,0.1105,5.689,9.4054,0.185,03-01-19_19.23 705_HPPC_40degC_IN21700_30T.mat
40,38.8,0.4,charge,1,2.999,3.64369,242.3,101,4.4078,3.3477,0.0903,4.9613,7.9322,0.1051,03-01-19_19.23 705_HPPC_40degC_IN21700_30T.mat
40,38.8,0.3998,discharge,2,-18.001,3.64268,643.6,101,6.6903,1.1262,0.1768,4.9656,7.9503,0.3618,03-01-19_19.23 705_HPPC_40degC_IN21700_30T.mat
40,38.7,0.4001,charge,2,5.997,3.64487,648.7,101,5.2775,2.4837,0.1086,4.2575,6.6996,0.1442,03-01-19_19.23 705_HPPC_40degC_IN21700_30T.mat
40,38.7,0.3997,discharge,3,-36.0,3.64319,677.1,101,7.3897,0.7632,0.7422,4.7253,9.9346,0.3322,03-01-19_19.23 705_HPPC_40degC_IN21700_30T.mat
40,38.91,0.4002,charge,3,11.997,3.64605,1254.0,101,6.5827,1.198,0.1552,3.5974,5.9355,0.2733,03-01-19_19.23 705_HPPC_40degC_IN21700_30T.mat
40,38.8,0.3,discharge,0,-3.001,3.57509,5547.4,101,5.3448,2.5777,0.1092,5.9683,9.9302,0.0943,03-01-19_19.23 705_HPPC_40degC_IN21700_30T.mat
40,38.8,0.3,charge,0,1.497,3.57559,141.8,101,5.0805,2.8554,0.1196,5.6574,9.7782,0.0598,03-01-19_19.23 705_HPPC_40degC_IN21700_30T.mat
40,38.7,0.2999,discharge,1,-6.0,3.57509,626.9,101,5.0772,2.7967,0.1003,5.6578,9.1431,0.1956,03-01-19_19.23 705_HPPC_40degC_IN21700_30T.mat
40,38.8,0.3,charge,1,2.999,3.57627,242.8,101,5.0215,2.8294,0.1119,5.5301,9.2382,0.0878,03-01-19_19.23 705_HPPC_40degC_IN21700_30T.mat
40,38.8,0.2998,discharge,2,-18.001,3.57542,643.5,101,6.7457,1.1552,0.1895,4.6738,7.4498,0.4199,03-01-19_19.23 705_HPPC_40degC_IN21700_30T.mat
40,38.7,0.3,charge,2,5.997,3.57964,648.4,101,5.048,2.8109,0.1102,4.6231,7.5394,0.1576,03-01-19_19.23 705_HPPC_40degC_IN21700_30T.mat
40,38.91,0.2997,discharge,3,-36.0,3.57711,677.4,101,7.4438,0.6756,0.6087,4.8981,9.3751,0.2934,03-01-19_19.23 705_HPPC_40degC_IN21700_30T.mat
40,38.7,0.3001,charge,3,11.997,3.58233,1253.1,101,6.8587,1.0532,0.2051,4.0706,6.9812,0.2832,03-01-19_19.23 705_HPPC_40degC_IN21700_30T.mat
40,38.7,0.2,discharge,0,-3.001,3.48693,5546.7,101,5.2226,2.8542,0.1128,5.9978,8.5497,0.0942,03-01-19_19.23 705_HPPC_40degC_IN21700_30T.mat
40,38.8,0.2,charge,0,1.497,3.48811,142.3,101,5.0862,2.9441,0.1021,6.6789,10.0646,0.0696,03-01-19_19.23 705_HPPC_40degC_IN21700_30T.mat
40,38.8,0.1999,discharge,1,-6.0,3.48777,626.9,101,5.2125,2.8508,0.1074,5.9206,8.4376,0.2122,03-01-19_19.23 705_HPPC_40degC_IN21700_30T.mat
40,38.8,0.2,charge,1,2.999,3.48962,242.9,101,5.1307,2.934,0.1176,6.8318,10.6432,0.0971,03-01-19_19.23 705_HPPC_40degC_IN21700_30T.mat
40,38.7,0.1998,discharge,2,-18.001,3.48895,643.8,101,7.072,1.0819,0.225,5.6364,8.5918,0.4291,03-01-19_19.23 705_HPPC_40degC_IN21700_30T.mat
40,38.8,0.2001,charge,2,5.997,3.49333,647.0,101,5.1708,2.8486,0.1008,6.1645,9.5955,0.1829,03-01-19_19.23 705_HPPC_40degC_IN21700_30T.mat
40,38.7,0.1996,discharge,3,-36.0,3.49165,677.1,101,7.6442,1.0506,1.0286,6.677,15.0705,0.5645,03-01-19_19.23 705_HPPC_40degC_IN21700_30T.mat
40,38.8,0.2,charge,3,11.997,3.49535,1254.2,101,6.8139,1.2317,0.1749,5.5229,9.0166,0.3354,03-01-19_19.23 705_HPPC_40degC_IN21700_30T.mat
40,38.8,0.15,discharge,0,-3.001,3.4222,4945.1,101,5.2829,2.922,0.1026,4.7879,5.9934,0.0939,03-01-19_19.23 705_HPPC_40degC_IN21700_30T.mat
40,38.8,0.15,charge,0,1.497,3.42405,142.9,101,5.2089,3.0162,0.1139,5.6552,8.6741,0.0729,03-01-19_19.23 705_HPPC_40degC_IN21700_30T.mat
40,38.8,0.1499,discharge,1,-6.0,3.42321,626.9,101,5.0154,3.21,0.1001,4.6397,6.3456,0.2095,03-01-19_19.23 705_HPPC_40degC_IN21700_30T.mat
40,38.8,0.15,charge,1,2.999,3.42607,242.8,101,5.2485,2.9512,0.1098,4.8745,7.9709,0.0909,03-01-19_19.23 705_HPPC_40degC_IN21700_30T.mat
40,38.8,0.1498,discharge,2,-18.001,3.42422,643.7,101,7.1932,1.1679,0.2279,5.8269,9.9262,0.5115,03-01-19_19.23 705_HPPC_40degC_IN21700_30T.mat
40,38.8,0.15,charge,2,5.997,3.42995,653.6,101,5.2496,2.9093,0.1024,4.4116,8.414,0.1753,03-01-19_19.23 705_HPPC_40degC_IN21700_30T.mat
40,38.8,0.1497,discharge,3,-36.0,3.4254,677.5,101,7.7679,0.5661,0.4624,18.8204,32.3832,0.5667,03-01-19_19.23 705_HPPC_40degC_IN21700_30T.mat
40,38.8,0.1501,charge,3,11.997,3.43282,1254.0,101,7.0076,1.1551,0.1678,6.0297,12.7669,0.3152,03-01-19_19.23 705_HPPC_40degC_IN21700_30T.mat
40,38.8,0.1,discharge,0,-3.001,3.38427,4945.2,101,5.5133,3.0361,0.1009,7.498,6.9239,0.1053,03-01-19_19.23 705_HPPC_40degC_IN21700_30T.mat
40,38.8,0.1,charge,0,1.497,3.3868,142.1,101,5.6798,2.9782,0.1192,7.1191,8.2854,0.0802,03-01-19_19.23 705_HPPC_40degC_IN21700_30T.mat
40,38.8,0.1,discharge,1,-6.0,3.38579,627.0,101,5.5136,3.131,0.1063,8.2384,8.38,0.2771,03-01-19_19.23 705_HPPC_40degC_IN21700_30T.mat
40,38.8,0.1,charge,1,2.999,3.38983,243.9,101,5.4197,3.1597,0.1101,5.3666,6.6507,0.1079,03-01-19_19.23 705_HPPC_40degC_IN21700_30T.mat
40,38.7,0.0998,discharge,2,-18.001,3.38747,643.8,101,7.1023,1.6129,0.1817,18.6385,18.9819,0.8468,03-01-19_19.23 705_HPPC_40degC_IN21700_30T.mat
40,38.8,0.1001,charge,2,5.997,3.39455,646.6,101,5.4393,3.1448,0.1179,4.0976,6.5553,0.1765,03-01-19_19.23 705_HPPC_40degC_IN21700_30T.mat
40,38.8,0.1001,charge,3,11.997,3.39624,1254.5,101,7.2267,1.321,0.1881,4.2473,7.9829,0.3561,03-01-19_19.23 705_HPPC_40degC_IN21700_30T.mat
40,38.91,0.025,discharge,0,-3.001,3.04478,5245.7,101,6.9877,4.883,0.1912,67.4263,28.2457,0.3041,03-01-19_19.23 705_HPPC_40degC_IN21700_30T.mat
40,38.8,0.025,charge,0,1.497,3.05725,141.7,101,5.9896,5.1288,0.1471,39.8629,17.9269,0.1407,03-01-19_19.23 705_HPPC_40degC_IN21700_30T.mat
40,38.49,0.025,discharge,1,-6.0,3.06653,626.9,101,6.5938,4.9202,0.1858,172.8134,69.9531,0.6697,03-01-19_19.23 705_HPPC_40degC_IN21700_30T.mat
40,38.7,0.025,charge,1,2.999,3.07074,244.4,101,5.5688,5.2707,0.1354,34.4649,16.3033,0.2865,03-01-19_19.23 705_HPPC_40degC_IN21700_30T.mat
40,38.59,0.0248,discharge,2,-18.001,3.07377,643.6,51,8.3512,2.0241,0.1014,200.0,42.4073,4.2148,03-01-19_19.23 705_HPPC_40degC_IN21700_30T.mat
40,38.7,0.0251,charge,2,5.997,3.07698,342.4,101,5.4761,5.1409,0.1358,28.4822,14.1076,0.4614,03-01-19_19.23 705_HPPC_40degC_IN21700_30T.mat
40,38.91,0.0251,charge,3,11.997,3.079,181.8,101,8.4976,2.1641,0.2788,22.9033,12.6759,0.5594,03-01-19_19.23 705_HPPC_40degC_IN21700_30T.mat
