sheet,cycle,temp_C,SOC,cap_Ah,SOP_disch,SOP_disch_CCCV,SOP_char,SOP_char_CCCV
Test#1,1,25,1.0,,-112.7815,-112.782,,
Test#1,1,10,1.0,,-108.2074,-108.2062,,
Test#1,1,25,0.95,,-111.8758,-111.8762,13.2728,13.271
Test#1,1,10,0.95,,-107.7838,-107.7779,10.082,10.082
Test#1,1,25,0.9,,-111.2665,-111.2606,21.6112,21.6106
Test#1,1,10,0.9,,-107.2865,-107.2839,15.6171,15.6171
Test#1,1,25,0.8,,-108.7202,-108.7184,35.8985,35.8962
Test#1,1,10,0.8,,-104.9006,-104.8957,27.1654,27.1654
Test#1,1,25,0.7,,-106.1246,-106.1213,61.7396,61.7388
Test#1,1,10,0.7,,-102.3506,-102.3514,55.8349,55.8349
Test#1,1,25,0.6,,-103.643,-103.6377,60.4218,60.4178
Test#1,1,10,0.6,,-99.5929,-99.5895,61.1754,61.1754
Test#1,1,25,0.5,,-100.469,-100.4702,58.898,58.8996
Test#1,1,10,0.5,,-96.5338,-96.532,59.8446,59.8446
Test#1,1,25,0.4,,-97.9762,-97.9782,57.6355,57.6378
Test#1,1,10,0.4,,-94.0818,-94.0846,58.5699,58.5699
Test#1,1,25,0.3,,-95.9568,-95.957,56.7496,56.7471
Test#1,1,10,0.3,,-91.7656,-91.7587,57.6698,57.6698
Test#1,1,25,0.2,,-93.2872,-93.2876,55.6302,55.6316
Test#1,1,10,0.2,,-87.8038,-87.8001,56.5473,56.5482
Test#1,1,25,0.15,,-90.8086,-91.0675,54.7545,54.7568
Test#1,1,10,0.15,,-81.7358,-81.931,55.7548,55.7548
Test#1,1,25,0.1,,-83.7618,-84.4611,54.0732,54.0755
Test#1,1,10,0.1,,-54.5063,-39.6506,55.2698,55.2698
Test#1,1,25,0.05,,-51.5481,-36.8344,53.7871,53.7881
Test#1,1,10,0.05,,-25.3043,-15.3607,54.9663,54.9663
Test#1,1,25,0.02,,-28.5282,-19.2615,52.6212,52.6205
Test#1,1,25,0.005,,-16.8771,-9.4647,51.2432,51.2447
Test#1,136,25,1.0,,-112.2948,-112.2963,,
Test#1,136,10,1.0,2.911126,-107.0656,-106.8053,,
Test#1,136,25,0.95,,-111.52,-111.5218,13.9464,
Test#1,136,10,0.95,2.911126,-106.7377,-106.7394,10.7811,10.7811
Test#1,136,25,0.9,,-110.8717,-110.8713,21.9681,21.9609
Test#1,136,10,0.9,2.911126,-106.2203,-106.2205,15.9679,15.9679
Test#1,136,25,0.8,,-108.331,-108.3274,37.3256,37.326
Test#1,136,10,0.8,2.911126,-104.0654,-104.0589,30.5354,30.5354
Test#1,136,25,0.7,,-105.9768,-105.9761,61.7108,61.7107
Test#1,136,10,0.7,2.911126,-101.8966,-101.8958,57.4732,57.4732
Test#1,136,25,0.6,,-103.4754,-103.4701,60.4059,60.4038
Test#1,136,10,0.6,2.911126,-98.7902,-99.079,61.0525,61.0525
Test#1,136,25,0.5,,-100.2481,-100.2524,58.8813,58.8823
Test#1,136,10,0.5,2.911126,-95.7103,-95.9886,59.6675,59.6675
Test#1,136,25,0.4,,-97.7442,-97.7427,57.6353,57.6341
Test#1,136,10,0.4,2.911126,-93.201,-93.4702,58.4429,58.4429
Test#1,136,25,0.3,,-95.6178,-95.618,56.7455,56.7456
Test#1,136,10,0.3,2.911126,-90.445,-90.7112,57.5383,57.5383
Test#1,136,25,0.2,,-92.5493,-92.552,55.6131,55.6125
Test#1,136,10,0.2,2.911126,-82.6685,-83.965,56.2713,56.2713
Test#1,136,25,0.15,,-88.9239,-89.2033,54.7398,54.7394
Test#1,136,10,0.15,2.911126,-60.6031,-58.9068,55.5385,55.5385
Test#1,136,25,0.1,,-78.5087,-77.9417,54.1346,54.1351
Test#1,136,10,0.1,2.911126,-33.9081,-27.0909,55.2774,55.2774
Test#1,136,25,0.05,,-45.7109,-32.344,53.8682,53.8674
Test#1,136,25,0.02,,-25.4869,-16.6782,52.6989,52.7023
Test#1,136,25,0.005,,-14.242,-8.3065,51.3455,51.3423
Test#1,264,25,1.0,,-111.1522,-111.1479,,
Test#1,264,10,1.0,,-105.5036,-105.5053,,
Test#1,264,25,0.95,,-110.484,-110.4887,13.643,13.643
Test#1,264,10,0.95,,-105.3995,-105.4034,10.0108,10.0108
Test#1,264,25,0.9,,-109.7561,-109.7561,20.8621,20.8621
Test#1,264,10,0.9,,-104.7236,-104.7193,14.5729,14.5729
Test#1,264,25,0.8,,-107.3607,-107.3581,37.1794,37.1794
Test#1,264,10,0.8,,-102.6937,-102.6946,29.6401,29.6401
Test#1,264,25,0.7,,-105.2074,-105.2089,61.8168,61.8168
Test#1,264,10,0.7,,-100.7168,-100.7206,53.1275,53.1275
Test#1,264,25,0.6,,-102.636,-102.6348,60.4774,60.4774
Test#1,264,10,0.6,,-97.9171,-97.9156,61.3466,61.3466
Test#1,264,25,0.5,,-99.4506,-99.453,59.0166,59.0166
Test#1,264,10,0.5,,-94.8568,-94.8559,60.0162,60.0162
Test#1,264,25,0.4,,-96.9453,-96.9474,57.778,57.778
Test#1,264,10,0.4,,-92.2635,-92.2598,58.8039,58.8039
Test#1,264,25,0.3,,-94.6623,-94.6652,56.8933,56.8933
Test#1,264,10,0.3,,-89.0191,-89.2597,57.9252,57.9252
Test#1,264,25,0.2,,-90.9211,-90.9185,55.7668,55.7668
Test#1,264,10,0.2,,-80.9643,-81.3731,56.8544,56.8544
Test#1,264,25,0.15,,-85.4371,-85.7918,54.9322,54.9322
Test#1,264,10,0.15,,-62.4543,-54.0559,56.1309,56.1309
Test#1,264,25,0.1,,-68.3267,-61.5683,54.3666,54.3666
Test#1,264,10,0.1,,-36.7309,-27.7237,55.6913,55.6913
Test#1,264,25,0.05,,-38.219,-28.602,54.105,54.105
Test#1,264,10,0.05,,-18.8503,-13.1547,55.3225,55.3225
Test#1,264,25,0.02,,-22.431,-15.1183,53.085,53.085
Test#1,264,25,0.005,,-13.244,-8.7715,51.8403,51.8403
Test#1,389,25,1.0,,-110.1364,-110.135,,
Test#1,389,10,1.0,,-103.8232,-103.4016,,
Test#1,389,25,0.95,,-109.5463,-109.5538,12.9723,12.9723
Test#1,389,10,0.95,,-103.846,-103.5252,9.1172,9.1172
Test#1,389,25,0.9,,-108.7618,-108.7604,19.605,19.605
Test#1,389,10,0.9,,-102.9881,-102.9864,13.1645,13.1645
Test#1,389,25,0.8,,-106.5357,-106.5359,36.1633,36.1633
Test#1,389,10,0.8,,-101.2332,-101.2341,28.8666,28.8666
Test#1,389,25,0.7,,-104.5016,-104.5028,61.9495,61.9495
Test#1,389,10,0.7,,-99.4065,-99.4074,50.2525,50.2525
Test#1,389,25,0.6,,-101.9006,-101.9037,60.5983,60.5983
Test#1,389,10,0.6,,-96.7342,-96.7344,61.5707,61.5707
Test#1,389,25,0.5,,-98.7813,-98.7776,59.1965,59.1965
Test#1,389,10,0.5,,-93.8014,-93.7978,60.2689,60.2689
Test#1,389,25,0.4,,-96.258,-96.2582,57.9672,57.9672
Test#1,389,10,0.4,,-91.1533,-91.1561,59.0855,59.0855
Test#1,389,25,0.3,,-93.8607,-93.8596,57.0813,57.0813
Test#1,389,10,0.3,,-87.5248,-87.9481,58.2253,58.2253
Test#1,389,25,0.2,,-89.5998,-89.5981,56.0072,56.0072
Test#1,389,10,0.2,,-79.3914,-79.3895,57.2058,57.2058
Test#1,389,25,0.15,,-84.202,-83.7127,55.2469,55.2469
Test#1,389,10,0.15,,-56.3491,-56.3499,56.5621,56.5621
Test#1,389,25,0.1,,-65.6018,-57.9914,54.6145,54.6145
Test#1,389,10,0.1,,-34.3074,-31.7619,56.0588,56.0588
Test#1,389,25,0.05,,-39.5353,-29.3071,54.3614,54.3614
Test#1,389,10,0.05,,-19.136,-15.9093,55.6824,55.6824
Test#1,389,25,0.02,,-24.4611,-16.8474,53.8185,53.8185
Test#1,389,25,0.005,,-17.1031,-11.3416,52.9178,52.9178
Test#1,495,25,1.0,,-109.14,-109.13,,
Test#1,495,10,1.0,,-102.21,-101.69,,
Test#1,495,25,0.95,,-108.61,-108.61,12.397,12.397
Test#1,495,10,0.95,,-102.22,-101.84,8.2216,8.2216
Test#1,495,25,0.9,,-107.78,-107.78,18.381,18.381
Test#1,495,10,0.9,,-101.68,-101.39,12.001,12.001
Test#1,495,25,0.8,,-105.69,-105.68,36.066,36.066
Test#1,495,10,0.8,,-99.694,-99.69,28.897,28.897
Test#1,495,25,0.7,,-103.69,-103.69,62.034,62.034
Test#1,495,10,0.7,,-97.842,-97.839,48.681,48.681
Test#1,495,25,0.6,,-100.97,-100.97,60.622,60.622
Test#1,495,10,0.6,,-95.113,-95.109,61.699,61.699
Test#1,495,25,0.5,,-97.873,-97.869,59.261,59.261
Test#1,495,10,0.5,,-92.191,-92.19,60.391,60.391
Test#1,495,25,0.4,,-95.35,-95.349,58.052,58.052
Test#1,495,10,0.4,,-89.437,-89.442,59.249,59.249
Test#1,495,25,0.3,,-92.723,-92.724,57.171,57.171
Test#1,495,10,0.3,,-85.06,-85.491,58.394,58.394
Test#1,495,25,0.2,,-87.419,-87.153,56.063,56.063
Test#1,495,10,0.2,,-66.704,-66.705,57.344,57.344
Test#1,495,25,0.15,,-79.827,-79.047,55.28,55.28
Test#1,495,10,0.15,,-42.848,-42.852,56.719,56.719
Test#1,495,25,0.1,,-54.824,-46.932,54.788,54.788
Test#1,495,10,0.1,,-27.049,-23.9,56.278,56.278
Test#1,495,25,0.05,,-31.824,-23.681,54.481,54.481
Test#1,495,10,0.05,,-15.639,-11.529,,
Test#1,495,25,0.02,,-18.894,-12.391,53.486,53.486
Test#1,495,25,0.005,,-10.9673,-7.0806,,
Test#1,610,25,1.0,,-108.09,-108.09,,
Test#1,610,10,1.0,,-100.65,-100.08,,
Test#1,610,25,0.95,,-107.62,-107.62,11.649,11.649
Test#1,610,10,0.95,,-100.7,-100.25,8.487,8.487
Test#1,610,25,0.9,,-106.81,-106.8,17.039,17.039
Test#1,610,10,0.9,,-100.24,-99.888,13.724,13.724
Test#1,610,25,0.8,,-104.83,-104.82,35.41,35.41
Test#1,610,10,0.8,,-98.254,-98.253,29.857,29.857
Test#1,610,25,0.7,,-102.86,-102.86,62.153,62.153
Test#1,610,10,0.7,,-96.395,-96.396,51.688,51.688
Test#1,610,25,0.6,,-100.08,-100.08,60.714,60.714
Test#1,610,10,0.6,,-93.672,-93.675,61.443,61.443
Test#1,610,25,0.5,,-97.014,-97.017,59.377,59.377
Test#1,610,10,0.5,,-90.796,-90.795,60.591,60.591
Test#1,610,25,0.4,,-94.474,-94.473,58.187,58.187
Test#1,610,10,0.4,,-87.94,-87.936,59.26,59.26
Test#1,610,25,0.3,,-91.643,-91.635,57.328,57.328
Test#1,610,10,0.3,,-82.876,-83.382,58.386,58.386
Test#1,610,25,0.2,,-85.284,-84.903,56.227,56.227
Test#1,610,10,0.2,,-57.873,-57.873,57.872,57.872
Test#1,610,25,0.15,,-76.966,-74.876,55.452,55.452
Test#1,610,10,0.15,,-37.886,-37.885,57.045,57.045
Test#1,610,25,0.1,,-50.047,-42.126,55.006,55.006
Test#1,610,10,0.1,,-24.392,-21.71,56.551,56.551
Test#1,610,25,0.05,,-29.229,-21.628,54.676,54.676
Test#1,610,10,0.05,,-14.782,-10.983,,
Test#1,610,25,0.02,,-16.703,-11.377,53.63,53.63
Test#1,728,25,1.0,,-106.9,-106.9,,
Test#1,728,10,1.0,,-99.263,-99.084,,
Test#1,728,25,0.95,,-106.46,-106.46,10.755,10.755
Test#1,728,10,0.95,,-99.252,-99.165,6.4786,6.4786
Test#1,728,25,0.9,,-105.69,-105.69,15.592,15.592
Test#1,728,10,0.9,,-98.831,-98.778,10.234,10.234
Test#1,728,25,0.8,,-103.82,-103.81,34.35,34.35
Test#1,728,10,0.8,,-97.04,-97.053,27.165,27.165
Test#1,728,25,0.7,,-101.84,-101.84,61.587,61.587
Test#1,728,10,0.7,,-94.888,-95.016,43.891,43.891
Test#1,728,25,0.6,,-99.011,-99.012,60.84,60.84
Test#1,728,10,0.6,,-91.882,-92.133,62.107,62.107
Test#1,728,25,0.5,,-95.998,-95.997,59.534,59.534
Test#1,728,10,0.5,,-88.894,-89.19,60.805,60.805
Test#1,728,25,0.4,,-93.418,-93.42,58.365,58.365
Test#1,728,10,0.4,,-85.755,-86.178,59.773,59.773
Test#1,728,25,0.3,,-90.33,-90.33,57.524,57.524
Test#1,728,10,0.3,,-80.059,-80.949,58.991,58.991
Test#1,728,25,0.2,,-82.868,-82.419,56.437,56.437
Test#1,728,10,0.2,,-50.451,-51.672,57.997,57.997
Test#1,728,25,0.15,,-70.827,-65.15,55.7,55.7
Test#1,728,10,0.15,,-33.614,-34.611,57.383,57.383
Test#1,728,25,0.1,,-46.329,-38.742,55.273,55.273
Test#1,728,10,0.1,,-21.705,-20.509,56.926,56.926
Test#1,728,25,0.05,,-27.937,-20.368,54.911,54.911
Test#1,728,10,0.05,,-14.365,-12.049,,
Test#1,728,25,0.02,,-16.428,-10.783,53.902,53.902
Test#1,841,25,1.0,,-105.74,-105.74,,
Test#1,841,10,1.0,,-97.746,-97.746,,
Test#1,841,25,0.95,,-105.33,-105.33,9.9181,9.9181
Test#1,841,10,0.95,,-97.765,-97.767,5.6411,5.6411
Test#1,841,25,0.9,,-104.64,-104.64,14.364,14.364
Test#1,841,10,0.9,,-97.373,-97.38,9.5421,9.5421
Test#1,841,25,0.8,,-102.84,-102.83,33.313,33.313
Test#1,841,10,0.8,,-95.574,-95.577,26.119,26.119
Test#1,841,25,0.7,,-100.84,-100.84,58.525,58.525
Test#1,841,10,0.7,,-93.326,-93.321,41.767,41.767
Test#1,841,25,0.6,,-97.976,-97.98,60.985,60.985
Test#1,841,10,0.6,,-90.279,-90.285,61.639,61.639
Test#1,841,25,0.5,,-95.015,-95.013,59.687,59.687
Test#1,841,10,0.5,,-87.282,-87.279,61.021,61.021
Test#1,841,25,0.4,,-92.384,-92.388,58.548,58.548
Test#1,841,10,0.4,,-83.85,-83.856,60.052,60.052
Test#1,841,25,0.3,,-89.02,-89.022,57.724,57.724
Test#1,841,10,0.3,,-76.73,-76.734,59.299,59.299
Test#1,841,25,0.2,,-80.69,-80.097,56.657,56.657
Test#1,841,10,0.2,,-43.25,-39.958,58.304,58.304
Test#1,841,25,0.15,,-65.154,-59.224,55.952,55.952
Test#1,841,10,0.15,,-28.837,-25.333,57.692,57.692
Test#1,841,25,0.1,,-42.725,-36.177,55.535,55.535
Test#1,841,10,0.1,,-19.839,-14.933,57.26,57.26
Test#1,841,25,0.05,,-26.379,-19.444,55.156,55.156
Test#1,841,25,0.02,,-15.762,-10.378,54.188,54.188
Test#1,961,25,1.0,,-104.5,-104.49,,
Test#1,961,10,1.0,,-95.672,-95.667,,
Test#1,961,25,0.95,,-104.07,-104.07,8.9013,8.9013
Test#1,961,10,0.95,,-95.421,-95.415,4.5301,4.5301
Test#1,961,25,0.9,,-103.45,-103.46,13.099,13.099
Test#1,961,10,0.9,,-94.943,-94.95,8.2012,8.2012
Test#1,961,25,0.8,,-101.68,-101.68,32.306,32.306
Test#1,961,10,0.8,,-93.528,-93.531,24.532,24.532
Test#1,961,25,0.7,,-99.595,-99.597,55.806,55.806
Test#1,961,10,0.7,,-91.19,-91.191,39.386,39.386
Test#1,961,25,0.6,,-96.656,-96.663,61.135,61.135
Test#1,961,10,0.6,,-88.101,-88.098,58.076,58.076
Test#1,961,25,0.5,,-93.719,-93.714,59.837,59.837
Test#1,961,10,0.5,,-84.989,-84.987,61.276,61.276
Test#1,961,25,0.4,,-90.992,-90.993,58.744,58.744
Test#1,961,10,0.4,,-81.134,-80.886,60.394,60.394
Test#1,961,25,0.3,,-87.13,-87.129,57.934,57.934
Test#1,961,10,0.3,,-64.785,-62.633,59.678,59.678
Test#1,961,25,0.2,,-76.565,-76.569,56.872,56.872
Test#1,961,10,0.2,,-35.011,-31.774,58.657,58.657
Test#1,961,25,0.15,,-56.738,-51.639,56.194,56.194
Test#1,961,10,0.15,,-22.573,-19.114,58.4,58.4
Test#1,961,25,0.1,,-37.343,-32.048,55.793,55.793
Test#1,961,10,0.1,,-15.469,-11.126,58.016,58.016
Test#1,961,25,0.05,,-23.312,-17.495,55.388,55.388
Test#1,961,10,0.05,,-8.8108,-5.3414,57.461,57.461
Test#1,961,25,0.02,,-13.792,-9.1467,54.916,54.916
Test#1,961,25,0.005,,-8.9902,-5.366,53.81,53.81
Test#1,1067,25,1.0,,-102.84,-102.84,,
Test#1,1067,10,1.0,,-93.688,-93.684,0.0529,0.0529
Test#1,1067,25,0.95,,-102.42,-102.42,7.619,7.619
Test#1,1067,10,0.95,,-93.552,-93.549,3.9283,3.9283
Test#1,1067,25,0.9,,-101.89,-101.89,11.63,11.63
Test#1,1067,10,0.9,,-93.166,-93.159,7.5298,7.5298
Test#1,1067,25,0.8,,-100.16,-100.16,30.105,30.105
Test#1,1067,10,0.8,,-91.806,-91.806,22.436,22.436
Test#1,1067,25,0.7,,-98.03,-98.025,51.113,51.113
Test#1,1067,10,0.7,,-89.562,-89.559,36.272,36.272
Test#1,1067,25,0.6,,-95.095,-95.097,61.465,61.465
Test#1,1067,10,0.6,,-86.634,-86.637,53.154,53.154
Test#1,1067,25,0.5,,-92.205,-92.202,60.174,60.174
Test#1,1067,10,0.5,,-83.576,-83.574,61.692,61.692
Test#1,1067,25,0.4,,-89.385,-89.391,59.126,59.126
Test#1,1067,10,0.4,,-79.289,-79.563,60.85,60.85
Test#1,1067,25,0.3,,-85.216,-85.218,58.358,58.358
Test#1,1067,10,0.3,,-61.96,-61.963,60.18,60.18
Test#1,1067,25,0.2,,-70.987,-70.983,57.406,57.406
Test#1,1067,10,0.2,,-35.42,-35.419,59.267,59.267
Test#1,1067,25,0.15,,-53.803,-50.246,56.776,56.776
Test#1,1067,10,0.15,,-23.351,-23.353,59.049,59.049
Test#1,1067,25,0.1,,-36.483,-32.5,56.269,56.269
Test#1,1067,10,0.1,,-16.36,-14.971,58.598,58.598
Test#1,1067,25,0.05,,-24.729,-19.93,55.948,55.948
Test#1,1067,10,0.05,,-10.795,-9.143,58.253,58.253
Test#1,1067,25,0.02,,-17.186,-12.802,56.033,56.033
Test#1,1067,10,0.02,,-7.348,-6.1975,57.949,57.949
Test#1,1067,25,0.005,,-13.662,-9.7268,55.465,55.465
Test#1,1067,10,0.005,,-5.6525,-4.9409,57.425,57.425
Test#1,1067,25,1.0,,-101.45,-101.45,,
Test#1,1067,10,1.0,,-92.072,-91.725,0.1048,0.1048
Test#1,1067,25,0.95,,-101.1,-101.09,6.8749,6.8749
Test#1,1067,10,0.95,,-92.031,-91.734,3.5326,3.5326
Test#1,1067,25,0.9,,-100.65,-100.64,11.088,11.088
Test#1,1067,10,0.9,,-91.654,-91.374,7.3409,7.3409
Test#1,1067,25,0.8,,-98.895,-98.898,29.96,29.96
Test#1,1067,10,0.8,,-90.258,-89.979,21.711,21.711
Test#1,1067,25,0.7,,-96.558,-96.552,50.648,50.648
Test#1,1067,10,0.7,,-87.615,-87.618,35.763,35.763
Test#1,1067,25,0.6,,-93.547,-93.543,61.533,61.533
Test#1,1067,10,0.6,,-84.653,-84.654,51.793,51.793
Test#1,1067,25,0.5,,-90.627,-90.627,60.228,60.228
Test#1,1067,10,0.5,,-81.347,-81.348,61.885,61.885
Test#1,1067,25,0.4,,-87.531,-87.537,59.254,59.254
Test#1,1067,10,0.4,,-76.254,-76.248,61.095,61.095
Test#1,1067,25,0.3,,-82.31,-82.314,58.473,58.473
Test#1,1067,10,0.3,,-50.646,-50.644,60.388,60.388
Test#1,1067,25,0.2,,-60.706,-57.495,57.422,57.422
Test#1,1067,10,0.2,,-28.306,-28.306,59.333,59.333
Test#1,1067,25,0.15,,-43.405,-40.2,56.811,56.811
Test#1,1067,10,0.15,,-19.552,-18.677,59.216,59.216
Test#1,1067,25,0.1,,-30.176,-26.062,56.441,56.441
Test#1,1067,10,0.1,,-13.474,-12.335,58.869,58.869
Test#1,1067,25,0.05,,-19.418,-14.693,56.005,56.005
Test#1,1067,10,0.05,,-7.8025,-7.3823,58.179,58.179
Test#1,1067,25,0.02,,-11.223,-7.549,55.034,55.034
Test#1,1067,10,0.02,,0.0,-4.5443,,
Test#1,1067,25,0.005,,-6.7981,-4.1473,54.083,54.083
Test#1,1067,10,0.005,,0.0,-3.2291,,
Test#1,1299,25,1.0,,-100.22,-100.22,0.2406,0.2406
Test#1,1299,10,1.0,,-90.613,-90.612,0.1666,0.1666
Test#1,1299,25,0.95,,-99.855,-99.849,6.3026,6.3026
Test#1,1299,10,0.95,,-90.53,-90.531,3.3425,3.3425
Test#1,1299,25,0.9,,-99.4,-99.399,10.712,10.712
Test#1,1299,10,0.9,,-90.111,-90.114,7.4094,7.4094
Test#1,1299,25,0.8,,-97.587,-97.587,29.457,29.457
Test#1,1299,10,0.8,,-88.539,-88.536,20.664,20.664
Test#1,1299,25,0.7,,-95.092,-95.097,48.909,48.909
Test#1,1299,10,0.7,,-85.813,-85.809,34.633,34.633
Test#1,1299,25,0.6,,-91.952,-91.95,61.639,61.639
Test#1,1299,10,0.6,,-82.553,-82.557,50.706,50.706
Test#1,1299,25,0.5,,-88.939,-88.938,60.34,60.34
Test#1,1299,10,0.5,,-78.963,-78.765,62.12,62.12
Test#1,1299,25,0.4,,-85.525,-85.524,59.437,59.437
Test#1,1299,10,0.4,,-64.029,-64.031,61.425,61.425
Test#1,1299,25,0.3,,-79.769,-79.476,58.688,58.688
Test#1,1299,10,0.3,,-42.288,-40.865,60.766,60.766
Test#1,1299,25,0.2,,-53.374,-50.547,57.646,57.646
Test#1,1299,10,0.2,,-23.877,-21.598,59.687,59.687
Test#1,1299,25,0.15,,-38.257,-35.444,57.041,57.041
Test#1,1299,10,0.15,,-16.636,-13.303,59.614,59.614
Test#1,1299,25,0.1,,-26.899,-23.363,56.699,56.699
Test#1,1299,10,0.1,,-11.838,-8.2145,59.316,59.316
Test#1,1299,25,0.05,,-17.391,-13.503,56.248,56.248
Test#1,1299,10,0.05,,-6.9211,-4.0389,,
Test#1,1299,25,0.02,,-10.012,-7.1227,55.173,55.173
Test#1,1299,25,0.005,,-5.9672,-4.0469,54.128,54.128
Test#1,1428,25,1.0,,-98.41,-98.409,0.4068,0.4068
Test#1,1428,10,1.0,,-88.671,-88.671,0.1974,0.1974
Test#1,1428,25,0.95,,-98.143,-98.136,5.3311,5.3311
Test#1,1428,10,0.95,,-88.677,-88.674,3.0048,3.0048
Test#1,1428,25,0.9,,-97.751,-97.749,9.7859,9.7859
Test#1,1428,10,0.9,,-88.282,-88.281,6.9712,6.9712
Test#1,1428,25,0.8,,-95.949,-95.952,27.044,27.044
Test#1,1428,10,0.8,,-86.659,-86.661,18.702,18.702
Test#1,1428,25,0.7,,-93.378,-93.381,44.841,44.841
Test#1,1428,10,0.7,,-83.953,-83.952,31.624,31.624
Test#1,1428,25,0.6,,-90.351,-90.345,62.025,62.025
Test#1,1428,10,0.6,,-80.956,-80.772,45.982,45.982
Test#1,1428,25,0.5,,-87.419,-87.42,60.761,60.761
Test#1,1428,10,0.5,,-76.904,-76.908,57.151,57.151
Test#1,1428,25,0.4,,-84.009,-84.003,59.906,59.906
Test#1,1428,10,0.4,,-59.253,-59.255,62.024,62.024
Test#1,1428,25,0.3,,-78.2,-78.192,59.199,59.199
Test#1,1428,10,0.3,,-40.374,-39.184,61.408,61.408
Test#1,1428,25,0.2,,-53.245,-51.279,58.245,58.245
Test#1,1428,10,0.2,,-24.312,-22.399,60.451,60.451
Test#1,1428,25,0.15,,-39.625,-37.578,57.668,57.668
Test#1,1428,10,0.15,,-17.534,-14.592,60.399,60.399
Test#1,1428,25,0.1,,-28.735,-25.858,57.281,57.281
Test#1,1428,10,0.1,,-13.006,-9.6901,60.074,60.074
Test#1,1428,25,0.05,,-20.304,-16.757,56.988,56.988
Test#1,1428,10,0.05,,-9.1529,-5.8122,59.75,59.75
Test#1,1428,25,0.02,,-14.047,-10.827,56.697,56.697
Test#1,1428,10,0.02,,-5.9801,-3.5602,59.35,59.35
Test#1,1428,25,0.005,,-11.033,-8.1913,56.22,56.22
Test#1,1428,10,0.005,,-4.6223,-2.5361,58.709,58.709
Test#1,1541,25,1.0,,-96.97,-96.969,0.4524,0.4524
Test#1,1541,10,1.0,,-86.919,-86.919,0.2074,0.2074
Test#1,1541,25,0.95,,-96.754,-96.753,4.8646,4.8646
Test#1,1541,10,0.95,,-87.0,-87.0,2.8951,2.8951
Test#1,1541,25,0.9,,-96.384,-96.387,9.4616,9.4616
Test#1,1541,10,0.9,,-86.604,-86.604,6.9504,6.9504
Test#1,1541,25,0.8,,-94.5,-94.497,26.043,26.043
Test#1,1541,10,0.8,,-84.927,-84.927,17.913,17.913
Test#1,1541,25,0.7,,-91.766,-91.77,43.314,43.314
Test#1,1541,10,0.7,,-82.128,-82.128,30.578,30.578
Test#1,1541,25,0.6,,-88.7,-88.701,62.187,62.187
Test#1,1541,10,0.6,,-79.028,-78.843,43.696,43.696
Test#1,1541,25,0.5,,-85.736,-85.734,60.975,60.975
Test#1,1541,10,0.5,,-70.364,-70.364,53.009,53.009
Test#1,1541,25,0.4,,-82.151,-82.146,60.168,60.168
Test#1,1541,10,0.4,,-52.794,-52.791,60.124,60.124
Test#1,1541,25,0.3,,-75.611,-75.614,59.483,59.483
Test#1,1541,10,0.3,,-36.238,-35.095,61.825,61.825
Test#1,1541,25,0.2,,-49.198,-47.602,58.513,58.513
Test#1,1541,10,0.2,,-23.137,-20.627,60.856,60.856
Test#1,1541,25,0.15,,-37.009,-35.214,57.97,57.97
Test#1,1541,10,0.15,,-16.328,-13.558,60.87,60.87
Test#1,1541,25,0.1,,-27.312,-24.763,57.638,57.638
Test#1,1541,10,0.1,,-12.269,-9.1451,60.603,60.603
Test#1,1541,25,0.05,,-19.262,-16.151,57.334,57.334
Test#1,1541,10,0.05,,-8.6047,-5.4856,60.223,60.223
Test#1,1541,25,0.02,,-13.101,-10.326,56.948,56.948
Test#1,1541,10,0.02,,-5.5136,-3.2974,59.636,59.636
Test#1,1541,25,0.005,,-10.144,-7.7191,56.419,56.419
Test#1,1541,10,0.005,,,-2.3008,,
Test#1,1656,25,1.0,,-95.422,-95.418,0.499,0.499
Test#1,1656,10,1.0,,-85.214,-85.218,0.2157,0.2157
Test#1,1656,25,0.95,,-95.287,-95.286,4.4305,4.4305
Test#1,1656,10,0.95,,-85.4,-85.401,2.8062,2.8062
Test#1,1656,25,0.9,,-94.954,-94.953,9.1682,9.1682
Test#1,1656,10,0.9,,-85.023,-85.023,6.8203,6.8203
Test#1,1656,25,0.8,,-92.977,-92.976,24.917,24.917
Test#1,1656,10,0.8,,-83.301,-83.304,17.142,17.142
Test#1,1656,25,0.7,,-90.144,-90.141,41.584,41.584
Test#1,1656,10,0.7,,-80.463,-80.466,29.369,29.369
Test#1,1656,25,0.6,,-87.118,-87.114,60.701,60.701
Test#1,1656,10,0.6,,-77.111,-77.109,41.021,41.021
Test#1,1656,25,0.5,,-84.167,-84.168,61.246,61.246
Test#1,1656,10,0.5,,-64.322,-64.326,48.958,48.958
Test#1,1656,25,0.4,,-80.484,-80.49,60.49,60.49
Test#1,1656,10,0.4,,-48.101,-48.101,55.184,55.184
Test#1,1656,25,0.3,,-69.546,-69.546,59.815,59.815
Test#1,1656,10,0.3,,-33.489,-32.491,62.257,62.257
Test#1,1656,25,0.2,,-45.076,-45.075,58.838,58.838
Test#1,1656,10,0.2,,-21.137,-19.555,61.292,61.292
Test#1,1656,25,0.15,,-35.311,-33.641,58.34,58.34
Test#1,1656,10,0.15,,-15.537,-12.98,61.369,61.369
Test#1,1656,25,0.1,,-26.427,-24.04,58.042,58.042
Test#1,1656,10,0.1,,-11.797,-8.8592,61.116,61.116
Test#1,1656,25,0.05,,-18.663,-15.768,57.725,57.725
Test#1,1656,10,0.05,,-8.2226,-5.293,60.699,60.699
Test#1,1656,25,0.02,,-12.683,-10.098,57.305,57.305
Test#1,1656,10,0.02,,-5.2038,-3.1234,60.057,60.057
Test#1,1656,25,0.005,,-9.8076,-7.5646,56.78,56.78
Test#1,1769,25,1.0,,-93.86,-93.861,0.5232,0.5232
Test#1,1769,10,1.0,,-83.523,-83.529,0.2208,0.2208
Test#1,1769,25,0.95,,-93.804,-93.807,4.0939,4.0939
Test#1,1769,10,0.95,,-83.8,-83.802,2.7901,2.7901
Test#1,1769,25,0.9,,-93.488,-93.492,8.9403,8.9403
Test#1,1769,10,0.9,,-83.43,-83.427,6.6259,6.6259
Test#1,1769,25,0.8,,-91.421,-91.419,23.878,23.878
Test#1,1769,10,0.8,,-81.775,-81.678,16.324,16.324
Test#1,1769,25,0.7,,-88.543,-88.539,39.792,39.792
Test#1,1769,10,0.7,,-78.886,-78.792,27.881,27.881
Test#1,1769,25,0.6,,-85.593,-85.59,57.608,57.608
Test#1,1769,10,0.6,,-72.6,-72.598,37.641,37.641
Test#1,1769,25,0.5,,-82.669,-82.671,61.54,61.54
Test#1,1769,10,0.5,,-58.735,-58.734,44.203,44.203
Test#1,1769,25,0.4,,-78.933,-78.93,60.828,60.828
Test#1,1769,10,0.4,,-43.722,-43.721,49.616,49.616
Test#1,1769,25,0.3,,-64.847,-64.847,60.169,60.169
Test#1,1769,10,0.3,,-30.897,-29.923,56.185,56.185
Test#1,1769,25,0.2,,-42.679,-42.68,59.197,59.197
Test#1,1769,10,0.2,,-20.495,-18.341,61.875,61.875
Test#1,1769,25,0.15,,-33.595,-32.045,58.735,58.735
Test#1,1769,10,0.15,,-14.709,-12.231,62.01,62.01
Test#1,1769,25,0.1,,-25.397,-23.171,58.459,58.459
Test#1,1769,10,0.1,,-11.285,-8.4178,61.786,61.786
Test#1,1769,25,0.05,,-18.008,-15.306,58.136,58.136
Test#1,1769,10,0.05,,-7.8924,-5.0398,61.279,61.279
Test#1,1769,25,0.02,,-12.309,-9.8834,57.71,57.71
Test#1,1769,10,0.02,,-4.9834,-2.9887,60.514,60.514
Test#1,1769,25,0.005,,-9.5772,-7.4585,57.195,57.195
Test#1,1885,25,1.0,,-91.9348,-91.9315,0.5463,0.5463
Test#1,1885,10,1.0,,-81.6086,-81.6097,0.2255,0.2255
Test#1,1885,25,0.95,,-92.042,-92.0423,3.818,3.818
Test#1,1885,10,0.95,,-81.9864,-81.9823,2.8129,2.8129
Test#1,1885,25,0.9,,-91.7613,-91.758,8.7476,8.7476
Test#1,1885,10,0.9,,-81.6175,-81.6183,6.3139,6.3139
Test#1,1885,25,0.8,,-89.4405,-89.4441,22.8956,22.8956
Test#1,1885,10,0.8,,-79.8482,-79.8469,15.5699,15.5699
Test#1,1885,25,0.7,,-86.808,-86.5996,37.9189,37.9189
Test#1,1885,10,0.7,,-76.9574,-76.9521,26.1684,26.1684
Test#1,1885,25,0.6,,-84.0313,-83.8272,54.1875,54.1875
Test#1,1885,10,0.6,,-66.0143,-66.011,34.1657,34.1657
Test#1,1885,25,0.5,,-81.1859,-80.9417,61.9042,61.9042
Test#1,1885,10,0.5,,-52.8938,-52.8944,39.666,39.666
Test#1,1885,25,0.4,,-77.1134,-77.1126,61.227,61.227
Test#1,1885,10,0.4,,-39.4177,-39.4158,44.4723,44.4723
Test#1,1885,25,0.3,,-59.8548,-59.8577,60.5727,60.5727
Test#1,1885,10,0.3,,-28.4106,-27.382,50.4749,50.4749
Test#1,1885,25,0.2,,-41.2417,-39.8795,59.604,59.604
Test#1,1885,10,0.2,,-19.1011,-17.0613,60.0945,60.0945
Test#1,1885,25,0.15,,-31.9588,-30.3033,59.1882,59.1882
Test#1,1885,10,0.15,,-13.9461,-11.4484,58.0938,58.0938
Test#1,1885,25,0.1,,-24.4953,-22.3087,58.9331,58.9331
Test#1,1885,10,0.1,,-10.8568,-7.9791,60.4074,60.4074
Test#1,1885,25,0.05,,-17.3489,-14.8335,58.5841,58.5841
Test#1,1885,10,0.05,,-7.6499,-4.8175,61.8757,61.8757
Test#1,1885,25,0.02,,-11.8363,-9.6794,58.1248,58.1248
Test#1,1885,10,0.02,,-4.8759,-2.9149,61.0789,61.0789
Test#1,1885,25,0.005,,-9.184,-7.3782,57.6226,57.6226
Test#1,1994,25,1.0,,-87.1176,-87.1153,0.5847,0.5847
Test#1,1994,10,1.0,,-76.5289,-76.533,0.2415,0.2415
Test#1,1994,25,0.95,,-87.5873,-87.5928,3.3622,3.3622
Test#1,1994,10,0.95,,-77.4272,-77.4295,2.7104,2.7104
Test#1,1994,25,0.9,,-87.4058,-87.4055,7.9356,7.9356
Test#1,1994,10,0.9,,-77.2275,-77.2328,5.3461,5.3461
Test#1,1994,25,0.8,,-85.2238,-85.2235,19.4173,19.4173
Test#1,1994,10,0.8,,-72.5787,-72.5743,13.3136,13.3136
Test#1,1994,25,0.7,,-82.7763,-82.7792,31.9533,31.9533
Test#1,1994,10,0.7,,-62.6058,-62.6083,20.5425,20.5425
Test#1,1994,25,0.6,,-80.3763,-80.3747,43.0287,43.0287
Test#1,1994,10,0.6,,-51.9846,-51.9852,25.3917,25.3917
Test#1,1994,25,0.5,,-77.717,-77.7117,51.1274,51.1274
Test#1,1994,10,0.5,,-41.3737,-41.3723,29.0675,29.0675
Test#1,1994,25,0.4,,-67.6104,-67.6171,57.9778,57.9778
Test#1,1994,10,0.4,,-31.4379,-31.4399,32.6787,32.6787
Test#1,1994,25,0.3,,-51.9934,-51.9945,61.9621,61.9621
Test#1,1994,10,0.3,,-23.3723,-22.3942,37.4646,37.4646
Test#1,1994,25,0.2,,-34.855,-34.8548,61.019,61.019
Test#1,1994,10,0.2,,-16.6148,-14.399,44.3103,44.3103
Test#1,1994,25,0.15,,-28.1779,-26.6617,60.6668,60.6668
Test#1,1994,10,0.15,,-12.4184,-9.8083,42.4744,42.4744
Test#1,1994,25,0.1,,-22.0279,-19.9316,60.4183,60.4183
Test#1,1994,10,0.1,,-10.0061,-7.0057,44.2599,44.2599
Test#1,1994,25,0.05,,-16.2164,-13.6387,60.0528,60.0528
Test#1,1994,10,0.05,,-7.3744,-4.4309,49.2958,49.2958
Test#1,1994,25,0.02,,-11.8504,-9.4308,59.7753,59.7753
Test#1,1994,10,0.02,,-5.3152,-2.9202,54.392,54.392
Test#1,1994,25,0.005,,-9.815,-7.5756,59.4554,59.4554
Test#2,1,25,1.0,,-112.758,-112.6093,,
Test#2,1,10,1.0,,-108.265,-107.731,,
Test#2,1,25,0.95,,-111.6448,-111.642,14.8066,14.8066
Test#2,1,10,0.95,,-107.8524,-107.4972,11.206,11.206
Test#2,1,25,0.9,,-111.0313,-111.0335,22.8598,22.8598
Test#2,1,10,0.9,,-107.1903,-107.1911,16.69,16.69
Test#2,1,25,0.8,,-108.5048,-108.5031,36.8317,36.8317
Test#2,1,10,0.8,,-105.0172,-105.0163,28.052,28.052
Test#2,1,25,0.7,,-105.9278,-105.9265,61.6831,61.6831
Test#2,1,10,0.7,,-102.3052,-102.307,57.346,57.346
Test#2,1,25,0.6,,-103.7123,-103.4091,60.5747,60.5747
Test#2,1,10,0.6,,-99.636,-99.6278,61.141,61.141
Test#2,1,25,0.5,,-100.2781,-100.282,58.8609,58.8609
Test#2,1,10,0.5,,-96.6363,-96.6417,59.738,59.738
Test#2,1,25,0.4,,-97.7534,-97.7567,57.5829,57.5829
Test#2,1,10,0.4,,-94.2025,-94.201,58.458,58.458
Test#2,1,25,0.3,,-95.6568,-95.6514,56.703,56.703
Test#2,1,10,0.3,,-91.8647,-91.864,57.578,57.578
Test#2,1,25,0.2,,-93.0595,-93.0622,55.6929,55.6929
Test#2,1,10,0.2,,-88.0261,-88.0272,56.543,56.543
Test#2,1,25,0.15,,-90.978,-90.9755,54.9097,54.9097
Test#2,1,10,0.15,,-81.4464,-82.4802,55.816,55.816
Test#2,1,25,0.1,,-82.475,-83.5299,54.0364,54.0364
Test#2,1,10,0.1,,-50.6886,-37.2379,55.178,55.178
Test#2,1,25,0.05,,-40.1232,-30.3737,53.7423,53.7423
Test#2,1,10,0.05,,-21.1184,-13.7594,54.842,54.842
Test#2,1,25,0.02,,-27.458,-17.4825,53.0008,53.0008
Test#2,1,25,0.005,,-18.2156,-12.3657,51.7539,51.7539
Test#2,136,25,1.0,,-112.229,-112.3246,,
Test#2,136,10,1.0,,-107.3461,-106.9169,,
Test#2,136,25,0.95,,-111.5208,-111.5211,15.0024,15.0024
Test#2,136,10,0.95,,-106.8349,-106.8355,11.2607,11.2607
Test#2,136,25,0.9,,-110.9106,-110.908,22.8488,22.8488
Test#2,136,10,0.9,,-106.4131,-106.4138,16.39,16.39
Test#2,136,25,0.8,,-108.363,-108.3643,37.6935,37.6935
Test#2,136,10,0.8,,-104.3046,-104.299,29.4812,29.4812
Test#2,136,25,0.7,,-105.9549,-105.9536,61.6791,61.6791
Test#2,136,10,0.7,,-102.1406,-102.1319,55.746,55.746
Test#2,136,25,0.6,,-103.6521,-103.6544,60.6601,60.6601
Test#2,136,10,0.6,,-99.4619,-99.4604,61.2773,61.2773
Test#2,136,25,0.5,,-100.3883,-100.3855,58.8431,58.8431
Test#2,136,10,0.5,,-96.0862,-96.3563,59.7665,59.7665
Test#2,136,25,0.4,,-97.7686,-97.7714,57.5773,57.5773
Test#2,136,10,0.4,,-93.5169,-93.7872,58.5063,58.5063
Test#2,136,25,0.3,,-95.5885,-95.5853,56.6996,56.6996
Test#2,136,10,0.3,,-90.8897,-91.1644,57.6413,57.6413
Test#2,136,25,0.2,,-92.3576,-92.6558,55.6662,55.6662
Test#2,136,10,0.2,,-84.4579,-85.8225,56.6415,56.6415
Test#2,136,25,0.15,,-88.9492,-89.7649,54.9001,54.9001
Test#2,136,10,0.15,,-68.3878,-75.3503,55.9245,55.9245
Test#2,136,25,0.1,,-73.7607,-76.5618,54.0979,54.0979
Test#2,136,10,0.1,,-39.2102,-33.1899,55.3286,55.3286
Test#2,136,25,0.05,,-39.689,-29.2503,53.8509,53.8509
Test#2,136,10,0.05,,-17.5042,-13.5438,54.9853,54.9853
Test#2,136,25,0.02,,-22.3641,-15.9252,53.0024,53.0024
Test#2,136,25,0.005,,-14.9652,-10.1136,51.7148,51.7148
Test#2,273,25,1.0,,-111.58,-111.58,,
Test#2,273,10,1.0,,-105.81,-105.81,,
Test#2,273,25,0.95,,-110.87,-110.87,14.667,14.667
Test#2,273,10,0.95,,-105.85,-105.85,10.868,10.868
Test#2,273,25,0.9,,-110.23,-110.23,22.111,22.111
Test#2,273,10,0.9,,-105.35,-105.35,15.643,15.643
Test#2,273,25,0.8,,-107.77,-107.77,37.277,37.277
Test#2,273,10,0.8,,-103.41,-103.41,29.248,29.248
Test#2,273,25,0.7,,-105.52,-105.52,61.75,61.75
Test#2,273,10,0.7,,-101.44,-101.44,53.781,53.781
Test#2,273,25,0.6,,-103.18,-103.19,60.735,60.735
Test#2,273,10,0.6,,-98.808,-98.808,61.431,61.431
Test#2,273,25,0.5,,-99.916,-99.918,58.93,58.93
Test#2,273,10,0.5,,-95.703,-95.703,59.903,59.903
Test#2,273,25,0.4,,-97.304,-97.302,57.671,57.671
Test#2,273,10,0.4,,-93.054,-93.06,58.657,58.657
Test#2,273,25,0.3,,-95.03,-95.025,56.8,56.8
Test#2,273,10,0.3,,-89.979,-90.219,57.802,57.802
Test#2,273,25,0.2,,-91.696,-91.695,55.774,55.774
Test#2,273,10,0.2,,-82.711,-83.535,56.836,56.836
Test#2,273,25,0.15,,-87.198,-87.681,55.034,55.034
Test#2,273,10,0.15,,-65.775,-63.643,56.156,56.156
Test#2,273,25,0.1,,-69.319,-63.115,54.24,54.24
Test#2,273,10,0.1,,-37.073,-32.304,55.523,55.523
Test#2,273,25,0.05,,-38.035,-27.724,54.014,54.014
Test#2,273,10,0.05,,-18.822,-15.167,55.187,55.187
Test#2,273,25,0.02,,-22.318,-15.086,53.334,53.334
Test#2,273,25,0.005,,-14.909,-9.7137,52.176,52.176
Test#2,393,25,1.0,,-110.77,-110.83,,
Test#2,393,10,1.0,,-105.12,-104.44,,
Test#2,393,25,0.95,,-110.22,-110.22,14.336,14.336
Test#2,393,10,0.95,,-105.08,-104.61,10.247,10.247
Test#2,393,25,0.9,,-109.55,-109.55,21.326,21.326
Test#2,393,10,0.9,,-104.46,-104.13,14.457,14.457
Test#2,393,25,0.8,,-107.23,-107.23,36.572,36.572
Test#2,393,10,0.8,,-102.37,-102.37,29.068,29.068
Test#2,393,25,0.7,,-105.09,-105.09,61.845,61.845
Test#2,393,10,0.7,,-100.54,-100.54,51.233,51.233
Test#2,393,25,0.6,,-102.73,-102.73,60.823,60.823
Test#2,393,10,0.6,,-97.666,-97.959,61.601,61.601
Test#2,393,25,0.5,,-99.488,-99.492,59.038,59.038
Test#2,393,10,0.5,,-94.629,-94.896,60.08,60.08
Test#2,393,25,0.4,,-96.88,-96.882,57.788,57.788
Test#2,393,10,0.4,,-91.93,-92.199,58.86,58.86
Test#2,393,25,0.3,,-94.531,-94.533,56.917,56.917
Test#2,393,10,0.3,,-88.631,-89.136,58.026,58.026
Test#2,393,25,0.2,,-90.821,-90.825,55.9,55.9
Test#2,393,10,0.2,,-78.712,-81.045,57.099,57.099
Test#2,393,25,0.15,,-85.505,-85.797,55.183,55.183
Test#2,393,10,0.15,,-55.097,-55.893,56.442,56.442
Test#2,393,25,0.1,,-64.178,-56.912,54.401,54.401
Test#2,393,10,0.1,,-31.599,-27.744,55.797,55.797
Test#2,393,25,0.05,,-36.373,-26.611,54.175,54.175
Test#2,393,10,0.05,,-16.883,-24.565,55.439,55.439
Test#2,393,25,0.02,,-21.857,-14.516,53.594,53.594
Test#2,393,25,0.005,,-15.287,-9.3424,52.523,52.523
Test#2,522,25,1.0,,-109.95,-109.94,,
Test#2,522,10,1.0,,-103.81,-103.81,,
Test#2,522,25,0.95,,-109.4,-109.4,13.63,13.63
Test#2,522,10,0.95,,-103.78,-103.78,9.4489,9.4489
Test#2,522,25,0.9,,-108.65,-108.65,20.043,20.043
Test#2,522,10,0.9,,-103.17,-103.18,13.292,13.292
Test#2,522,25,0.8,,-106.47,-106.47,36.028,36.028
Test#2,522,10,0.8,,-101.3,-101.3,28.684,28.684
Test#2,522,25,0.7,,-104.43,-104.43,61.95,61.95
Test#2,522,10,0.7,,-99.437,-99.435,48.958,48.958
Test#2,522,25,0.6,,-102.07,-102.07,60.926,60.926
Test#2,522,10,0.6,,-96.712,-96.711,61.787,61.787
Test#2,522,25,0.5,,-98.822,-98.82,59.144,59.144
Test#2,522,10,0.5,,-93.54,-93.546,60.258,60.258
Test#2,522,25,0.4,,-96.163,-96.165,57.911,57.911
Test#2,522,10,0.4,,-90.726,-90.726,59.064,59.064
Test#2,522,25,0.3,,-93.64,-93.636,57.042,57.042
Test#2,522,10,0.3,,-87.019,-87.021,58.253,58.253
Test#2,522,25,0.2,,-89.021,-89.019,56.058,56.058
Test#2,522,10,0.2,,-72.973,-67.785,57.382,57.382
Test#2,522,25,0.15,,-82.206,-81.81,55.39,55.39
Test#2,522,10,0.15,,-48.463,-39.414,56.768,56.768
Test#2,522,25,0.1,,-55.461,-47.459,54.596,54.596
Test#2,522,10,0.1,,-28.15,-20.336,56.045,56.045
Test#2,522,25,0.05,,-31.194,-23.487,54.368,54.368
Test#2,522,10,0.05,,-15.571,-13.961,55.674,55.674
Test#2,522,25,0.02,,-19.937,-13.472,53.943,53.943
Test#2,522,25,0.005,,-14.181,-9.3672,53.044,53.044
Test#2,641,25,1.0,,-109.18,-109.18,,
Test#2,641,10,1.0,,-102.13,-102.34,,
Test#2,641,25,0.95,,-108.69,-108.7,12.953,12.953
Test#2,641,10,0.95,,-102.34,-102.33,8.4814,8.4814
Test#2,641,25,0.9,,-107.95,-107.95,18.887,18.887
Test#2,641,10,0.9,,-101.8,-101.81,12.086,12.086
Test#2,641,25,0.8,,-105.91,-105.91,35.334,35.334
Test#2,641,10,0.8,,-99.999,-99.999,28.064,28.064
Test#2,641,25,0.7,,-103.93,-103.94,62.055,62.055
Test#2,641,10,0.7,,-98.164,-98.166,46.376,46.376
Test#2,641,25,0.6,,-101.54,-101.54,61.006,61.006
Test#2,641,10,0.6,,-95.408,-95.406,61.965,61.965
Test#2,641,25,0.5,,-98.303,-98.31,59.254,59.254
Test#2,641,10,0.5,,-92.281,-92.277,60.456,60.456
Test#2,641,25,0.4,,-95.658,-95.658,58.025,58.025
Test#2,641,10,0.4,,-89.379,-89.373,59.297,59.297
Test#2,641,25,0.3,,-93.059,-93.057,57.17,57.17
Test#2,641,10,0.3,,-85.105,-85.107,58.506,58.506
Test#2,641,25,0.2,,-87.669,-87.918,56.188,56.188
Test#2,641,10,0.2,,-62.986,-58.771,57.632,57.632
Test#2,641,25,0.15,,-79.451,-79.758,55.522,55.522
Test#2,641,10,0.15,,-41.132,-35.99,56.985,56.985
Test#2,641,25,0.1,,-51.597,-42.179,54.763,54.763
Test#2,641,10,0.1,,-24.436,-18.571,56.295,56.295
Test#2,641,25,0.05,,-29.068,-19.663,54.524,54.524
Test#2,641,25,0.02,,-18.082,-12.03,54.043,54.043
Test#2,641,25,0.005,,-12.755,-12.247,53.099,53.099
Test#2,762,25,1.0,,-108.24,-108.24,,
Test#2,762,10,1.0,,-100.85,-100.85,,
Test#2,762,25,0.95,,-107.8,-107.8,12.147,12.147
Test#2,762,10,0.95,,-100.54,-100.55,7.1944,7.1944
Test#2,762,25,0.9,,-107.04,-107.04,17.497,17.497
Test#2,762,10,0.9,,-99.936,-99.948,10.501,10.501
Test#2,762,25,0.8,,-105.11,-105.11,34.567,34.567
Test#2,762,10,0.8,,-98.461,-98.466,27.372,27.372
Test#2,762,25,0.7,,-103.2,-103.2,62.196,62.196
Test#2,762,10,0.7,,-96.66,-96.654,43.933,43.933
Test#2,762,25,0.6,,-100.76,-100.76,61.11,61.11
Test#2,762,10,0.6,,-93.864,-93.864,62.169,62.169
Test#2,762,25,0.5,,-97.544,-97.545,59.383,59.383
Test#2,762,10,0.5,,-90.704,-90.699,60.651,60.651
Test#2,762,25,0.4,,-94.862,-94.863,58.174,58.174
Test#2,762,10,0.4,,-87.586,-87.582,59.539,59.539
Test#2,762,25,0.3,,-92.07,-92.067,57.331,57.331
Test#2,762,10,0.3,,-82.501,-82.143,58.778,58.778
Test#2,762,25,0.2,,-85.369,-85.662,56.36,56.36
Test#2,762,10,0.2,,-53.23,-47.031,57.952,57.952
Test#2,762,25,0.15,,-74.716,-73.802,55.709,55.709
Test#2,762,10,0.15,,-33.754,-27.702,57.547,57.547
Test#2,762,25,0.1,,-44.632,-38.462,54.971,54.971
Test#2,762,10,0.1,,-19.756,-14.283,56.893,56.893
Test#2,762,25,0.05,,-25.892,-19.238,54.712,54.712
Test#2,762,10,0.05,,-11.037,-6.3375,56.528,56.528
Test#2,762,25,0.02,,-15.524,-10.577,54.553,54.553
Test#2,762,10,0.02,,-6.7319,-2.9714,56.099,56.099
Test#2,762,25,0.005,,-10.973,-7.2203,53.627,53.627
Test#2,867,25,1.0,,-106.98,-106.99,,
Test#2,867,10,1.0,,-98.91,-98.439,,
Test#2,867,25,0.95,,-106.55,-106.55,10.986,10.986
Test#2,867,10,0.95,,-98.677,-98.313,6.1272,6.1272
Test#2,867,25,0.9,,-105.79,-105.79,15.642,15.642
Test#2,867,10,0.9,,-98.2,-97.899,9.3778,9.3778
Test#2,867,25,0.8,,-103.93,-103.94,33.683,33.683
Test#2,867,10,0.8,,-96.697,-96.693,26.21,26.21
Test#2,867,25,0.7,,-102.06,-102.06,59.168,59.168
Test#2,867,10,0.7,,-94.986,-94.989,40.742,40.742
Test#2,867,25,0.6,,-99.574,-99.573,61.266,61.266
Test#2,867,10,0.6,,-92.374,-92.376,60.081,60.081
Test#2,867,25,0.5,,-96.363,-96.36,59.555,59.555
Test#2,867,10,0.5,,-89.31,-89.31,60.927,60.927
Test#2,867,25,0.4,,-93.592,-93.591,58.372,58.372
Test#2,867,10,0.4,,-85.828,-86.046,59.87,59.87
Test#2,867,25,0.3,,-90.342,-90.342,57.551,57.551
Test#2,867,10,0.3,,-79.145,-79.884,59.138,59.138
Test#2,867,25,0.2,,-80.552,-80.865,56.626,56.626
Test#2,867,10,0.2,,-42.731,-42.73,58.308,58.308
Test#2,867,25,0.15,,-59.948,-55.293,56.008,56.008
Test#2,867,10,0.15,,-27.015,-25.744,57.928,57.928
Test#2,867,25,0.1,,-35.303,-30.26,55.265,55.265
Test#2,867,10,0.1,,-16.146,-13.891,57.277,57.277
Test#2,867,25,0.05,,-21.295,-15.406,54.983,54.983
Test#2,867,10,0.05,,-9.4978,-6.8791,56.866,56.866
Test#2,867,25,0.02,,-13.23,-8.6463,54.917,54.917
Test#2,867,10,0.02,,-5.6623,-3.9033,56.41,56.41
Test#2,867,25,0.005,,-9.7509,-6.0155,54.064,54.064
Test#2,867,10,0.005,,,-2.6766,,
Test#2,986,25,1.0,,-105.91,-105.91,,
Test#2,986,10,1.0,,-97.55,-97.011,,
Test#2,986,25,0.95,,-105.51,-105.5,10.128,10.128
Test#2,986,10,0.95,,-97.371,-96.933,5.4563,5.4563
Test#2,986,25,0.9,,-104.82,-104.83,14.452,14.452
Test#2,986,10,0.9,,-96.954,-96.576,8.6777,8.6777
Test#2,986,25,0.8,,-103.06,-103.06,32.253,32.253
Test#2,986,10,0.8,,-95.712,-95.445,25.022,25.022
Test#2,986,25,0.7,,-101.23,-101.23,56.197,56.197
Test#2,986,10,0.7,,-93.748,-93.75,38.397,38.397
Test#2,986,25,0.6,,-98.737,-98.733,61.42,61.42
Test#2,986,10,0.6,,-91.183,-91.182,56.682,56.682
Test#2,986,25,0.5,,-95.582,-95.58,59.764,59.764
Test#2,986,10,0.5,,-88.179,-88.176,61.182,61.182
Test#2,986,25,0.4,,-92.778,-92.787,58.587,58.587
Test#2,986,10,0.4,,-84.613,-84.837,60.153,60.153
Test#2,986,25,0.3,,-89.397,-89.403,57.781,57.781
Test#2,986,10,0.3,,-78.276,-78.279,59.434,59.434
Test#2,986,25,0.2,,-79.722,-79.287,56.881,56.881
Test#2,986,10,0.2,,-41.999,-40.805,58.61,58.61
Test#2,986,25,0.15,,-58.843,-53.0,56.285,56.285
Test#2,986,10,0.15,,-26.222,-25.024,58.271,58.271
Test#2,986,25,0.1,,-35.347,-29.682,55.525,55.525
Test#2,986,10,0.1,,-16.104,-13.886,57.609,57.609
Test#2,986,25,0.05,,-21.946,-15.643,55.195,55.195
Test#2,986,10,0.05,,-9.8175,-7.2856,57.17,57.17
Test#2,986,25,0.02,,-14.47,-9.2287,55.054,55.054
Test#2,986,10,0.02,,-6.0266,-4.4367,56.86,56.86
Test#2,986,25,0.005,,-11.1,-6.6218,54.592,54.592
Test#2,986,10,0.005,,,-3.2358,,
Test#2,1100,25,1.0,,-104.99,-104.99,,
Test#2,1100,10,1.0,,-96.308,-96.315,,
Test#2,1100,25,0.95,,-104.6,-104.6,9.3686,9.3686
Test#2,1100,10,0.95,,-96.08,-96.075,4.8746,4.8746
Test#2,1100,25,0.9,,-103.97,-103.96,13.446,13.446
Test#2,1100,10,0.9,,-95.623,-95.625,8.1977,8.1977
Test#2,1100,25,0.8,,-102.25,-102.24,31.481,31.481
Test#2,1100,10,0.8,,-94.324,-94.323,24.298,24.298
Test#2,1100,25,0.7,,-100.4,-100.4,53.647,53.647
Test#2,1100,10,0.7,,-92.416,-92.418,36.45,36.45
Test#2,1100,25,0.6,,-97.835,-97.839,61.514,61.514
Test#2,1100,10,0.6,,-89.535,-89.538,54.462,54.462
Test#2,1100,25,0.5,,-94.691,-94.689,59.891,59.891
Test#2,1100,10,0.5,,-86.275,-86.28,61.347,61.347
Test#2,1100,25,0.4,,-91.843,-91.848,58.746,58.746
Test#2,1100,10,0.4,,-82.671,-82.386,60.381,60.381
Test#2,1100,25,0.3,,-88.154,-88.149,57.951,57.951
Test#2,1100,10,0.3,,-69.264,-66.736,59.702,59.702
Test#2,1100,25,0.2,,-75.958,-75.954,57.062,57.062
Test#2,1100,10,0.2,,-35.485,-31.082,58.907,58.907
Test#2,1100,25,0.15,,-52.416,-47.274,56.469,56.469
Test#2,1100,10,0.15,,-22.169,-17.819,58.6,58.6
Test#2,1100,25,0.1,,-32.318,-26.391,55.704,55.704
Test#2,1100,10,0.1,,-13.774,-9.6872,57.884,57.884
Test#2,1100,25,0.05,,-19.982,-14.082,55.37,55.37
Test#2,1100,10,0.05,,-9.042,-4.6855,57.465,57.465
Test#2,1100,25,0.02,,-13.227,-8.3241,55.228,55.228
Test#2,1100,10,0.02,,-6.1495,-2.4547,57.245,57.245
Test#2,1100,25,0.005,,-10.148,-5.9808,54.748,54.748
Test#2,1220,25,1.0,,-103.79,-103.8,,
Test#2,1220,10,1.0,,-94.788,-94.794,0.0377,0.0377
Test#2,1220,25,0.95,,-103.41,-103.4,8.3357,8.3357
Test#2,1220,10,0.95,,-94.592,-94.593,4.2803,4.2803
Test#2,1220,25,0.9,,-102.85,-102.84,12.164,12.164
Test#2,1220,10,0.9,,-94.162,-94.17,7.5549,7.5549
Test#2,1220,25,0.8,,-101.17,-101.17,29.727,29.727
Test#2,1220,10,0.8,,-92.897,-92.895,22.634,22.634
Test#2,1220,25,0.7,,-99.329,-99.33,49.775,49.775
Test#2,1220,10,0.7,,-90.963,-90.96,33.794,33.794
Test#2,1220,25,0.6,,-96.789,-96.789,61.779,61.779
Test#2,1220,10,0.6,,-88.32,-88.092,50.81,50.81
Test#2,1220,25,0.5,,-93.656,-93.663,60.167,60.167
Test#2,1220,10,0.5,,-85.098,-84.849,61.679,61.679
Test#2,1220,25,0.4,,-90.75,-90.75,59.045,59.045
Test#2,1220,10,0.4,,-81.171,-80.823,60.743,60.743
Test#2,1220,25,0.3,,-86.799,-86.79,58.268,58.268
Test#2,1220,10,0.3,,-64.892,-62.394,60.09,60.09
Test#2,1220,25,0.2,,-73.194,-69.795,57.444,57.444
Test#2,1220,10,0.2,,-34.136,-30.349,59.339,59.339
Test#2,1220,25,0.15,,-51.208,-45.953,56.925,56.925
Test#2,1220,10,0.15,,-21.896,-17.977,59.11,59.11
Test#2,1220,25,0.1,,-31.568,-26.715,56.106,56.106
Test#2,1220,10,0.1,,-14.484,-10.169,58.377,58.377
Test#2,1220,25,0.05,,-19.952,-14.89,55.713,55.713
Test#2,1220,10,0.05,,-9.8078,-5.3662,57.92,57.92
Test#2,1220,25,0.02,,-14.249,-9.6748,55.712,55.712
Test#2,1220,10,0.02,,-6.8928,-3.2154,57.858,57.858
Test#2,1220,25,0.005,,-11.731,-7.4894,55.622,55.622
Test#2,1220,10,0.005,,-5.7054,-2.3243,57.615,57.615
Test#2,1333,25,1.0,,-103.16,-103.16,,
Test#2,1333,10,1.0,,-93.994,-93.987,0.0693,0.0693
Test#2,1333,25,0.95,,-102.8,-102.8,7.8663,7.8663
Test#2,1333,10,0.95,,-93.85,-93.846,3.9982,3.9982
Test#2,1333,25,0.9,,-102.28,-102.28,11.596,11.596
Test#2,1333,10,0.9,,-93.466,-93.459,7.237,7.237
Test#2,1333,25,0.8,,-100.65,-100.65,28.785,28.785
Test#2,1333,10,0.8,,-92.225,-92.22,21.768,21.768
Test#2,1333,25,0.7,,-98.824,-98.826,47.996,47.996
Test#2,1333,10,0.7,,-90.295,-90.3,32.522,32.522
Test#2,1333,25,0.6,,-96.239,-96.24,61.866,61.866
Test#2,1333,10,0.6,,-87.661,-87.45,49.263,49.263
Test#2,1333,25,0.5,,-93.161,-93.162,60.308,60.308
Test#2,1333,10,0.5,,-84.479,-84.243,61.851,61.851
Test#2,1333,25,0.4,,-90.276,-90.279,59.204,59.204
Test#2,1333,10,0.4,,-80.547,-80.241,60.936,60.936
Test#2,1333,25,0.3,,-86.372,-86.373,58.436,58.436
Test#2,1333,10,0.3,,-63.559,-61.432,60.295,60.295
Test#2,1333,25,0.2,,-73.242,-70.19,57.618,57.618
Test#2,1333,10,0.2,,-33.97,-30.546,59.554,59.554
Test#2,1333,25,0.15,,-52.009,-46.937,57.11,57.11
Test#2,1333,10,0.15,,-22.023,-18.34,59.344,59.344
Test#2,1333,25,0.1,,-32.388,-27.716,56.31,56.31
Test#2,1333,10,0.1,,-14.745,-10.533,58.639,58.639
Test#2,1333,25,0.05,,-20.62,-15.679,55.891,55.891
Test#2,1333,10,0.05,,-10.106,-5.7347,58.162,58.162
Test#2,1333,25,0.02,,-15.046,-10.431,55.894,55.894
Test#2,1333,10,0.02,,-7.5167,-3.5675,58.111,58.111
Test#2,1333,25,0.005,,-12.627,-8.2735,55.843,55.843
Test#2,1333,10,0.005,,-6.0846,-2.6846,57.925,57.925
Test#2,1446,25,1.0,,-102.27,-102.27,0.0123,0.0123
Test#2,1446,10,1.0,,-92.738,-92.736,0.1121,0.1121
Test#2,1446,25,0.95,,-101.9,-101.9,7.2253,7.2253
Test#2,1446,10,0.95,,-92.624,-92.628,3.6079,3.6079
Test#2,1446,25,0.9,,-101.41,-101.42,10.945,10.945
Test#2,1446,10,0.9,,-92.246,-92.25,6.9593,6.9593
Test#2,1446,25,0.8,,-99.778,-99.777,28.288,28.288
Test#2,1446,10,0.8,,-90.992,-90.987,20.773,20.773
Test#2,1446,25,0.7,,-97.889,-97.89,46.05,46.05
Test#2,1446,10,0.7,,-89.19,-88.974,31.079,31.079
Test#2,1446,25,0.6,,-95.191,-95.193,61.919,61.919
Test#2,1446,10,0.6,,-86.242,-86.007,48.073,48.073
Test#2,1446,25,0.5,,-92.09,-92.088,60.407,60.407
Test#2,1446,10,0.5,,-82.911,-82.656,62.028,62.028
Test#2,1446,25,0.4,,-89.069,-89.07,59.343,59.343
Test#2,1446,10,0.4,,-78.313,-77.982,61.182,61.182
Test#2,1446,25,0.3,,-84.503,-84.501,58.601,58.601
Test#2,1446,10,0.3,,-54.755,-52.681,60.567,60.567
Test#2,1446,25,0.2,,-63.41,-59.199,57.776,57.776
Test#2,1446,10,0.2,,-28.757,-25.567,59.776,59.776
Test#2,1446,25,0.15,,-43.754,-39.909,57.24,57.24
Test#2,1446,10,0.15,,-18.461,-15.129,59.543,59.543
Test#2,1446,25,0.1,,-27.669,-23.695,56.436,56.436
Test#2,1446,10,0.1,,-12.843,-8.825,58.862,58.862
Test#2,1446,25,0.05,,-18.308,-13.817,56.055,56.055
Test#2,1446,10,0.05,,-9.1102,-4.8112,58.429,58.429
Test#2,1446,25,0.02,,-13.247,-9.0959,56.06,56.06
Test#2,1446,10,0.02,,-6.6813,-2.9282,58.359,58.359
Test#2,1446,25,0.005,,-10.919,-7.0762,55.94,55.94
Test#2,1559,25,1.0,,-101.37,-101.37,0.1216,0.1216
Test#2,1559,10,1.0,,-91.92,-91.713,0.1365,0.1365
Test#2,1559,25,0.95,,-101.04,-101.04,6.6624,6.6624
Test#2,1559,10,0.95,,-91.909,-91.671,3.3095,3.3095
Test#2,1559,25,0.9,,-100.6,-100.6,10.341,10.341
Test#2,1559,10,0.9,,-91.553,-91.32,6.6479,6.6479
Test#2,1559,25,0.8,,-98.981,-98.979,27.286,27.286
Test#2,1559,10,0.8,,-90.294,-90.06,19.618,19.618
Test#2,1559,25,0.7,,-97.055,-97.059,43.932,43.932
Test#2,1559,10,0.7,,-88.232,-88.014,29.559,29.559
Test#2,1559,25,0.6,,-94.298,-94.299,62.046,62.046
Test#2,1559,10,0.6,,-85.256,-85.038,46.253,46.253
Test#2,1559,25,0.5,,-91.219,-91.221,60.582,60.582
Test#2,1559,10,0.5,,-81.908,-81.666,62.239,62.239
Test#2,1559,25,0.4,,-88.154,-88.158,59.546,59.546
Test#2,1559,10,0.4,,-76.758,-76.761,61.459,61.459
Test#2,1559,25,0.3,,-83.37,-83.373,58.82,58.82
Test#2,1559,10,0.3,,-51.691,-49.915,60.868,60.868
Test#2,1559,25,0.2,,-60.648,-56.748,58.017,58.017
Test#2,1559,10,0.2,,-27.578,-24.684,60.075,60.075
Test#2,1559,25,0.15,,-42.233,-38.741,57.494,57.494
Test#2,1559,10,0.15,,-18.444,-14.787,59.877,59.877
Test#2,1559,25,0.1,,-27.163,-23.427,56.711,56.711
Test#2,1559,10,0.1,,-12.696,-8.8081,59.226,59.226
Test#2,1559,25,0.05,,-18.235,-13.997,56.315,56.315
Test#2,1559,10,0.05,,-9.1563,-4.9687,58.79,58.79
Test#2,1559,25,0.02,,-13.462,-9.4548,56.334,56.334
Test#2,1559,10,0.02,,-6.9036,-3.154,58.763,58.763
Test#2,1559,25,0.005,,-11.312,-7.5197,56.281,56.281
Test#2,1559,10,0.005,,-5.5415,-2.3903,58.549,58.549
Test#2,1685,25,1.0,,-99.3102,-99.3068,0.3979,0.3979
Test#2,1685,10,1.0,,-89.3584,-89.3618,0.2248,0.2248
Test#2,1685,25,0.95,,-98.993,-98.9938,5.4097,5.4097
Test#2,1685,10,0.95,,-89.3457,-89.3526,2.7867,2.7867
Test#2,1685,25,0.9,,-98.5944,-98.5867,9.3903,9.3903
Test#2,1685,10,0.9,,-88.9572,-88.9541,6.3558,6.3558
Test#2,1685,25,0.8,,-96.895,-96.8984,25.8842,25.8842
Test#2,1685,10,0.8,,-87.4648,-87.4654,17.1175,17.1175
Test#2,1685,25,0.7,,-94.7541,-94.7538,39.8194,39.8194
Test#2,1685,10,0.7,,-85.08,-85.0813,27.0969,27.0969
Test#2,1685,25,0.6,,-91.7392,-91.7441,62.2415,62.2415
Test#2,1685,10,0.6,,-81.7745,-81.7769,43.1054,43.1054
Test#2,1685,25,0.5,,-88.6274,-88.6297,60.8795,60.8795
Test#2,1685,10,0.5,,-77.77,-77.6104,55.0372,55.0372
Test#2,1685,25,0.4,,-85.0445,-85.0428,59.9658,59.9658
Test#2,1685,10,0.4,,-58.5678,-58.5649,62.1952,62.1952
Test#2,1685,25,0.3,,-77.8842,-77.9019,59.2865,59.2865
Test#2,1685,10,0.3,,-36.036,-34.7341,61.6232,61.6232
Test#2,1685,25,0.2,,-46.4641,-43.668,58.47,58.47
Test#2,1685,10,0.2,,-20.6861,-17.9094,60.7218,60.7218
Test#2,1685,25,0.15,,-32.7187,-30.2344,57.8805,57.8805
Test#2,1685,10,0.15,,-13.895,-10.8905,60.5964,60.5964
Test#2,1685,25,0.1,,-22.3673,-19.6038,57.1857,57.1857
Test#2,1685,10,0.1,,-10.3103,-6.9044,60.0565,60.0565
Test#2,1685,25,0.05,,-16.6861,-12.6582,56.8579,56.8579
Test#2,1685,10,0.05,,-8.0287,-4.0868,59.7181,59.7181
Test#2,1685,25,0.02,,-12.5543,-8.6724,56.9052,56.9052
Test#2,1685,10,0.02,,-6.0075,-2.5813,59.6798,59.6798
