holdout,cycle,SOH,SOC,T_C,I_meas_A,I_A0_A,I_A3_A,k_f,k_s,k_f_span
CC,389.0,0.9351,0.95,25.0,3.126,1.548,1.524,1.0298,0.9841,0.0721
CC,389.0,0.9351,0.95,10.0,2.197,0.965,0.951,1.0298,0.9841,0.0721
CC,389.0,0.9351,0.9,25.0,4.724,3.468,3.407,1.0298,0.9841,0.0721
CC,389.0,0.9351,0.9,10.0,3.172,2.143,2.106,1.0298,0.9841,0.0721
CC,389.0,0.9351,0.8,25.0,8.714,9.237,9.012,1.0298,0.9841,0.0721
CC,389.0,0.9351,0.8,10.0,6.956,6.876,6.699,1.0298,0.9841,0.0721
CC,495.0,0.9318,0.95,25.0,2.987,1.508,1.296,1.2264,1.021,0.1733
CC,495.0,0.9318,0.95,10.0,1.981,0.94,0.808,1.2264,1.021,0.1733
CC,495.0,0.9318,0.9,25.0,4.429,3.413,2.907,1.2264,1.021,0.1733
CC,495.0,0.9318,0.9,10.0,2.892,2.112,1.802,1.2264,1.021,0.1733
CC,495.0,0.9318,0.8,25.0,8.691,9.185,7.72,1.2264,1.021,0.1733
CC,495.0,0.9318,0.8,10.0,6.963,6.838,5.662,1.2264,1.021,0.1733
CC,728.0,0.9086,0.95,25.0,2.592,1.236,1.049,1.2438,1.028,0.096
CC,728.0,0.9086,0.95,10.0,1.561,0.77,0.654,1.2438,1.028,0.096
CC,728.0,0.9086,0.9,25.0,3.757,3.025,2.546,1.2438,1.028,0.096
CC,728.0,0.9086,0.9,10.0,2.466,1.874,1.579,1.2438,1.028,0.096
CC,728.0,0.9086,0.8,25.0,8.277,8.857,7.36,1.2438,1.028,0.096
CC,728.0,0.9086,0.8,10.0,6.546,6.597,3.956,1.2438,1.028,0.096
CC,728.0,0.9086,0.7,10.0,10.576,11.008,9.219,1.2438,1.028,0.096
CC,841.0,0.8962,0.95,25.0,2.39,1.079,1.011,1.0983,0.9986,0.0635
CC,841.0,0.8962,0.95,10.0,1.359,0.673,0.63,1.0983,0.9986,0.0635
CC,841.0,0.8962,0.9,25.0,3.461,2.816,2.625,1.0983,0.9986,0.0635
CC,841.0,0.8962,0.9,10.0,2.299,1.743,1.626,1.0983,0.9986,0.0635
CC,841.0,0.8962,0.8,25.0,8.027,8.675,8.016,1.0983,0.9986,0.0635
CC,841.0,0.8962,0.8,10.0,6.294,6.456,5.926,1.0983,0.9986,0.0635
CC,841.0,0.8962,0.7,10.0,10.064,10.518,9.782,1.0983,0.9986,0.0635
CC,961.0,0.8859,0.95,25.0,2.145,0.93,0.764,1.2918,1.0439,0.1658
CC,961.0,0.8859,0.95,10.0,1.092,0.58,0.476,1.2918,1.0439,0.1658
CC,961.0,0.8859,0.9,25.0,3.156,2.649,2.159,1.2918,1.0439,0.1658
CC,961.0,0.8859,0.9,10.0,1.976,1.644,1.341,1.2918,1.0439,0.1658
CC,961.0,0.8859,0.8,25.0,7.785,8.478,6.804,1.2918,1.0439,0.1658
CC,961.0,0.8859,0.8,10.0,5.911,6.291,3.583,1.2918,1.0439,0.1658
CC,961.0,0.8859,0.7,10.0,9.491,10.157,7.981,1.2918,1.0439,0.1658
CC,1067.0,0.8752,1.0,10.0,0.013,0.05,0.05,1.3239,1.057,0.2579
CC,1067.0,0.8752,0.95,25.0,1.836,0.799,0.642,1.3239,1.057,0.2579
CC,1067.0,0.8752,0.95,10.0,0.947,0.498,0.4,1.3239,1.057,0.2579
CC,1067.0,0.8752,0.9,25.0,2.802,2.475,1.973,1.3239,1.057,0.2579
CC,1067.0,0.8752,0.9,10.0,1.814,1.534,1.225,1.3239,1.057,0.2579
CC,1067.0,0.8752,0.8,25.0,7.254,8.279,6.472,1.3239,1.057,0.2579
CC,1067.0,0.8752,0.8,10.0,5.406,6.103,3.375,1.3239,1.057,0.2579
CC,1067.0,0.8752,0.7,10.0,8.74,9.813,7.529,1.3239,1.057,0.2579
CC,1067.0,0.8752,1.0,10.0,0.025,0.05,0.05,1.3239,1.057,0.2579
CC,1067.0,0.8752,0.95,25.0,1.657,0.799,0.642,1.3239,1.057,0.2579
CC,1067.0,0.8752,0.95,10.0,0.851,0.498,0.4,1.3239,1.057,0.2579
CC,1067.0,0.8752,0.9,25.0,2.672,2.475,1.973,1.3239,1.057,0.2579
CC,1067.0,0.8752,0.9,10.0,1.769,1.534,1.225,1.3239,1.057,0.2579
CC,1067.0,0.8752,0.8,25.0,7.219,8.279,6.472,1.3239,1.057,0.2579
CC,1067.0,0.8752,0.8,10.0,5.232,6.103,3.375,1.3239,1.057,0.2579
CC,1067.0,0.8752,0.7,10.0,8.618,9.813,7.529,1.3239,1.057,0.2579
CC,1299.0,0.8563,1.0,25.0,0.058,0.05,0.05,1.3516,1.0689,0.1602
CC,1299.0,0.8563,1.0,10.0,0.04,0.05,0.05,1.3516,1.0689,0.1602
CC,1299.0,0.8563,0.95,25.0,1.519,0.609,0.481,1.3516,1.0689,0.1602
CC,1299.0,0.8563,0.95,10.0,0.805,0.38,0.3,1.3516,1.0689,0.1602
CC,1299.0,0.8563,0.9,25.0,2.581,2.181,1.702,1.3516,1.0689,0.1602
CC,1299.0,0.8563,0.9,10.0,1.785,1.344,1.055,1.3516,1.0689,0.1602
CC,1299.0,0.8563,0.8,25.0,7.098,7.959,6.016,1.3516,1.0689,0.1602
CC,1299.0,0.8563,0.8,10.0,4.979,3.951,3.108,1.3516,1.0689,0.1602
CC,1299.0,0.8563,0.7,10.0,8.345,9.295,6.986,1.3516,1.0689,0.1602
CC,1428.0,0.8191,1.0,25.0,0.098,0.05,0.05,1.2824,1.044,0.1316
CC,1428.0,0.8191,1.0,10.0,0.048,0.05,0.05,1.2824,1.044,0.1316
CC,1428.0,0.8191,0.95,25.0,1.285,0.365,0.302,1.2824,1.044,0.1316
CC,1428.0,0.8191,0.95,10.0,0.724,0.228,0.188,1.2824,1.044,0.1316
CC,1428.0,0.8191,0.9,25.0,2.358,1.732,1.412,1.2824,1.044,0.1316
CC,1428.0,0.8191,0.9,10.0,1.68,1.063,0.877,1.2824,1.044,0.1316
CC,1428.0,0.8191,0.8,25.0,6.517,7.904,6.163,1.2824,1.044,0.1316
CC,1428.0,0.8191,0.8,10.0,4.507,3.831,3.155,1.2824,1.044,0.1316
CC,1428.0,0.8191,0.7,25.0,10.805,12.317,9.862,1.2824,1.044,0.1316
CC,1428.0,0.8191,0.7,10.0,7.62,8.658,6.822,1.2824,1.044,0.1316
CC,1541.0,0.8117,1.0,25.0,0.109,0.05,0.05,1.3029,1.0521,0.1902
CC,1541.0,0.8117,1.0,10.0,0.05,0.05,0.05,1.3029,1.0521,0.1902
CC,1541.0,0.8117,0.95,25.0,1.172,0.199,0.163,1.3029,1.0521,0.1902
CC,1541.0,0.8117,0.95,10.0,0.698,0.124,0.101,1.3029,1.0521,0.1902
CC,1541.0,0.8117,0.9,25.0,2.28,1.614,1.3,1.3029,1.0521,0.1902
CC,1541.0,0.8117,0.9,10.0,1.675,0.995,0.81,1.3029,1.0521,0.1902
CC,1541.0,0.8117,0.8,25.0,6.275,7.707,4.333,1.3029,1.0521,0.1902
CC,1541.0,0.8117,0.8,10.0,4.316,3.724,3.025,1.3029,1.0521,0.1902
CC,1541.0,0.8117,0.7,25.0,10.437,12.14,9.574,1.3029,1.0521,0.1902
CC,1541.0,0.8117,0.7,10.0,7.368,8.532,6.627,1.3029,1.0521,0.1902
CC,1541.0,0.8117,0.6,10.0,10.529,11.772,9.282,1.3029,1.0521,0.1902
CC,1656.0,0.8008,1.0,25.0,0.12,0.05,0.05,1.2972,1.0509,0.1503
CC,1656.0,0.8008,1.0,10.0,0.052,0.05,0.05,1.2972,1.0509,0.1503
CC,1656.0,0.8008,0.95,25.0,1.068,0.05,0.05,1.2972,1.0509,0.1503
CC,1656.0,0.8008,0.95,10.0,0.676,0.05,0.05,1.2972,1.0509,0.1503
CC,1656.0,0.8008,0.9,25.0,2.209,1.452,1.181,1.2972,1.0509,0.1503
CC,1656.0,0.8008,0.9,10.0,1.643,0.9,0.736,1.2972,1.0509,0.1503
CC,1656.0,0.8008,0.8,25.0,6.004,7.349,4.138,1.2972,1.0509,0.1503
CC,1656.0,0.8008,0.8,10.0,4.131,3.544,2.894,1.2972,1.0509,0.1503
CC,1656.0,0.8008,0.7,25.0,10.02,11.887,9.418,1.2972,1.0509,0.1503
CC,1656.0,0.8008,0.7,10.0,7.077,8.353,6.517,1.2972,1.0509,0.1503
CC,1656.0,0.8008,0.6,10.0,9.885,11.281,8.934,1.2972,1.0509,0.1503
CC,1769.0,0.7899,1.0,25.0,0.126,0.05,0.05,1.304,1.0546,0.0361
CC,1769.0,0.7899,1.0,10.0,0.053,0.05,0.05,1.304,1.0546,0.0361
CC,1769.0,0.7899,0.95,25.0,0.986,0.202,0.165,1.304,1.0546,0.0361
CC,1769.0,0.7899,0.95,10.0,0.672,0.126,0.103,1.304,1.0546,0.0361
CC,1769.0,0.7899,0.9,25.0,2.154,1.496,1.211,1.304,1.0546,0.0361
CC,1769.0,0.7899,0.9,10.0,1.597,0.924,0.755,1.304,1.0546,0.0361
CC,1769.0,0.7899,0.8,25.0,5.754,7.779,4.365,1.304,1.0546,0.0361
CC,1769.0,0.7899,0.8,10.0,3.933,3.759,3.05,1.304,1.0546,0.0361
CC,1769.0,0.7899,0.7,25.0,9.588,11.384,8.959,1.304,1.0546,0.0361
CC,1769.0,0.7899,0.7,10.0,6.718,7.753,6.188,1.304,1.0546,0.0361
CC,1769.0,0.7899,0.6,10.0,9.07,10.773,8.487,1.304,1.0546,0.0361
CC,1769.0,0.7899,0.5,10.0,10.651,14.737,11.339,1.304,1.0546,0.0361
CC,1885.0,0.7767,1.0,25.0,0.132,0.05,0.05,1.2934,1.0527,0.0748
CC,1885.0,0.7767,1.0,10.0,0.054,0.05,0.05,1.2934,1.0527,0.0748
CC,1885.0,0.7767,0.95,25.0,0.92,0.356,0.292,1.2934,1.0527,0.0748
CC,1885.0,0.7767,0.95,10.0,0.678,0.222,0.182,1.2934,1.0527,0.0748
CC,1885.0,0.7767,0.9,25.0,2.108,1.856,1.176,1.2934,1.0527,0.0748
CC,1885.0,0.7767,0.9,10.0,1.521,0.888,0.733,1.2934,1.0527,0.0748
CC,1885.0,0.7767,0.8,25.0,5.517,8.205,6.226,1.2934,1.0527,0.0748
CC,1885.0,0.7767,0.8,10.0,3.752,3.963,3.23,1.2934,1.0527,0.0748
CC,1885.0,0.7767,0.7,25.0,9.137,10.697,8.472,1.2934,1.0527,0.0748
CC,1885.0,0.7767,0.7,10.0,6.306,7.263,5.837,1.2934,1.0527,0.0748
CC,1885.0,0.7767,0.6,10.0,8.233,9.959,7.665,1.2934,1.0527,0.0748
CC,1885.0,0.7767,0.5,10.0,9.558,13.771,10.609,1.2934,1.0527,0.0748
CC,1885.0,0.7767,0.4,10.0,10.716,15.987,12.445,1.2934,1.0527,0.0748
CC_CELL2,389.0,0.9351,0.95,25.0,3.126,1.499,1.461,1.0481,0.9758,0.1076
CC_CELL2,389.0,0.9351,0.95,10.0,2.197,0.935,0.911,1.0481,0.9758,0.1076
CC_CELL2,389.0,0.9351,0.9,25.0,4.724,3.422,3.324,1.0481,0.9758,0.1076
CC_CELL2,389.0,0.9351,0.9,10.0,3.172,2.116,2.056,1.0481,0.9758,0.1076
CC_CELL2,389.0,0.9351,0.8,25.0,8.714,9.231,8.874,1.0481,0.9758,0.1076
CC_CELL2,389.0,0.9351,0.8,10.0,6.956,4.95,4.816,1.0481,0.9758,0.1076
CC_CELL2,495.0,0.9318,0.95,25.0,2.987,1.464,1.333,1.1359,1.0133,0.0538
CC_CELL2,495.0,0.9318,0.95,10.0,1.981,0.913,0.831,1.1359,1.0133,0.0538
CC_CELL2,495.0,0.9318,0.9,25.0,4.429,3.368,3.048,1.1359,1.0133,0.0538
CC_CELL2,495.0,0.9318,0.9,10.0,2.892,2.085,1.888,1.1359,1.0133,0.0538
CC_CELL2,495.0,0.9318,0.8,25.0,8.691,9.217,8.278,1.1359,1.0133,0.0538
CC_CELL2,495.0,0.9318,0.8,10.0,6.963,4.937,4.462,1.1359,1.0133,0.0538
CC_CELL2,728.0,0.9086,0.95,25.0,2.592,1.197,1.055,1.1832,1.0195,0.0343
CC_CELL2,728.0,0.9086,0.95,10.0,1.561,0.746,0.658,1.1832,1.0195,0.0343
CC_CELL2,728.0,0.9086,0.9,25.0,3.757,2.964,2.598,1.1832,1.0195,0.0343
CC_CELL2,728.0,0.9086,0.9,10.0,2.466,1.84,1.615,1.1832,1.0195,0.0343
CC_CELL2,728.0,0.9086,0.8,25.0,8.277,8.89,7.714,1.1832,1.0195,0.0343
CC_CELL2,728.0,0.9086,0.8,10.0,6.546,4.665,4.097,1.1832,1.0195,0.0343
CC_CELL2,728.0,0.9086,0.7,10.0,10.576,10.927,9.542,1.1832,1.0195,0.0343
CC_CELL2,841.0,0.8962,0.95,25.0,2.39,1.008,0.944,1.1041,0.9815,0.0524
CC_CELL2,841.0,0.8962,0.95,10.0,1.359,0.629,0.589,1.1041,0.9815,0.0524
CC_CELL2,841.0,0.8962,0.9,25.0,3.461,2.692,2.51,1.1041,0.9815,0.0524
CC_CELL2,841.0,0.8962,0.9,10.0,2.299,1.669,1.557,1.1041,0.9815,0.0524
CC_CELL2,841.0,0.8962,0.8,25.0,8.027,8.623,7.933,1.1041,0.9815,0.0524
CC_CELL2,841.0,0.8962,0.8,10.0,6.294,4.467,4.185,1.1041,0.9815,0.0524
CC_CELL2,841.0,0.8962,0.7,10.0,10.064,10.45,9.73,1.1041,0.9815,0.0524
CC_CELL2,961.0,0.8859,0.95,25.0,2.145,0.802,0.69,1.2146,1.0343,0.0605
CC_CELL2,961.0,0.8859,0.95,10.0,1.092,0.5,0.43,1.2146,1.0343,0.0605
CC_CELL2,961.0,0.8859,0.9,25.0,3.156,2.405,2.054,1.2146,1.0343,0.0605
CC_CELL2,961.0,0.8859,0.9,10.0,1.976,1.486,1.271,1.2146,1.0343,0.0605
CC_CELL2,961.0,0.8859,0.8,25.0,7.785,8.438,7.153,1.2146,1.0343,0.0605
CC_CELL2,961.0,0.8859,0.8,10.0,5.911,4.348,3.735,1.2146,1.0343,0.0605
CC_CELL2,961.0,0.8859,0.7,10.0,9.491,10.099,8.589,1.2146,1.0343,0.0605
CC_CELL2,1067.0,0.8752,1.0,10.0,0.013,0.05,0.05,1.2509,1.0439,0.1701
CC_CELL2,1067.0,0.8752,0.95,25.0,1.836,0.656,0.551,1.2509,1.0439,0.1701
CC_CELL2,1067.0,0.8752,0.95,10.0,0.947,0.409,0.343,1.2509,1.0439,0.1701
CC_CELL2,1067.0,0.8752,0.9,25.0,2.802,2.213,1.841,1.2509,1.0439,0.1701
CC_CELL2,1067.0,0.8752,0.9,10.0,1.814,1.367,1.141,1.2509,1.0439,0.1701
CC_CELL2,1067.0,0.8752,0.8,25.0,7.254,8.248,6.793,1.2509,1.0439,0.1701
CC_CELL2,1067.0,0.8752,0.8,10.0,5.406,4.204,3.523,1.2509,1.0439,0.1701
CC_CELL2,1067.0,0.8752,0.7,10.0,8.74,9.776,7.879,1.2509,1.0439,0.1701
CC_CELL2,1067.0,0.8752,1.0,10.0,0.025,0.05,0.05,1.2509,1.0439,0.1701
CC_CELL2,1067.0,0.8752,0.95,25.0,1.657,0.656,0.551,1.2509,1.0439,0.1701
CC_CELL2,1067.0,0.8752,0.95,10.0,0.851,0.409,0.343,1.2509,1.0439,0.1701
CC_CELL2,1067.0,0.8752,0.9,25.0,2.672,2.213,1.841,1.2509,1.0439,0.1701
CC_CELL2,1067.0,0.8752,0.9,10.0,1.769,1.367,1.141,1.2509,1.0439,0.1701
CC_CELL2,1067.0,0.8752,0.8,25.0,7.219,8.248,6.793,1.2509,1.0439,0.1701
CC_CELL2,1067.0,0.8752,0.8,10.0,5.232,4.204,3.523,1.2509,1.0439,0.1701
CC_CELL2,1067.0,0.8752,0.7,10.0,8.618,9.776,7.879,1.2509,1.0439,0.1701
CC_CELL2,1299.0,0.8563,1.0,25.0,0.058,0.05,0.05,1.2686,1.0474,0.0659
CC_CELL2,1299.0,0.8563,1.0,10.0,0.04,0.05,0.05,1.2686,1.0474,0.0659
CC_CELL2,1299.0,0.8563,0.95,25.0,1.519,0.466,0.387,1.2686,1.0474,0.0659
CC_CELL2,1299.0,0.8563,0.95,10.0,0.805,0.291,0.241,1.2686,1.0474,0.0659
CC_CELL2,1299.0,0.8563,0.9,25.0,2.581,1.983,1.631,1.2686,1.0474,0.0659
CC_CELL2,1299.0,0.8563,0.9,10.0,1.785,1.224,1.012,1.2686,1.0474,0.0659
CC_CELL2,1299.0,0.8563,0.8,25.0,7.098,7.858,4.65,1.2686,1.0474,0.0659
CC_CELL2,1299.0,0.8563,0.8,10.0,4.979,3.904,3.23,1.2686,1.0474,0.0659
CC_CELL2,1299.0,0.8563,0.7,10.0,8.345,9.312,7.407,1.2686,1.0474,0.0659
CC_CELL2,1428.0,0.8191,1.0,25.0,0.098,0.05,0.05,1.1997,1.0144,0.0735
CC_CELL2,1428.0,0.8191,1.0,10.0,0.048,0.05,0.05,1.1997,1.0144,0.0735
CC_CELL2,1428.0,0.8191,0.95,25.0,1.285,0.312,0.272,1.1997,1.0144,0.0735
CC_CELL2,1428.0,0.8191,0.95,10.0,0.724,0.195,0.17,1.1997,1.0144,0.0735
CC_CELL2,1428.0,0.8191,0.9,25.0,2.358,1.723,1.277,1.1997,1.0144,0.0735
CC_CELL2,1428.0,0.8191,0.9,10.0,1.68,0.913,0.794,1.1997,1.0144,0.0735
CC_CELL2,1428.0,0.8191,0.8,25.0,6.517,7.345,4.47,1.1997,1.0144,0.0735
CC_CELL2,1428.0,0.8191,0.8,10.0,4.507,3.562,3.097,1.1997,1.0144,0.0735
CC_CELL2,1428.0,0.8191,0.7,25.0,10.805,12.481,10.646,1.1997,1.0144,0.0735
CC_CELL2,1428.0,0.8191,0.7,10.0,7.62,8.765,7.339,1.1997,1.0144,0.0735
CC_CELL2,1541.0,0.8117,1.0,25.0,0.109,0.05,0.05,1.2023,1.0179,0.1186
CC_CELL2,1541.0,0.8117,1.0,10.0,0.05,0.05,0.05,1.2023,1.0179,0.1186
CC_CELL2,1541.0,0.8117,0.95,25.0,1.172,0.122,0.106,1.2023,1.0179,0.1186
CC_CELL2,1541.0,0.8117,0.95,10.0,0.698,0.076,0.066,1.2023,1.0179,0.1186
CC_CELL2,1541.0,0.8117,0.9,25.0,2.28,1.765,1.443,1.2023,1.0179,0.1186
CC_CELL2,1541.0,0.8117,0.9,10.0,1.675,0.827,0.719,1.2023,1.0179,0.1186
CC_CELL2,1541.0,0.8117,0.8,25.0,6.275,4.88,4.211,1.2023,1.0179,0.1186
CC_CELL2,1541.0,0.8117,0.8,10.0,4.316,3.369,2.923,1.2023,1.0179,0.1186
CC_CELL2,1541.0,0.8117,0.7,25.0,10.437,11.64,9.848,1.2023,1.0179,0.1186
CC_CELL2,1541.0,0.8117,0.7,10.0,7.368,7.87,6.74,1.2023,1.0179,0.1186
CC_CELL2,1541.0,0.8117,0.6,10.0,10.529,10.713,9.048,1.2023,1.0179,0.1186
CC_CELL2,1656.0,0.8008,1.0,25.0,0.12,0.05,0.05,1.2154,1.0182,0.1229
CC_CELL2,1656.0,0.8008,1.0,10.0,0.052,0.05,0.05,1.2154,1.0182,0.1229
CC_CELL2,1656.0,0.8008,0.95,25.0,1.068,0.05,0.05,1.2154,1.0182,0.1229
CC_CELL2,1656.0,0.8008,0.95,10.0,0.676,0.05,0.05,1.2154,1.0182,0.1229
CC_CELL2,1656.0,0.8008,0.9,25.0,2.209,1.585,0.992,1.2154,1.0182,0.1229
CC_CELL2,1656.0,0.8008,0.9,10.0,1.643,0.715,0.619,1.2154,1.0182,0.1229
CC_CELL2,1656.0,0.8008,0.8,25.0,6.004,4.513,3.86,1.2154,1.0182,0.1229
CC_CELL2,1656.0,0.8008,0.8,10.0,4.131,3.117,2.682,1.2154,1.0182,0.1229
CC_CELL2,1656.0,0.8008,0.7,25.0,10.02,10.508,8.761,1.2154,1.0182,0.1229
CC_CELL2,1656.0,0.8008,0.7,10.0,7.077,7.046,5.964,1.2154,1.0182,0.1229
CC_CELL2,1656.0,0.8008,0.6,10.0,9.885,10.088,8.424,1.2154,1.0182,0.1229
CC_CELL2,1769.0,0.7899,1.0,25.0,0.126,0.05,0.05,1.1692,1.011,0.0235
CC_CELL2,1769.0,0.7899,1.0,10.0,0.053,0.05,0.05,1.1692,1.011,0.0235
CC_CELL2,1769.0,0.7899,0.95,25.0,0.986,0.13,0.116,1.1692,1.011,0.0235
CC_CELL2,1769.0,0.7899,0.95,10.0,0.672,0.081,0.072,1.1692,1.011,0.0235
CC_CELL2,1769.0,0.7899,0.9,25.0,2.154,1.609,1.015,1.1692,1.011,0.0235
CC_CELL2,1769.0,0.7899,0.9,10.0,1.597,0.707,0.632,1.1692,1.011,0.0235
CC_CELL2,1769.0,0.7899,0.8,25.0,5.754,4.832,4.265,1.1692,1.011,0.0235
CC_CELL2,1769.0,0.7899,0.8,10.0,3.933,3.331,2.955,1.1692,1.011,0.0235
CC_CELL2,1769.0,0.7899,0.7,25.0,9.588,9.62,8.324,1.1692,1.011,0.0235
CC_CELL2,1769.0,0.7899,0.7,10.0,6.718,6.447,5.648,1.1692,1.011,0.0235
CC_CELL2,1769.0,0.7899,0.6,10.0,9.07,9.243,7.772,1.1692,1.011,0.0235
CC_CELL2,1769.0,0.7899,0.5,10.0,10.651,12.657,10.639,1.1692,1.011,0.0235
CC_CELL2,1885.0,0.7767,1.0,25.0,0.132,0.05,0.05,1.2584,1.0258,0.1515
CC_CELL2,1885.0,0.7767,1.0,10.0,0.054,0.05,0.05,1.2584,1.0258,0.1515
CC_CELL2,1885.0,0.7767,0.95,25.0,0.92,0.271,0.23,1.2584,1.0258,0.1515
CC_CELL2,1885.0,0.7767,0.95,10.0,0.678,0.169,0.143,1.2584,1.0258,0.1515
CC_CELL2,1885.0,0.7767,0.9,25.0,2.108,1.567,0.908,1.2584,1.0258,0.1515
CC_CELL2,1885.0,0.7767,0.9,10.0,1.521,0.666,0.566,1.2584,1.0258,0.1515
CC_CELL2,1885.0,0.7767,0.8,25.0,5.517,7.485,4.361,1.2584,1.0258,0.1515
CC_CELL2,1885.0,0.7767,0.8,10.0,3.752,3.623,3.022,1.2584,1.0258,0.1515
CC_CELL2,1885.0,0.7767,0.7,25.0,9.137,8.643,6.98,1.2584,1.0258,0.1515
CC_CELL2,1885.0,0.7767,0.7,10.0,6.306,5.793,4.747,1.2584,1.0258,0.1515
CC_CELL2,1885.0,0.7767,0.6,10.0,8.233,8.262,6.494,1.2584,1.0258,0.1515
CC_CELL2,1885.0,0.7767,0.5,10.0,9.558,11.016,8.608,1.2584,1.0258,0.1515
CC_CELL2,1885.0,0.7767,0.4,10.0,10.716,14.377,11.091,1.2584,1.0258,0.1515
BOOST,389.0,0.9351,0.95,25.0,3.126,1.572,1.566,1.0145,0.9797,0.0566
BOOST,389.0,0.9351,0.95,10.0,2.197,0.98,0.977,1.0145,0.9797,0.0566
BOOST,389.0,0.9351,0.9,25.0,4.724,3.491,3.472,1.0145,0.9797,0.0566
BOOST,389.0,0.9351,0.9,10.0,3.172,2.158,2.147,1.0145,0.9797,0.0566
BOOST,389.0,0.9351,0.8,25.0,8.714,9.221,9.11,1.0145,0.9797,0.0566
BOOST,389.0,0.9351,0.8,10.0,6.956,6.869,6.782,1.0145,0.9797,0.0566
BOOST,495.0,0.9318,0.95,25.0,2.987,1.528,1.339,1.1986,1.0115,0.1576
BOOST,495.0,0.9318,0.95,10.0,1.981,0.953,0.835,1.1986,1.0115,0.1576
BOOST,495.0,0.9318,0.9,25.0,4.429,3.434,2.983,1.1986,1.0115,0.1576
BOOST,495.0,0.9318,0.9,10.0,2.892,2.126,1.849,1.1986,1.0115,0.1576
BOOST,495.0,0.9318,0.8,25.0,8.691,9.155,7.852,1.1986,1.0115,0.1576
BOOST,495.0,0.9318,0.8,10.0,6.963,6.819,5.776,1.1986,1.0115,0.1576
BOOST,728.0,0.9086,0.95,25.0,2.592,1.216,1.055,1.2138,1.0175,0.0825
BOOST,728.0,0.9086,0.95,10.0,1.561,0.758,0.658,1.2138,1.0175,0.0825
BOOST,728.0,0.9086,0.9,25.0,3.757,3.006,2.583,1.2138,1.0175,0.0825
BOOST,728.0,0.9086,0.9,10.0,2.466,1.86,1.6,1.2138,1.0175,0.0825
BOOST,728.0,0.9086,0.8,25.0,8.277,8.798,7.467,1.2138,1.0175,0.0825
BOOST,728.0,0.9086,0.8,10.0,6.546,6.554,3.987,1.2138,1.0175,0.0825
BOOST,728.0,0.9086,0.7,10.0,10.576,11.017,9.437,1.2138,1.0175,0.0825
BOOST,841.0,0.8962,0.95,25.0,2.39,1.052,1.001,1.0796,0.9857,0.0593
BOOST,841.0,0.8962,0.95,10.0,1.359,0.656,0.624,1.0796,0.9857,0.0593
BOOST,841.0,0.8962,0.9,25.0,3.461,2.783,2.637,1.0796,0.9857,0.0593
BOOST,841.0,0.8962,0.9,10.0,2.299,1.72,1.63,1.0796,0.9857,0.0593
BOOST,841.0,0.8962,0.8,25.0,8.027,8.663,8.125,1.0796,0.9857,0.0593
BOOST,841.0,0.8962,0.8,10.0,6.294,6.455,6.023,1.0796,0.9857,0.0593
BOOST,841.0,0.8962,0.7,10.0,10.064,10.537,9.972,1.0796,0.9857,0.0593
BOOST,961.0,0.8859,0.95,25.0,2.145,0.918,0.772,1.2565,1.0304,0.1428
BOOST,961.0,0.8859,0.95,10.0,1.092,0.572,0.481,1.2565,1.0304,0.1428
BOOST,961.0,0.8859,0.9,25.0,3.156,2.638,2.201,1.2565,1.0304,0.1428
BOOST,961.0,0.8859,0.9,10.0,1.976,1.636,1.367,1.2565,1.0304,0.1428
BOOST,961.0,0.8859,0.8,25.0,7.785,8.556,7.047,1.2565,1.0304,0.1428
BOOST,961.0,0.8859,0.8,10.0,5.911,6.367,3.717,1.2565,1.0304,0.1428
BOOST,961.0,0.8859,0.7,10.0,9.491,10.217,8.466,1.2565,1.0304,0.1428
BOOST,1067.0,0.8752,1.0,10.0,0.013,0.05,0.05,1.2986,1.0429,0.2416
BOOST,1067.0,0.8752,0.95,25.0,1.836,0.801,0.655,1.2986,1.0429,0.2416
BOOST,1067.0,0.8752,0.95,10.0,0.947,0.5,0.408,1.2986,1.0429,0.2416
BOOST,1067.0,0.8752,0.9,25.0,2.802,2.486,2.016,1.2986,1.0429,0.2416
BOOST,1067.0,0.8752,0.9,10.0,1.814,1.54,1.251,1.2986,1.0429,0.2416
BOOST,1067.0,0.8752,0.8,25.0,7.254,8.411,6.709,1.2986,1.0429,0.2416
BOOST,1067.0,0.8752,0.8,10.0,5.406,6.227,3.513,1.2986,1.0429,0.2416
BOOST,1067.0,0.8752,0.7,10.0,8.74,9.898,7.742,1.2986,1.0429,0.2416
BOOST,1067.0,0.8752,1.0,10.0,0.025,0.05,0.05,1.2986,1.0429,0.2416
BOOST,1067.0,0.8752,0.95,25.0,1.657,0.801,0.655,1.2986,1.0429,0.2416
BOOST,1067.0,0.8752,0.95,10.0,0.851,0.5,0.408,1.2986,1.0429,0.2416
BOOST,1067.0,0.8752,0.9,25.0,2.672,2.486,2.016,1.2986,1.0429,0.2416
BOOST,1067.0,0.8752,0.9,10.0,1.769,1.54,1.251,1.2986,1.0429,0.2416
BOOST,1067.0,0.8752,0.8,25.0,7.219,8.411,6.709,1.2986,1.0429,0.2416
BOOST,1067.0,0.8752,0.8,10.0,5.232,6.227,3.513,1.2986,1.0429,0.2416
BOOST,1067.0,0.8752,0.7,10.0,8.618,9.898,7.742,1.2986,1.0429,0.2416
BOOST,1299.0,0.8563,1.0,25.0,0.058,0.05,0.05,1.3313,1.0561,0.15
BOOST,1299.0,0.8563,1.0,10.0,0.04,0.05,0.05,1.3313,1.0561,0.15
BOOST,1299.0,0.8563,0.95,25.0,1.519,0.612,0.491,1.3313,1.0561,0.15
BOOST,1299.0,0.8563,0.95,10.0,0.805,0.382,0.306,1.3313,1.0561,0.15
BOOST,1299.0,0.8563,0.9,25.0,2.581,2.213,1.754,1.3313,1.0561,0.15
BOOST,1299.0,0.8563,0.9,10.0,1.785,1.364,1.086,1.3313,1.0561,0.15
BOOST,1299.0,0.8563,0.8,25.0,7.098,8.122,6.253,1.3313,1.0561,0.15
BOOST,1299.0,0.8563,0.8,10.0,4.979,4.056,3.229,1.3313,1.0561,0.15
BOOST,1299.0,0.8563,0.7,10.0,8.345,9.385,7.165,1.3313,1.0561,0.15
BOOST,1428.0,0.8191,1.0,25.0,0.098,0.05,0.05,1.2633,1.0342,0.1197
BOOST,1428.0,0.8191,1.0,10.0,0.048,0.05,0.05,1.2633,1.0342,0.1197
BOOST,1428.0,0.8191,0.95,25.0,1.285,0.384,0.322,1.2633,1.0342,0.1197
BOOST,1428.0,0.8191,0.95,10.0,0.724,0.24,0.201,1.2633,1.0342,0.1197
BOOST,1428.0,0.8191,0.9,25.0,2.358,1.768,1.461,1.2633,1.0342,0.1197
BOOST,1428.0,0.8191,0.9,10.0,1.68,1.084,0.906,1.2633,1.0342,0.1197
BOOST,1428.0,0.8191,0.8,25.0,6.517,8.028,6.372,1.2633,1.0342,0.1197
BOOST,1428.0,0.8191,0.8,10.0,4.507,3.892,3.246,1.2633,1.0342,0.1197
BOOST,1428.0,0.8191,0.7,25.0,10.805,12.374,10.062,1.2633,1.0342,0.1197
BOOST,1428.0,0.8191,0.7,10.0,7.62,8.704,6.96,1.2633,1.0342,0.1197
BOOST,1541.0,0.8117,1.0,25.0,0.109,0.05,0.05,1.2758,1.0386,0.1683
BOOST,1541.0,0.8117,1.0,10.0,0.05,0.05,0.05,1.2758,1.0386,0.1683
BOOST,1541.0,0.8117,0.95,25.0,1.172,0.222,0.184,1.2758,1.0386,0.1683
BOOST,1541.0,0.8117,0.95,10.0,0.698,0.138,0.115,1.2758,1.0386,0.1683
BOOST,1541.0,0.8117,0.9,25.0,2.28,1.651,1.356,1.2758,1.0386,0.1683
BOOST,1541.0,0.8117,0.9,10.0,1.675,1.016,0.843,1.2758,1.0386,0.1683
BOOST,1541.0,0.8117,0.8,25.0,6.275,7.852,6.14,1.2758,1.0386,0.1683
BOOST,1541.0,0.8117,0.8,10.0,4.316,3.797,3.142,1.2758,1.0386,0.1683
BOOST,1541.0,0.8117,0.7,25.0,10.437,12.229,9.839,1.2758,1.0386,0.1683
BOOST,1541.0,0.8117,0.7,10.0,7.368,8.582,6.797,1.2758,1.0386,0.1683
BOOST,1541.0,0.8117,0.6,10.0,10.529,11.779,9.481,1.2758,1.0386,0.1683
BOOST,1656.0,0.8008,1.0,25.0,0.12,0.05,0.05,1.2654,1.0363,0.1274
BOOST,1656.0,0.8008,1.0,10.0,0.052,0.05,0.05,1.2654,1.0363,0.1274
BOOST,1656.0,0.8008,0.95,25.0,1.068,0.05,0.05,1.2654,1.0363,0.1274
BOOST,1656.0,0.8008,0.95,10.0,0.676,0.05,0.05,1.2654,1.0363,0.1274
BOOST,1656.0,0.8008,0.9,25.0,2.209,1.495,1.241,1.2654,1.0363,0.1274
BOOST,1656.0,0.8008,0.9,10.0,1.643,0.925,0.774,1.2654,1.0363,0.1274
BOOST,1656.0,0.8008,0.8,25.0,6.004,7.503,4.318,1.2654,1.0363,0.1274
BOOST,1656.0,0.8008,0.8,10.0,4.131,3.613,3.015,1.2654,1.0363,0.1274
BOOST,1656.0,0.8008,0.7,25.0,10.02,12.018,9.728,1.2654,1.0363,0.1274
BOOST,1656.0,0.8008,0.7,10.0,7.077,8.407,6.702,1.2654,1.0363,0.1274
BOOST,1656.0,0.8008,0.6,10.0,9.885,11.287,9.149,1.2654,1.0363,0.1274
BOOST,1769.0,0.7899,1.0,25.0,0.126,0.05,0.05,1.2823,1.0415,0.0284
BOOST,1769.0,0.7899,1.0,10.0,0.053,0.05,0.05,1.2823,1.0415,0.0284
BOOST,1769.0,0.7899,0.95,25.0,0.986,0.217,0.179,1.2823,1.0415,0.0284
BOOST,1769.0,0.7899,0.95,10.0,0.672,0.135,0.112,1.2823,1.0415,0.0284
BOOST,1769.0,0.7899,0.9,25.0,2.154,1.516,1.245,1.2823,1.0415,0.0284
BOOST,1769.0,0.7899,0.9,10.0,1.597,0.936,0.777,1.2823,1.0415,0.0284
BOOST,1769.0,0.7899,0.8,25.0,5.754,7.835,4.46,1.2823,1.0415,0.0284
BOOST,1769.0,0.7899,0.8,10.0,3.933,3.778,3.114,1.2823,1.0415,0.0284
BOOST,1769.0,0.7899,0.7,25.0,9.588,11.444,9.151,1.2823,1.0415,0.0284
BOOST,1769.0,0.7899,0.7,10.0,6.718,7.776,6.306,1.2823,1.0415,0.0284
BOOST,1769.0,0.7899,0.6,10.0,9.07,10.775,8.634,1.2823,1.0415,0.0284
BOOST,1769.0,0.7899,0.5,10.0,10.651,14.518,11.374,1.2823,1.0415,0.0284
BOOST,1885.0,0.7767,1.0,25.0,0.132,0.05,0.05,1.2742,1.0429,0.0618
BOOST,1885.0,0.7767,1.0,10.0,0.054,0.05,0.05,1.2742,1.0429,0.0618
BOOST,1885.0,0.7767,0.95,25.0,0.92,0.354,0.294,1.2742,1.0429,0.0618
BOOST,1885.0,0.7767,0.95,10.0,0.678,0.22,0.183,1.2742,1.0429,0.0618
BOOST,1885.0,0.7767,0.9,25.0,2.108,1.481,1.226,1.2742,1.0429,0.0618
BOOST,1885.0,0.7767,0.9,10.0,1.521,0.914,0.765,1.2742,1.0429,0.0618
BOOST,1885.0,0.7767,0.8,25.0,5.517,8.166,6.294,1.2742,1.0429,0.0618
BOOST,1885.0,0.7767,0.8,10.0,3.752,3.936,3.253,1.2742,1.0429,0.0618
BOOST,1885.0,0.7767,0.7,25.0,9.137,10.74,8.636,1.2742,1.0429,0.0618
BOOST,1885.0,0.7767,0.7,10.0,6.306,7.291,5.945,1.2742,1.0429,0.0618
BOOST,1885.0,0.7767,0.6,10.0,8.233,10.126,7.929,1.2742,1.0429,0.0618
BOOST,1885.0,0.7767,0.5,10.0,9.558,13.621,10.675,1.2742,1.0429,0.0618
BOOST,1885.0,0.7767,0.4,10.0,10.716,16.057,12.722,1.2742,1.0429,0.0618
BOOST_REST,389.0,0.9351,0.95,25.0,3.126,1.515,1.504,1.02,0.9802,0.0654
BOOST_REST,389.0,0.9351,0.95,10.0,2.197,0.945,0.938,1.02,0.9802,0.0654
BOOST_REST,389.0,0.9351,0.9,25.0,4.724,3.453,3.42,1.02,0.9802,0.0654
BOOST_REST,389.0,0.9351,0.9,10.0,3.172,2.139,2.119,1.02,0.9802,0.0654
BOOST_REST,389.0,0.9351,0.8,25.0,8.714,9.276,9.124,1.02,0.9802,0.0654
BOOST_REST,389.0,0.9351,0.8,10.0,6.956,6.91,6.791,1.02,0.9802,0.0654
BOOST_REST,495.0,0.9318,0.95,25.0,2.987,1.479,1.308,1.1813,1.0166,0.1205
BOOST_REST,495.0,0.9318,0.95,10.0,1.981,0.922,0.815,1.1813,1.0166,0.1205
BOOST_REST,495.0,0.9318,0.9,25.0,4.429,3.401,2.986,1.1813,1.0166,0.1205
BOOST_REST,495.0,0.9318,0.9,10.0,2.892,2.108,1.853,1.1813,1.0166,0.1205
BOOST_REST,495.0,0.9318,0.8,25.0,8.691,9.231,8.017,1.1813,1.0166,0.1205
BOOST_REST,495.0,0.9318,0.8,10.0,6.963,6.879,5.914,1.1813,1.0166,0.1205
BOOST_REST,728.0,0.9086,0.95,25.0,2.592,1.196,1.051,1.1883,1.0241,0.0435
BOOST_REST,728.0,0.9086,0.95,10.0,1.561,0.746,0.655,1.1883,1.0241,0.0435
BOOST_REST,728.0,0.9086,0.9,25.0,3.757,2.98,2.601,1.1883,1.0241,0.0435
BOOST_REST,728.0,0.9086,0.9,10.0,2.466,1.85,1.617,1.1883,1.0241,0.0435
BOOST_REST,728.0,0.9086,0.8,25.0,8.277,8.833,7.634,1.1883,1.0241,0.0435
BOOST_REST,728.0,0.9086,0.8,10.0,6.546,6.579,5.603,1.1883,1.0241,0.0435
BOOST_REST,728.0,0.9086,0.7,10.0,10.576,10.882,9.448,1.1883,1.0241,0.0435
BOOST_REST,841.0,0.8962,0.95,25.0,2.39,1.013,0.966,1.0729,0.9911,0.0472
BOOST_REST,841.0,0.8962,0.95,10.0,1.359,0.631,0.602,1.0729,0.9911,0.0472
BOOST_REST,841.0,0.8962,0.9,25.0,3.461,2.74,2.605,1.0729,0.9911,0.0472
BOOST_REST,841.0,0.8962,0.9,10.0,2.299,1.701,1.618,1.0729,0.9911,0.0472
BOOST_REST,841.0,0.8962,0.8,25.0,8.027,8.589,8.094,1.0729,0.9911,0.0472
BOOST_REST,841.0,0.8962,0.8,10.0,6.294,6.384,5.988,1.0729,0.9911,0.0472
BOOST_REST,841.0,0.8962,0.7,10.0,10.064,10.266,9.739,1.0729,0.9911,0.0472
BOOST_REST,961.0,0.8859,0.95,25.0,2.145,0.827,0.701,1.2457,1.023,0.1094
BOOST_REST,961.0,0.8859,0.95,10.0,1.092,0.516,0.437,1.2457,1.023,0.1094
BOOST_REST,961.0,0.8859,0.9,25.0,3.156,2.555,2.151,1.2457,1.023,0.1094
BOOST_REST,961.0,0.8859,0.9,10.0,1.976,1.588,1.338,1.2457,1.023,0.1094
BOOST_REST,961.0,0.8859,0.8,25.0,7.785,8.402,6.961,1.2457,1.023,0.1094
BOOST_REST,961.0,0.8859,0.8,10.0,5.911,6.234,3.661,1.2457,1.023,0.1094
BOOST_REST,961.0,0.8859,0.7,10.0,9.491,9.814,7.959,1.2457,1.023,0.1094
BOOST_REST,1067.0,0.8752,1.0,10.0,0.013,0.05,0.05,1.2767,1.0355,0.1936
BOOST_REST,1067.0,0.8752,0.95,25.0,1.836,0.678,0.562,1.2767,1.0355,0.1936
BOOST_REST,1067.0,0.8752,0.95,10.0,0.947,0.423,0.35,1.2767,1.0355,0.1936
BOOST_REST,1067.0,0.8752,0.9,25.0,2.802,2.358,1.94,1.2767,1.0355,0.1936
BOOST_REST,1067.0,0.8752,0.9,10.0,1.814,1.462,1.205,1.2767,1.0355,0.1936
BOOST_REST,1067.0,0.8752,0.8,25.0,7.254,8.199,6.622,1.2767,1.0355,0.1936
BOOST_REST,1067.0,0.8752,0.8,10.0,5.406,6.041,3.452,1.2767,1.0355,0.1936
BOOST_REST,1067.0,0.8752,0.7,10.0,8.74,9.413,7.449,1.2767,1.0355,0.1936
BOOST_REST,1067.0,0.8752,1.0,10.0,0.025,0.05,0.05,1.2767,1.0355,0.1936
BOOST_REST,1067.0,0.8752,0.95,25.0,1.657,0.678,0.562,1.2767,1.0355,0.1936
BOOST_REST,1067.0,0.8752,0.95,10.0,0.851,0.423,0.35,1.2767,1.0355,0.1936
BOOST_REST,1067.0,0.8752,0.9,25.0,2.672,2.358,1.94,1.2767,1.0355,0.1936
BOOST_REST,1067.0,0.8752,0.9,10.0,1.769,1.462,1.205,1.2767,1.0355,0.1936
BOOST_REST,1067.0,0.8752,0.8,25.0,7.219,8.199,6.622,1.2767,1.0355,0.1936
BOOST_REST,1067.0,0.8752,0.8,10.0,5.232,6.041,3.452,1.2767,1.0355,0.1936
BOOST_REST,1067.0,0.8752,0.7,10.0,8.618,9.413,7.449,1.2767,1.0355,0.1936
BOOST_REST,1299.0,0.8563,1.0,25.0,0.058,0.05,0.05,1.2934,1.0358,0.1117
BOOST_REST,1299.0,0.8563,1.0,10.0,0.04,0.05,0.05,1.2934,1.0358,0.1117
BOOST_REST,1299.0,0.8563,0.95,25.0,1.519,0.479,0.393,1.2934,1.0358,0.1117
BOOST_REST,1299.0,0.8563,0.95,10.0,0.805,0.299,0.245,1.2934,1.0358,0.1117
BOOST_REST,1299.0,0.8563,0.9,25.0,2.581,2.002,1.625,1.2934,1.0358,0.1117
BOOST_REST,1299.0,0.8563,0.9,10.0,1.785,1.235,1.008,1.2934,1.0358,0.1117
BOOST_REST,1299.0,0.8563,0.8,25.0,7.098,7.801,6.135,1.2934,1.0358,0.1117
BOOST_REST,1299.0,0.8563,0.8,10.0,4.979,3.889,3.175,1.2934,1.0358,0.1117
BOOST_REST,1299.0,0.8563,0.7,10.0,8.345,8.843,6.912,1.2934,1.0358,0.1117
BOOST_REST,1428.0,0.8191,1.0,25.0,0.098,0.05,0.05,1.2014,1.0212,0.0774
BOOST_REST,1428.0,0.8191,1.0,10.0,0.048,0.05,0.05,1.2014,1.0212,0.0774
BOOST_REST,1428.0,0.8191,0.95,25.0,1.285,0.279,0.243,1.2014,1.0212,0.0774
BOOST_REST,1428.0,0.8191,0.95,10.0,0.724,0.174,0.151,1.2014,1.0212,0.0774
BOOST_REST,1428.0,0.8191,0.9,25.0,2.358,1.746,1.322,1.2014,1.0212,0.0774
BOOST_REST,1428.0,0.8191,0.9,10.0,1.68,0.913,0.793,1.2014,1.0212,0.0774
BOOST_REST,1428.0,0.8191,0.8,25.0,6.517,7.289,6.027,1.2014,1.0212,0.0774
BOOST_REST,1428.0,0.8191,0.8,10.0,4.507,3.564,3.084,1.2014,1.0212,0.0774
BOOST_REST,1428.0,0.8191,0.7,25.0,10.805,11.48,9.72,1.2014,1.0212,0.0774
BOOST_REST,1428.0,0.8191,0.7,10.0,7.62,7.782,6.664,1.2014,1.0212,0.0774
BOOST_REST,1541.0,0.8117,1.0,25.0,0.109,0.05,0.05,1.2299,1.027,0.1438
BOOST_REST,1541.0,0.8117,1.0,10.0,0.05,0.05,0.05,1.2299,1.027,0.1438
BOOST_REST,1541.0,0.8117,0.95,25.0,1.172,0.127,0.108,1.2299,1.027,0.1438
BOOST_REST,1541.0,0.8117,0.95,10.0,0.698,0.079,0.068,1.2299,1.027,0.1438
BOOST_REST,1541.0,0.8117,0.9,25.0,2.28,1.795,1.443,1.2299,1.027,0.1438
BOOST_REST,1541.0,0.8117,0.9,10.0,1.675,0.837,0.715,1.2299,1.027,0.1438
BOOST_REST,1541.0,0.8117,0.8,25.0,6.275,6.912,4.105,1.2299,1.027,0.1438
BOOST_REST,1541.0,0.8117,0.8,10.0,4.316,3.354,2.851,1.2299,1.027,0.1438
BOOST_REST,1541.0,0.8117,0.7,25.0,10.437,11.045,9.124,1.2299,1.027,0.1438
BOOST_REST,1541.0,0.8117,0.7,10.0,7.368,7.457,6.245,1.2299,1.027,0.1438
BOOST_REST,1541.0,0.8117,0.6,10.0,10.529,10.738,8.861,1.2299,1.027,0.1438
BOOST_REST,1656.0,0.8008,1.0,25.0,0.12,0.05,0.05,1.2024,1.0206,0.0904
BOOST_REST,1656.0,0.8008,1.0,10.0,0.052,0.05,0.05,1.2024,1.0206,0.0904
BOOST_REST,1656.0,0.8008,0.95,25.0,1.068,0.05,0.05,1.2024,1.0206,0.0904
BOOST_REST,1656.0,0.8008,0.95,10.0,0.676,0.05,0.05,1.2024,1.0206,0.0904
BOOST_REST,1656.0,0.8008,0.9,25.0,2.209,1.627,1.032,1.2024,1.0206,0.0904
BOOST_REST,1656.0,0.8008,0.9,10.0,1.643,0.738,0.643,1.2024,1.0206,0.0904
BOOST_REST,1656.0,0.8008,0.8,25.0,6.004,6.446,3.872,1.2024,1.0206,0.0904
BOOST_REST,1656.0,0.8008,0.8,10.0,4.131,3.101,2.69,1.2024,1.0206,0.0904
BOOST_REST,1656.0,0.8008,0.7,25.0,10.02,10.44,8.789,1.2024,1.0206,0.0904
BOOST_REST,1656.0,0.8008,0.7,10.0,7.077,7.017,5.988,1.2024,1.0206,0.0904
BOOST_REST,1656.0,0.8008,0.6,10.0,9.885,10.137,8.54,1.2024,1.0206,0.0904
BOOST_REST,1769.0,0.7899,1.0,25.0,0.126,0.05,0.05,1.147,1.0151,0.0181
BOOST_REST,1769.0,0.7899,1.0,10.0,0.053,0.05,0.05,1.147,1.0151,0.0181
BOOST_REST,1769.0,0.7899,0.95,25.0,0.986,0.066,0.06,1.147,1.0151,0.0181
BOOST_REST,1769.0,0.7899,0.95,10.0,0.672,0.05,0.05,1.147,1.0151,0.0181
BOOST_REST,1769.0,0.7899,0.9,25.0,2.154,1.582,1.345,1.147,1.0151,0.0181
BOOST_REST,1769.0,0.7899,0.9,10.0,1.597,0.688,0.623,1.147,1.0151,0.0181
BOOST_REST,1769.0,0.7899,0.8,25.0,5.754,6.674,4.162,1.147,1.0151,0.0181
BOOST_REST,1769.0,0.7899,0.8,10.0,3.933,3.207,2.886,1.147,1.0151,0.0181
BOOST_REST,1769.0,0.7899,0.7,25.0,9.588,9.55,8.397,1.147,1.0151,0.0181
BOOST_REST,1769.0,0.7899,0.7,10.0,6.718,6.403,5.692,1.147,1.0151,0.0181
BOOST_REST,1769.0,0.7899,0.6,10.0,9.07,9.23,7.881,1.147,1.0151,0.0181
BOOST_REST,1769.0,0.7899,0.5,10.0,10.651,13.196,11.387,1.147,1.0151,0.0181
BOOST_REST,1885.0,0.7767,1.0,25.0,0.132,0.05,0.05,1.2008,1.0232,0.114
BOOST_REST,1885.0,0.7767,1.0,10.0,0.054,0.05,0.05,1.2008,1.0232,0.114
BOOST_REST,1885.0,0.7767,0.95,25.0,0.92,0.114,0.1,1.2008,1.0232,0.114
BOOST_REST,1885.0,0.7767,0.95,10.0,0.678,0.071,0.062,1.2008,1.0232,0.114
BOOST_REST,1885.0,0.7767,0.9,25.0,2.108,1.471,0.872,1.2008,1.0232,0.114
BOOST_REST,1885.0,0.7767,0.9,10.0,1.521,0.618,0.544,1.2008,1.0232,0.114
BOOST_REST,1885.0,0.7767,0.8,25.0,5.517,6.906,4.143,1.2008,1.0232,0.114
BOOST_REST,1885.0,0.7767,0.8,10.0,3.752,3.318,2.876,1.2008,1.0232,0.114
BOOST_REST,1885.0,0.7767,0.7,25.0,9.137,8.559,7.211,1.2008,1.0232,0.114
BOOST_REST,1885.0,0.7767,0.7,10.0,6.306,5.735,4.9,1.2008,1.0232,0.114
BOOST_REST,1885.0,0.7767,0.6,10.0,8.233,8.268,6.772,1.2008,1.0232,0.114
BOOST_REST,1885.0,0.7767,0.5,10.0,9.558,11.413,9.391,1.2008,1.0232,0.114
BOOST_REST,1885.0,0.7767,0.4,10.0,10.716,12.963,10.363,1.2008,1.0232,0.114
BOOST_NEGPULSE,389.0,0.9351,0.95,25.0,3.126,1.539,1.521,1.0208,0.9918,0.1274
BOOST_NEGPULSE,389.0,0.9351,0.95,10.0,2.197,0.96,0.949,1.0208,0.9918,0.1274
BOOST_NEGPULSE,389.0,0.9351,0.9,25.0,4.724,3.473,3.428,1.0208,0.9918,0.1274
BOOST_NEGPULSE,389.0,0.9351,0.9,10.0,3.172,2.15,2.122,1.0208,0.9918,0.1274
BOOST_NEGPULSE,389.0,0.9351,0.8,25.0,8.714,9.293,9.134,1.0208,0.9918,0.1274
BOOST_NEGPULSE,389.0,0.9351,0.8,10.0,6.956,5.016,4.952,1.0208,0.9918,0.1274
BOOST_NEGPULSE,495.0,0.9318,0.95,25.0,2.987,1.496,1.333,1.1733,1.0085,0.1031
BOOST_NEGPULSE,495.0,0.9318,0.95,10.0,1.981,0.933,0.831,1.1733,1.0085,0.1031
BOOST_NEGPULSE,495.0,0.9318,0.9,25.0,4.429,3.413,3.018,1.1733,1.0085,0.1031
BOOST_NEGPULSE,495.0,0.9318,0.9,10.0,2.892,2.116,1.873,1.1733,1.0085,0.1031
BOOST_NEGPULSE,495.0,0.9318,0.8,25.0,8.691,9.251,8.082,1.1733,1.0085,0.1031
BOOST_NEGPULSE,495.0,0.9318,0.8,10.0,6.963,4.973,4.389,1.1733,1.0085,0.1031
BOOST_NEGPULSE,728.0,0.9086,0.95,25.0,2.592,1.165,1.015,1.2039,1.0196,0.0547
BOOST_NEGPULSE,728.0,0.9086,0.95,10.0,1.561,0.727,0.633,1.2039,1.0196,0.0547
BOOST_NEGPULSE,728.0,0.9086,0.9,25.0,3.757,2.969,2.569,1.2039,1.0196,0.0547
BOOST_NEGPULSE,728.0,0.9086,0.9,10.0,2.466,1.845,1.598,1.2039,1.0196,0.0547
BOOST_NEGPULSE,728.0,0.9086,0.8,25.0,8.277,8.887,7.598,1.2039,1.0196,0.0547
BOOST_NEGPULSE,728.0,0.9086,0.8,10.0,6.546,4.651,4.034,1.2039,1.0196,0.0547
BOOST_NEGPULSE,728.0,0.9086,0.7,10.0,10.576,10.886,9.357,1.2039,1.0196,0.0547
BOOST_NEGPULSE,841.0,0.8962,0.95,25.0,2.39,0.968,0.93,1.0575,1.0007,0.055
BOOST_NEGPULSE,841.0,0.8962,0.95,10.0,1.359,0.604,0.58,1.0575,1.0007,0.055
BOOST_NEGPULSE,841.0,0.8962,0.9,25.0,3.461,2.699,2.588,1.0575,1.0007,0.055
BOOST_NEGPULSE,841.0,0.8962,0.9,10.0,2.299,1.673,1.605,1.0575,1.0007,0.055
BOOST_NEGPULSE,841.0,0.8962,0.8,25.0,8.027,8.644,8.248,1.0575,1.0007,0.055
BOOST_NEGPULSE,841.0,0.8962,0.8,10.0,6.294,4.471,4.294,1.0575,1.0007,0.055
BOOST_NEGPULSE,841.0,0.8962,0.7,10.0,10.064,10.259,9.815,1.0575,1.0007,0.055
BOOST_NEGPULSE,961.0,0.8859,0.95,25.0,2.145,0.796,0.667,1.2619,1.0257,0.1236
BOOST_NEGPULSE,961.0,0.8859,0.95,10.0,1.092,0.496,0.416,1.2619,1.0257,0.1236
BOOST_NEGPULSE,961.0,0.8859,0.9,25.0,3.156,2.447,2.033,1.2619,1.0257,0.1236
BOOST_NEGPULSE,961.0,0.8859,0.9,10.0,1.976,1.514,1.26,1.2619,1.0257,0.1236
BOOST_NEGPULSE,961.0,0.8859,0.8,25.0,7.785,8.415,6.899,1.2619,1.0257,0.1236
BOOST_NEGPULSE,961.0,0.8859,0.8,10.0,5.911,4.321,3.617,1.2619,1.0257,0.1236
BOOST_NEGPULSE,961.0,0.8859,0.7,10.0,9.491,9.809,7.86,1.2619,1.0257,0.1236
BOOST_NEGPULSE,1067.0,0.8752,1.0,10.0,0.013,0.05,0.05,1.3017,1.0379,0.2131
BOOST_NEGPULSE,1067.0,0.8752,0.95,25.0,1.836,0.662,0.541,1.3017,1.0379,0.2131
BOOST_NEGPULSE,1067.0,0.8752,0.95,10.0,0.947,0.413,0.337,1.3017,1.0379,0.2131
BOOST_NEGPULSE,1067.0,0.8752,0.9,25.0,2.802,2.256,1.822,1.3017,1.0379,0.2131
BOOST_NEGPULSE,1067.0,0.8752,0.9,10.0,1.814,1.394,1.13,1.3017,1.0379,0.2131
BOOST_NEGPULSE,1067.0,0.8752,0.8,25.0,7.254,8.21,4.89,1.3017,1.0379,0.2131
BOOST_NEGPULSE,1067.0,0.8752,0.8,10.0,5.406,4.171,3.398,1.3017,1.0379,0.2131
BOOST_NEGPULSE,1067.0,0.8752,0.7,10.0,8.74,9.423,7.331,1.3017,1.0379,0.2131
BOOST_NEGPULSE,1067.0,0.8752,1.0,10.0,0.025,0.05,0.05,1.3017,1.0379,0.2131
BOOST_NEGPULSE,1067.0,0.8752,0.95,25.0,1.657,0.662,0.541,1.3017,1.0379,0.2131
BOOST_NEGPULSE,1067.0,0.8752,0.95,10.0,0.851,0.413,0.337,1.3017,1.0379,0.2131
BOOST_NEGPULSE,1067.0,0.8752,0.9,25.0,2.672,2.256,1.822,1.3017,1.0379,0.2131
BOOST_NEGPULSE,1067.0,0.8752,0.9,10.0,1.769,1.394,1.13,1.3017,1.0379,0.2131
BOOST_NEGPULSE,1067.0,0.8752,0.8,25.0,7.219,8.21,4.89,1.3017,1.0379,0.2131
BOOST_NEGPULSE,1067.0,0.8752,0.8,10.0,5.232,4.171,3.398,1.3017,1.0379,0.2131
BOOST_NEGPULSE,1067.0,0.8752,0.7,10.0,8.618,9.423,7.331,1.3017,1.0379,0.2131
BOOST_NEGPULSE,1299.0,0.8563,1.0,25.0,0.058,0.05,0.05,1.3178,1.0424,0.1269
BOOST_NEGPULSE,1299.0,0.8563,1.0,10.0,0.04,0.05,0.05,1.3178,1.0424,0.1269
BOOST_NEGPULSE,1299.0,0.8563,0.95,25.0,1.519,0.48,0.387,1.3178,1.0424,0.1269
BOOST_NEGPULSE,1299.0,0.8563,0.95,10.0,0.805,0.299,0.241,1.3178,1.0424,0.1269
BOOST_NEGPULSE,1299.0,0.8563,0.9,25.0,2.581,1.995,1.593,1.3178,1.0424,0.1269
BOOST_NEGPULSE,1299.0,0.8563,0.9,10.0,1.785,1.23,0.989,1.3178,1.0424,0.1269
BOOST_NEGPULSE,1299.0,0.8563,0.8,25.0,7.098,7.855,4.521,1.3178,1.0424,0.1269
BOOST_NEGPULSE,1299.0,0.8563,0.8,10.0,4.979,3.904,3.141,1.3178,1.0424,0.1269
BOOST_NEGPULSE,1299.0,0.8563,0.7,10.0,8.345,8.882,6.823,1.3178,1.0424,0.1269
BOOST_NEGPULSE,1428.0,0.8191,1.0,25.0,0.098,0.05,0.05,1.1879,1.0103,0.0771
BOOST_NEGPULSE,1428.0,0.8191,1.0,10.0,0.048,0.05,0.05,1.1879,1.0103,0.0771
BOOST_NEGPULSE,1428.0,0.8191,0.95,25.0,1.285,0.184,0.162,1.1879,1.0103,0.0771
BOOST_NEGPULSE,1428.0,0.8191,0.95,10.0,0.724,0.115,0.101,1.1879,1.0103,0.0771
BOOST_NEGPULSE,1428.0,0.8191,0.9,25.0,2.358,1.674,1.255,1.1879,1.0103,0.0771
BOOST_NEGPULSE,1428.0,0.8191,0.9,10.0,1.68,0.892,0.783,1.1879,1.0103,0.0771
BOOST_NEGPULSE,1428.0,0.8191,0.8,25.0,6.517,5.021,4.377,1.1879,1.0103,0.0771
BOOST_NEGPULSE,1428.0,0.8191,0.8,10.0,4.507,3.457,3.032,1.1879,1.0103,0.0771
BOOST_NEGPULSE,1428.0,0.8191,0.7,25.0,10.805,11.326,9.72,1.1879,1.0103,0.0771
BOOST_NEGPULSE,1428.0,0.8191,0.7,10.0,7.62,7.685,6.664,1.1879,1.0103,0.0771
BOOST_NEGPULSE,1541.0,0.8117,1.0,25.0,0.109,0.05,0.05,1.2156,1.0205,0.1354
BOOST_NEGPULSE,1541.0,0.8117,1.0,10.0,0.05,0.05,0.05,1.2156,1.0205,0.1354
BOOST_NEGPULSE,1541.0,0.8117,0.95,25.0,1.172,0.05,0.05,1.2156,1.0205,0.1354
BOOST_NEGPULSE,1541.0,0.8117,0.95,10.0,0.698,0.05,0.05,1.2156,1.0205,0.1354
BOOST_NEGPULSE,1541.0,0.8117,0.9,25.0,2.28,1.744,1.371,1.2156,1.0205,0.1354
BOOST_NEGPULSE,1541.0,0.8117,0.9,10.0,1.675,0.812,0.701,1.2156,1.0205,0.1354
BOOST_NEGPULSE,1541.0,0.8117,0.8,25.0,6.275,4.77,4.079,1.2156,1.0205,0.1354
BOOST_NEGPULSE,1541.0,0.8117,0.8,10.0,4.316,3.297,2.836,1.2156,1.0205,0.1354
BOOST_NEGPULSE,1541.0,0.8117,0.7,25.0,10.437,10.936,9.146,1.2156,1.0205,0.1354
BOOST_NEGPULSE,1541.0,0.8117,0.7,10.0,7.368,7.384,6.256,1.2156,1.0205,0.1354
BOOST_NEGPULSE,1541.0,0.8117,0.6,10.0,10.529,10.59,8.859,1.2156,1.0205,0.1354
BOOST_NEGPULSE,1656.0,0.8008,1.0,25.0,0.12,0.05,0.05,1.1662,1.0143,0.0698
BOOST_NEGPULSE,1656.0,0.8008,1.0,10.0,0.052,0.05,0.05,1.1662,1.0143,0.0698
BOOST_NEGPULSE,1656.0,0.8008,0.95,25.0,1.068,0.05,0.05,1.1662,1.0143,0.0698
BOOST_NEGPULSE,1656.0,0.8008,0.95,10.0,0.676,0.05,0.05,1.1662,1.0143,0.0698
BOOST_NEGPULSE,1656.0,0.8008,0.9,25.0,2.209,1.581,1.018,1.1662,1.0143,0.0698
BOOST_NEGPULSE,1656.0,0.8008,0.9,10.0,1.643,0.711,0.634,1.1662,1.0143,0.0698
BOOST_NEGPULSE,1656.0,0.8008,0.8,25.0,6.004,4.484,3.968,1.1662,1.0143,0.0698
BOOST_NEGPULSE,1656.0,0.8008,0.8,10.0,4.131,3.101,2.756,1.1662,1.0143,0.0698
BOOST_NEGPULSE,1656.0,0.8008,0.7,25.0,10.02,10.399,9.01,1.1662,1.0143,0.0698
BOOST_NEGPULSE,1656.0,0.8008,0.7,10.0,7.077,6.982,6.122,1.1662,1.0143,0.0698
BOOST_NEGPULSE,1656.0,0.8008,0.6,10.0,9.885,9.926,8.621,1.1662,1.0143,0.0698
BOOST_NEGPULSE,1769.0,0.7899,1.0,25.0,0.126,0.05,0.05,1.1398,0.9902,0.0177
BOOST_NEGPULSE,1769.0,0.7899,1.0,10.0,0.053,0.05,0.05,1.1398,0.9902,0.0177
BOOST_NEGPULSE,1769.0,0.7899,0.95,25.0,0.986,0.05,0.05,1.1398,0.9902,0.0177
BOOST_NEGPULSE,1769.0,0.7899,0.95,10.0,0.672,0.05,0.05,1.1398,0.9902,0.0177
BOOST_NEGPULSE,1769.0,0.7899,0.9,25.0,2.154,1.539,0.983,1.1398,0.9902,0.0177
BOOST_NEGPULSE,1769.0,0.7899,0.9,10.0,1.597,0.668,0.613,1.1398,0.9902,0.0177
BOOST_NEGPULSE,1769.0,0.7899,0.8,25.0,5.754,4.67,4.234,1.1398,0.9902,0.0177
BOOST_NEGPULSE,1769.0,0.7899,0.8,10.0,3.933,3.226,2.937,1.1398,0.9902,0.0177
BOOST_NEGPULSE,1769.0,0.7899,0.7,25.0,9.588,9.469,8.437,1.1398,0.9902,0.0177
BOOST_NEGPULSE,1769.0,0.7899,0.7,10.0,6.718,6.351,5.718,1.1398,0.9902,0.0177
BOOST_NEGPULSE,1769.0,0.7899,0.6,10.0,9.07,9.094,7.876,1.1398,0.9902,0.0177
BOOST_NEGPULSE,1769.0,0.7899,0.5,10.0,10.651,12.97,11.353,1.1398,0.9902,0.0177
BOOST_NEGPULSE,1885.0,0.7767,1.0,25.0,0.132,0.05,0.05,1.2143,1.0253,0.0935
BOOST_NEGPULSE,1885.0,0.7767,1.0,10.0,0.054,0.05,0.05,1.2143,1.0253,0.0935
BOOST_NEGPULSE,1885.0,0.7767,0.95,25.0,0.92,0.137,0.119,1.2143,1.0253,0.0935
BOOST_NEGPULSE,1885.0,0.7767,0.95,10.0,0.678,0.085,0.074,1.2143,1.0253,0.0935
BOOST_NEGPULSE,1885.0,0.7767,0.9,25.0,2.108,1.474,0.87,1.2143,1.0253,0.0935
BOOST_NEGPULSE,1885.0,0.7767,0.9,10.0,1.521,0.622,0.542,1.2143,1.0253,0.0935
BOOST_NEGPULSE,1885.0,0.7767,0.8,25.0,5.517,4.98,4.247,1.2143,1.0253,0.0935
BOOST_NEGPULSE,1885.0,0.7767,0.8,10.0,3.752,3.434,2.947,1.2143,1.0253,0.0935
BOOST_NEGPULSE,1885.0,0.7767,0.7,25.0,9.137,8.504,7.094,1.2143,1.0253,0.0935
BOOST_NEGPULSE,1885.0,0.7767,0.7,10.0,6.306,5.704,4.818,1.2143,1.0253,0.0935
BOOST_NEGPULSE,1885.0,0.7767,0.6,10.0,8.233,7.949,6.655,1.2143,1.0253,0.0935
BOOST_NEGPULSE,1885.0,0.7767,0.5,10.0,9.558,11.65,9.514,1.2143,1.0253,0.0935
BOOST_NEGPULSE,1885.0,0.7767,0.4,10.0,10.716,13.845,11.039,1.2143,1.0253,0.0935
BOOST_NEGPULSE_1S,389.0,0.9351,0.95,25.0,3.126,1.536,1.491,1.0445,0.9975,0.0878
BOOST_NEGPULSE_1S,389.0,0.9351,0.95,10.0,2.197,0.957,0.929,1.0445,0.9975,0.0878
BOOST_NEGPULSE_1S,389.0,0.9351,0.9,25.0,4.724,3.476,3.366,1.0445,0.9975,0.0878
BOOST_NEGPULSE_1S,389.0,0.9351,0.9,10.0,3.172,2.153,2.086,1.0445,0.9975,0.0878
BOOST_NEGPULSE_1S,389.0,0.9351,0.8,25.0,8.714,9.261,8.928,1.0445,0.9975,0.0878
BOOST_NEGPULSE_1S,389.0,0.9351,0.8,10.0,6.956,6.897,6.636,1.0445,0.9975,0.0878
BOOST_NEGPULSE_1S,495.0,0.9318,0.95,25.0,2.987,1.504,1.37,1.1369,1.0086,0.0662
BOOST_NEGPULSE_1S,495.0,0.9318,0.95,10.0,1.981,0.938,0.854,1.1369,1.0086,0.0662
BOOST_NEGPULSE_1S,495.0,0.9318,0.9,25.0,4.429,3.424,3.101,1.1369,1.0086,0.0662
BOOST_NEGPULSE_1S,495.0,0.9318,0.9,10.0,2.892,2.122,1.924,1.1369,1.0086,0.0662
BOOST_NEGPULSE_1S,495.0,0.9318,0.8,25.0,8.691,9.24,8.291,1.1369,1.0086,0.0662
BOOST_NEGPULSE_1S,495.0,0.9318,0.8,10.0,6.963,6.884,6.133,1.1369,1.0086,0.0662
BOOST_NEGPULSE_1S,728.0,0.9086,0.95,25.0,2.592,1.234,1.105,1.162,1.0165,0.0456
BOOST_NEGPULSE_1S,728.0,0.9086,0.95,10.0,1.561,0.77,0.689,1.162,1.0165,0.0456
BOOST_NEGPULSE_1S,728.0,0.9086,0.9,25.0,3.757,3.016,2.68,1.162,1.0165,0.0456
BOOST_NEGPULSE_1S,728.0,0.9086,0.9,10.0,2.466,1.865,1.659,1.162,1.0165,0.0456
BOOST_NEGPULSE_1S,728.0,0.9086,0.8,25.0,8.277,8.946,7.885,1.162,1.0165,0.0456
BOOST_NEGPULSE_1S,728.0,0.9086,0.8,10.0,6.546,6.673,5.82,1.162,1.0165,0.0456
BOOST_NEGPULSE_1S,728.0,0.9086,0.7,10.0,10.576,11.077,9.82,1.162,1.0165,0.0456
BOOST_NEGPULSE_1S,841.0,0.8962,0.95,25.0,2.39,1.044,0.99,1.0782,1.0022,0.0596
BOOST_NEGPULSE_1S,841.0,0.8962,0.95,10.0,1.359,0.651,0.617,1.0782,1.0022,0.0596
BOOST_NEGPULSE_1S,841.0,0.8962,0.9,25.0,3.461,2.778,2.623,1.0782,1.0022,0.0596
BOOST_NEGPULSE_1S,841.0,0.8962,0.9,10.0,2.299,1.716,1.621,1.0782,1.0022,0.0596
BOOST_NEGPULSE_1S,841.0,0.8962,0.8,25.0,8.027,8.679,8.148,1.0782,1.0022,0.0596
BOOST_NEGPULSE_1S,841.0,0.8962,0.8,10.0,6.294,6.466,6.04,1.0782,1.0022,0.0596
BOOST_NEGPULSE_1S,841.0,0.8962,0.7,10.0,10.064,10.611,10.006,1.0782,1.0022,0.0596
BOOST_NEGPULSE_1S,961.0,0.8859,0.95,25.0,2.145,0.852,0.747,1.1918,1.0215,0.061
BOOST_NEGPULSE_1S,961.0,0.8859,0.95,10.0,1.092,0.532,0.466,1.1918,1.0215,0.061
BOOST_NEGPULSE_1S,961.0,0.8859,0.9,25.0,3.156,2.589,2.256,1.1918,1.0215,0.061
BOOST_NEGPULSE_1S,961.0,0.8859,0.9,10.0,1.976,1.606,1.401,1.1918,1.0215,0.061
BOOST_NEGPULSE_1S,961.0,0.8859,0.8,25.0,7.785,8.397,7.232,1.1918,1.0215,0.061
BOOST_NEGPULSE_1S,961.0,0.8859,0.8,10.0,5.911,6.234,3.782,1.1918,1.0215,0.061
BOOST_NEGPULSE_1S,961.0,0.8859,0.7,10.0,9.491,10.276,8.91,1.1918,1.0215,0.061
BOOST_NEGPULSE_1S,1067.0,0.8752,1.0,10.0,0.013,0.05,0.05,1.2306,1.0352,0.1441
BOOST_NEGPULSE_1S,1067.0,0.8752,0.95,25.0,1.836,0.724,0.617,1.2306,1.0352,0.1441
BOOST_NEGPULSE_1S,1067.0,0.8752,0.95,10.0,0.947,0.452,0.385,1.2306,1.0352,0.1441
BOOST_NEGPULSE_1S,1067.0,0.8752,0.9,25.0,2.802,2.43,2.059,1.2306,1.0352,0.1441
BOOST_NEGPULSE_1S,1067.0,0.8752,0.9,10.0,1.814,1.507,1.279,1.2306,1.0352,0.1441
BOOST_NEGPULSE_1S,1067.0,0.8752,0.8,25.0,7.254,8.232,6.876,1.2306,1.0352,0.1441
BOOST_NEGPULSE_1S,1067.0,0.8752,0.8,10.0,5.406,6.076,3.564,1.2306,1.0352,0.1441
BOOST_NEGPULSE_1S,1067.0,0.8752,0.7,10.0,8.74,9.958,8.385,1.2306,1.0352,0.1441
BOOST_NEGPULSE_1S,1067.0,0.8752,1.0,10.0,0.025,0.05,0.05,1.2306,1.0352,0.1441
BOOST_NEGPULSE_1S,1067.0,0.8752,0.95,25.0,1.657,0.724,0.617,1.2306,1.0352,0.1441
BOOST_NEGPULSE_1S,1067.0,0.8752,0.95,10.0,0.851,0.452,0.385,1.2306,1.0352,0.1441
BOOST_NEGPULSE_1S,1067.0,0.8752,0.9,25.0,2.672,2.43,2.059,1.2306,1.0352,0.1441
BOOST_NEGPULSE_1S,1067.0,0.8752,0.9,10.0,1.769,1.507,1.279,1.2306,1.0352,0.1441
BOOST_NEGPULSE_1S,1067.0,0.8752,0.8,25.0,7.219,8.232,6.876,1.2306,1.0352,0.1441
BOOST_NEGPULSE_1S,1067.0,0.8752,0.8,10.0,5.232,6.076,3.564,1.2306,1.0352,0.1441
BOOST_NEGPULSE_1S,1067.0,0.8752,0.7,10.0,8.618,9.958,8.385,1.2306,1.0352,0.1441
BOOST_NEGPULSE_1S,1299.0,0.8563,1.0,25.0,0.058,0.05,0.05,1.2662,1.0465,0.0707
BOOST_NEGPULSE_1S,1299.0,0.8563,1.0,10.0,0.04,0.05,0.05,1.2662,1.0465,0.0707
BOOST_NEGPULSE_1S,1299.0,0.8563,0.95,25.0,1.519,0.58,0.484,1.2662,1.0465,0.0707
BOOST_NEGPULSE_1S,1299.0,0.8563,0.95,10.0,0.805,0.362,0.301,1.2662,1.0465,0.0707
BOOST_NEGPULSE_1S,1299.0,0.8563,0.9,25.0,2.581,2.194,1.811,1.2662,1.0465,0.0707
BOOST_NEGPULSE_1S,1299.0,0.8563,0.9,10.0,1.785,1.352,1.121,1.2662,1.0465,0.0707
BOOST_NEGPULSE_1S,1299.0,0.8563,0.8,25.0,7.098,8.187,6.609,1.2662,1.0465,0.0707
BOOST_NEGPULSE_1S,1299.0,0.8563,0.8,10.0,4.979,5.952,3.391,1.2662,1.0465,0.0707
BOOST_NEGPULSE_1S,1299.0,0.8563,0.7,10.0,8.345,9.494,7.579,1.2662,1.0465,0.0707
BOOST_NEGPULSE_1S,1428.0,0.8191,1.0,25.0,0.098,0.05,0.05,1.2181,1.0314,0.054
BOOST_NEGPULSE_1S,1428.0,0.8191,1.0,10.0,0.048,0.05,0.05,1.2181,1.0314,0.054
BOOST_NEGPULSE_1S,1428.0,0.8191,0.95,25.0,1.285,0.376,0.324,1.2181,1.0314,0.054
BOOST_NEGPULSE_1S,1428.0,0.8191,0.95,10.0,0.724,0.235,0.202,1.2181,1.0314,0.054
BOOST_NEGPULSE_1S,1428.0,0.8191,0.9,25.0,2.358,1.81,1.542,1.2181,1.0314,0.054
BOOST_NEGPULSE_1S,1428.0,0.8191,0.9,10.0,1.68,1.111,0.955,1.2181,1.0314,0.054
BOOST_NEGPULSE_1S,1428.0,0.8191,0.8,25.0,6.517,8.168,6.735,1.2181,1.0314,0.054
BOOST_NEGPULSE_1S,1428.0,0.8191,0.8,10.0,4.507,3.962,3.398,1.2181,1.0314,0.054
BOOST_NEGPULSE_1S,1428.0,0.8191,0.7,25.0,10.805,12.548,10.567,1.2181,1.0314,0.054
BOOST_NEGPULSE_1S,1428.0,0.8191,0.7,10.0,7.62,8.876,7.329,1.2181,1.0314,0.054
BOOST_NEGPULSE_1S,1541.0,0.8117,1.0,25.0,0.109,0.05,0.05,1.2263,1.0391,0.0921
BOOST_NEGPULSE_1S,1541.0,0.8117,1.0,10.0,0.05,0.05,0.05,1.2263,1.0391,0.0921
BOOST_NEGPULSE_1S,1541.0,0.8117,0.95,25.0,1.172,0.203,0.174,1.2263,1.0391,0.0921
BOOST_NEGPULSE_1S,1541.0,0.8117,0.95,10.0,0.698,0.126,0.108,1.2263,1.0391,0.0921
BOOST_NEGPULSE_1S,1541.0,0.8117,0.9,25.0,2.28,1.654,1.401,1.2263,1.0391,0.0921
BOOST_NEGPULSE_1S,1541.0,0.8117,0.9,10.0,1.675,1.019,0.87,1.2263,1.0391,0.0921
BOOST_NEGPULSE_1S,1541.0,0.8117,0.8,25.0,6.275,7.855,6.401,1.2263,1.0391,0.0921
BOOST_NEGPULSE_1S,1541.0,0.8117,0.8,10.0,4.316,3.795,3.233,1.2263,1.0391,0.0921
BOOST_NEGPULSE_1S,1541.0,0.8117,0.7,25.0,10.437,12.268,10.229,1.2263,1.0391,0.0921
BOOST_NEGPULSE_1S,1541.0,0.8117,0.7,10.0,7.368,8.641,7.073,1.2263,1.0391,0.0921
BOOST_NEGPULSE_1S,1541.0,0.8117,0.6,10.0,10.529,11.772,9.792,1.2263,1.0391,0.0921
BOOST_NEGPULSE_1S,1656.0,0.8008,1.0,25.0,0.12,0.05,0.05,1.2086,1.0388,0.0505
BOOST_NEGPULSE_1S,1656.0,0.8008,1.0,10.0,0.052,0.05,0.05,1.2086,1.0388,0.0505
BOOST_NEGPULSE_1S,1656.0,0.8008,0.95,25.0,1.068,0.05,0.05,1.2086,1.0388,0.0505
BOOST_NEGPULSE_1S,1656.0,0.8008,0.95,10.0,0.676,0.05,0.05,1.2086,1.0388,0.0505
BOOST_NEGPULSE_1S,1656.0,0.8008,0.9,25.0,2.209,1.448,1.244,1.2086,1.0388,0.0505
BOOST_NEGPULSE_1S,1656.0,0.8008,0.9,10.0,1.643,0.898,0.776,1.2086,1.0388,0.0505
BOOST_NEGPULSE_1S,1656.0,0.8008,0.8,25.0,6.004,7.301,6.012,1.2086,1.0388,0.0505
BOOST_NEGPULSE_1S,1656.0,0.8008,0.8,10.0,4.131,3.51,3.028,1.2086,1.0388,0.0505
BOOST_NEGPULSE_1S,1656.0,0.8008,0.7,25.0,10.02,11.863,9.984,1.2086,1.0388,0.0505
BOOST_NEGPULSE_1S,1656.0,0.8008,0.7,10.0,7.077,8.307,6.869,1.2086,1.0388,0.0505
BOOST_NEGPULSE_1S,1656.0,0.8008,0.6,10.0,9.885,11.223,9.451,1.2086,1.0388,0.0505
BOOST_NEGPULSE_1S,1769.0,0.7899,1.0,25.0,0.126,0.05,0.05,1.226,1.0321,0.0241
BOOST_NEGPULSE_1S,1769.0,0.7899,1.0,10.0,0.053,0.05,0.05,1.226,1.0321,0.0241
BOOST_NEGPULSE_1S,1769.0,0.7899,0.95,25.0,0.986,0.209,0.179,1.226,1.0321,0.0241
BOOST_NEGPULSE_1S,1769.0,0.7899,0.95,10.0,0.672,0.13,0.112,1.226,1.0321,0.0241
BOOST_NEGPULSE_1S,1769.0,0.7899,0.9,25.0,2.154,1.522,1.295,1.226,1.0321,0.0241
BOOST_NEGPULSE_1S,1769.0,0.7899,0.9,10.0,1.597,0.94,0.807,1.226,1.0321,0.0241
BOOST_NEGPULSE_1S,1769.0,0.7899,0.8,25.0,5.754,7.728,6.26,1.226,1.0321,0.0241
BOOST_NEGPULSE_1S,1769.0,0.7899,0.8,10.0,3.933,3.724,3.182,1.226,1.0321,0.0241
BOOST_NEGPULSE_1S,1769.0,0.7899,0.7,25.0,9.588,11.487,9.577,1.226,1.0321,0.0241
BOOST_NEGPULSE_1S,1769.0,0.7899,0.7,10.0,6.718,7.824,6.598,1.226,1.0321,0.0241
BOOST_NEGPULSE_1S,1769.0,0.7899,0.6,10.0,9.07,10.941,9.129,1.226,1.0321,0.0241
BOOST_NEGPULSE_1S,1769.0,0.7899,0.5,10.0,10.651,14.33,11.723,1.226,1.0321,0.0241
BOOST_NEGPULSE_1S,1885.0,0.7767,1.0,25.0,0.132,0.05,0.05,1.2512,1.0574,0.0368
BOOST_NEGPULSE_1S,1885.0,0.7767,1.0,10.0,0.054,0.05,0.05,1.2512,1.0574,0.0368
BOOST_NEGPULSE_1S,1885.0,0.7767,0.95,25.0,0.92,0.385,0.324,1.2512,1.0574,0.0368
BOOST_NEGPULSE_1S,1885.0,0.7767,0.95,10.0,0.678,0.24,0.202,1.2512,1.0574,0.0368
BOOST_NEGPULSE_1S,1885.0,0.7767,0.9,25.0,2.108,1.52,1.268,1.2512,1.0574,0.0368
BOOST_NEGPULSE_1S,1885.0,0.7767,0.9,10.0,1.521,0.939,0.79,1.2512,1.0574,0.0368
BOOST_NEGPULSE_1S,1885.0,0.7767,0.8,25.0,5.517,8.111,6.377,1.2512,1.0574,0.0368
BOOST_NEGPULSE_1S,1885.0,0.7767,0.8,10.0,3.752,3.909,3.261,1.2512,1.0574,0.0368
BOOST_NEGPULSE_1S,1885.0,0.7767,0.7,25.0,9.137,10.89,8.869,1.2512,1.0574,0.0368
BOOST_NEGPULSE_1S,1885.0,0.7767,0.7,10.0,6.306,7.414,6.112,1.2512,1.0574,0.0368
BOOST_NEGPULSE_1S,1885.0,0.7767,0.6,10.0,8.233,10.38,8.463,1.2512,1.0574,0.0368
BOOST_NEGPULSE_1S,1885.0,0.7767,0.5,10.0,9.558,13.426,10.665,1.2512,1.0574,0.0368
BOOST_NEGPULSE_1S,1885.0,0.7767,0.4,10.0,10.716,16.048,12.885,1.2512,1.0574,0.0368
