cell,cycle,SOH,CAP_Ah
CC,2,0.9994282639402704,2.9717
CC,21,1.0,2.9734
CC,37,0.9938117979417502,2.955
CC,56,0.9925674312235152,2.9513
CC,73,0.9907849599784759,2.946
CC,92,0.9872536490213225,2.9355
CC,108,0.9839913903275712,2.9258
CC,109,0.9799892379094639,2.9139
CC,128,0.9814353938252507,2.9182
CC,129,0.9808636577655211,2.9165
CC,146,0.9811327100289232,2.9173
CC,147,0.9744400349767943,2.8974
CC,166,0.9758861908925809,2.9017
CC,167,0.9753817178987019,2.9002
CC,183,0.971547723145221,2.8888
CC,184,0.9670410977332348,2.8754
CC,203,0.9689244635770499,2.881
CC,204,0.9695634627026299,2.8829
CC,221,0.9717831438756979,2.8895
CC,222,0.9579605838434115,2.8484
CC,241,0.9633079975785297,2.8643
CC,242,0.9636106813748572,2.8652
CC,258,0.9563126387300734,2.8435
CC,259,0.9571870585861304,2.8461
CC,278,0.958364162238515,2.8496
CC,279,0.9586332145019171,2.8504
CC,296,0.9609874218066861,2.8574
CC,297,0.9527476962399947,2.8329
CC,316,0.9538239052936034,2.8361
CC,317,0.9532185377009484,2.8343
CC,333,0.9568171117239525,2.845
CC,334,0.9485101230914106,2.8203
CC,353,0.9485437546243357,2.8204
CC,354,0.9487455438218875,2.821
CC,371,0.9529494854375463,2.8335
CC,372,0.9440034976794244,2.8069
CC,391,0.9438689715477233,2.8065
CC,392,0.9441716553440506,2.8074
CC,408,0.9491491222169908,2.8222
CC,409,0.940236765991794,2.7957
CC,428,0.9364364027712384,2.7844
CC,429,0.9363691397053877,2.7842
CC,446,0.9452814959305846,2.8107
CC,447,0.9344521423286475,2.7785
CC,466,0.9339476693347684,2.777
CC,467,0.9343176161969462,2.7781
CC,483,0.9288020447972019,2.7617
CC,484,0.9184099011232932,2.7308
CC,503,0.9241608932535146,2.7479
CC,504,0.9246653662473936,2.7494
CC,521,0.9307190421739423,2.7674
CC,522,0.9236900517925608,2.7465
CC,541,0.9235555256608597,2.7461
CC,542,0.9232192103316069,2.7451
CC,558,0.9315261989641489,2.7698
CC,559,0.9195870047756778,2.7343
CC,578,0.9198224255061546,2.735
CC,579,0.9200242147037062,2.7356
CC,596,0.9239254725230376,2.7472
CC,597,0.9163583776148517,2.7247
CC,616,0.9159547992197485,2.7235
CC,617,0.9162911145490011,2.7245
CC,633,0.9244972085827672,2.7489
CC,634,0.9126925405259972,2.7138
CC,653,0.9122216990650435,2.7124
CC,654,0.9124907513284456,2.7132
CC,671,0.9188134795183965,2.732
CC,672,0.9086567565749647,2.7018
CC,691,0.9088585457725163,2.7024
CC,692,0.9085894935091142,2.7016
CC,708,0.9179726911952647,2.7295
CC,709,0.9036792897020246,2.687
CC,728,0.904082868097128,2.6882
CC,729,0.9048227618214838,2.6904
CC,746,0.9120871729333424,2.712
CC,747,0.9001816102777965,2.6766
CC,766,0.9006188202058251,2.6779
CC,767,0.9016950292594337,2.6811
CC,783,0.9114481738077622,2.7101
CC,784,0.8962467209255398,2.6649
CC,803,0.896515773188942,2.6657
CC,804,0.897255666913298,2.6679
CC,821,0.9042173942288291,2.6886
CC,822,0.8931526198964149,2.6557
CC,841,0.8931862514293403,2.6558
CC,842,0.8926817784354611,2.6543
CC,858,0.9048563933544091,2.6905
CC,859,0.8896549404721869,2.6453
CC,878,0.8887805206161298,2.6427
CC,879,0.8897222035380373,2.6455
CC,896,0.9063698123360463,2.695
CC,897,0.8903275711306922,2.6473
CC,916,0.8893522566758594,2.6444
CC,917,0.889923992735589,2.6461
CC,933,0.9007197148046008,2.6782
CC,934,0.8850810519943499,2.6317
CC,953,0.8789601130019508,2.6135
CC,954,0.8785565346068474,2.6123
CC,971,0.8938925136207709,2.6579
CC,972,0.8763368534337797,2.6057
CC,991,0.8771776417569114,2.6082
CC,992,0.8756305912423489,2.6036
CC,1008,0.8893522566758594,2.6444
CC,1009,0.8709221766328109,2.5896
CC,1028,0.8718302280217932,2.5923
CC,1029,0.8720992802851956,2.5931
CC,1046,0.8857536826528554,2.6337
CC,1047,0.8670545503464049,2.5781
CC,1066,0.8661128674244972,2.5753
CC,1067,0.8652720791013655,2.5728
CC,1083,0.8793973229299792,2.6148
CC,1084,0.8617071366112867,2.5622
CC,1103,0.858377614851685,2.5523
CC,1104,0.8585457725163114,2.5528
CC,1121,0.8761686957691532,2.6052
CC,1122,0.8557207237505886,2.5444
CC,1141,0.8560906706127667,2.5455
CC,1142,0.856897827402973,2.5479
CC,1158,0.8723347010156723,2.5938
CC,1159,0.8511132037398265,2.5307
CC,1178,0.851180466805677,2.5309
CC,1179,0.8509114145422749,2.5301
CC,1196,0.8635232393892515,2.5676
CC,1197,0.845833053070559,2.515
CC,1216,0.8454967377413062,2.514
CC,1217,0.8463375260644381,2.5165
CC,1233,0.8626488195331944,2.565
CC,1234,0.8389049572879533,2.4944
CC,1253,0.8407546915988431,2.4999
CC,1254,0.8398130086769355,2.4971
CC,1271,0.8604964014259772,2.5586
CC,1272,0.8346001210735186,2.4816
CC,1291,0.8352391201990986,2.4835
CC,1292,0.835272751732024,2.4836
CC,1308,0.8517522028654066,2.5326
CC,1309,0.8269993946324075,2.459
CC,1328,0.8278065514226138,2.4614
CC,1329,0.8257886594470977,2.4554
CC,1346,0.8460348422681107,2.5156
CC,1347,0.8210129817717091,2.4412
CC,1366,0.8214501916997377,2.4425
CC,1367,0.8225600322862717,2.4458
CC,1383,0.8353063832649492,2.4837
CC,1384,0.8068877379430955,2.3992
CC,1403,0.8127059931391674,2.4165
CC,1404,0.8111253110916796,2.4118
CC,1421,0.8333557543552835,2.4779
CC,1422,0.8059460550211879,2.3964
CC,1441,0.8063832649492164,2.3977
CC,1442,0.80870384072106,2.4046
CC,1458,0.8276383937579875,2.4609
CC,1459,0.801473061142127,2.3831
CC,1478,0.8004304836214434,2.38
CC,1479,0.8015066926750521,2.3832
CC,1496,0.815766462635367,2.4256
CC,1497,0.7958565951436067,2.3664
CC,1516,0.7938050716351652,2.3603
CC,1517,0.7925943364498554,2.3567
CC,1533,0.8139839913903276,2.4203
CC,1534,0.7847245577453421,2.3333
CC,1553,0.7864061343916056,2.3383
CC,1554,0.7846909262124169,2.3332
CC,1571,0.8021793233335577,2.3852
CC,1572,0.7776619358310353,2.3123
CC,1591,0.7776283042981099,2.3122
CC,1592,0.7771574628371561,2.3108
CC,1608,0.7974709087240197,2.3712
CC,1609,0.7675388444205288,2.2822
CC,1628,0.7697248940606713,2.2887
CC,1629,0.7690522634021659,2.2867
CC,1646,0.7835474540929577,2.3298
CC,1647,0.7562386493576378,2.2486
CC,1666,0.7568776484832179,2.2505
CC,1667,0.7562050178247125,2.2485
CC,1683,0.7775946727651847,2.3121
CC,1684,0.7464855048093092,2.2196
CC,1703,0.7469227147373377,2.2209
CC,1704,0.7479316607250959,2.2239
CC,1721,0.7654200578462367,2.2759
CC,1722,0.7370686755902335,2.1916
CC,1741,0.7370686755902335,2.1916
CC,1742,0.7329992601062757,2.1795
CC,1758,0.75714670074662,2.2513
CC,1759,0.7304432636039551,2.1719
CC,1778,0.7301742113405529,2.1711
CC,1779,0.727080110311428,2.1619
CC,1796,0.7462164525459071,2.2188
CC,1797,0.7202529091275981,2.1416
CC,1816,0.7143673908656757,2.1241
CC,1817,0.7196139100020179,2.1397
CC,1833,0.7355888881415215,2.1872
CC,1834,0.7093899239927357,2.1093
CC,1853,0.7057577184368065,2.0985
CC,1854,0.7063967175623865,2.1004
CC,1871,0.7249949552700612,2.1557
CC,1872,0.7018900921504003,2.087
CC,1891,0.6956346270262999,2.0684
CC,1892,0.6944575233739155,2.0649
CC,1908,0.7112732898365508,2.1149
CC,1909,0.6887065312436942,2.0478
BOOST,2,0.9985311790626252,2.9912
BOOST,21,1.0,2.9956
BOOST,37,0.9940913339564694,2.9779
BOOST,56,0.9846107624515956,2.9495
BOOST,73,0.9911203097876885,2.969
BOOST,92,0.9860795833889705,2.9539
BOOST,108,0.9834757644545333,2.9461
BOOST,109,0.9799372412872214,2.9355
BOOST,128,0.9799706235812525,2.9356
BOOST,129,0.980037388169315,2.9358
BOOST,146,0.9798037121110962,2.9351
BOOST,147,0.9729937241287221,2.9147
BOOST,166,0.973794899185472,2.9171
BOOST,167,0.9744291627720657,2.919
BOOST,183,0.97025637601816,2.9065
BOOST,184,0.9648484443850981,2.8903
BOOST,203,0.9675190279075978,2.8983
BOOST,204,0.9673521164374416,2.8978
BOOST,221,0.9589397783415675,2.8726
BOOST,222,0.9602416878087863,2.8765
BOOST,241,0.9610762451595674,2.879
BOOST,242,0.962111096274536,2.8821
BOOST,258,0.9538656696488184,2.8574
BOOST,259,0.9546334624115369,2.8597
BOOST,278,0.9553678728802243,2.8619
BOOST,279,0.9556349312324742,2.8627
BOOST,296,0.9575711042862866,2.8685
BOOST,297,0.9494258245426626,2.8441
BOOST,316,0.9508612631860061,2.8484
BOOST,317,0.9500934704232874,2.8461
BOOST,333,0.9532981706502871,2.8557
BOOST,334,0.944885832554413,2.8305
BOOST,353,0.944585391908132,2.8296
BOOST,354,0.9448524502603819,2.8304
BOOST,371,0.9484911203097877,2.8413
BOOST,372,0.9399118707437575,2.8156
BOOST,391,0.9394111363332888,2.8141
BOOST,392,0.9401789290960074,2.8164
BOOST,408,0.943917746027507,2.8276
BOOST,409,0.9357390839898518,2.8031
BOOST,428,0.9333689411136332,2.796
BOOST,429,0.9340032047002269,2.7979
BOOST,446,0.9388102550407263,2.8123
BOOST,447,0.9300640940045399,2.7861
BOOST,466,0.9293964481239151,2.7841
BOOST,467,0.9295299773000401,2.7845
BOOST,483,0.9229202830818534,2.7647
BOOST,484,0.9125717719321671,2.7337
BOOST,503,0.9190145546801977,2.753
BOOST,504,0.9194151422085726,2.7542
BOOST,521,0.9192816130324476,2.7538
BOOST,522,0.9174455868607291,2.7483
BOOST,541,0.9173120576846041,2.7479
BOOST,542,0.9170449993323542,2.7471
BOOST,558,0.9256576311924155,2.7729
BOOST,559,0.913640005341167,2.7369
BOOST,578,0.9138402991053545,2.7375
BOOST,579,0.9140739751635732,2.7382
BOOST,596,0.9201829349712912,2.7565
BOOST,597,0.9100347175857926,2.7261
BOOST,616,0.9098010415275738,2.7254
BOOST,617,0.910101482173855,2.7263
BOOST,633,0.918113232741354,2.7503
BOOST,634,0.9063626652423554,2.7151
BOOST,653,0.905628254773668,2.7129
BOOST,654,0.9058619308318867,2.7136
BOOST,671,0.9124716250500734,2.7334
BOOST,672,0.9017225263720123,2.7012
BOOST,691,0.9020229670182935,2.7021
BOOST,692,0.9017225263720123,2.7012
BOOST,708,0.9107357457604487,2.7282
BOOST,709,0.8966150353852317,2.6859
BOOST,728,0.8970156229136066,2.6871
BOOST,729,0.8977166510882628,2.6892
BOOST,746,0.9048938443049807,2.7107
BOOST,747,0.8928762184537321,2.6747
BOOST,766,0.893410335158232,2.6763
BOOST,767,0.8945453331552944,2.6797
BOOST,783,0.9038923754840432,2.7077
BOOST,784,0.8886700494057952,2.6621
BOOST,803,0.8889037254640139,2.6628
BOOST,804,0.8896381359327012,2.665
BOOST,821,0.8964147416210441,2.6853
BOOST,822,0.8853318200026705,2.6521
BOOST,841,0.8854987314728269,2.6526
BOOST,842,0.8848644678862332,2.6507
BOOST,858,0.8967485645613567,2.6863
BOOST,859,0.8816597676592335,2.6411
BOOST,878,0.8808585926024837,2.6387
BOOST,879,0.8816931499532648,2.6412
BOOST,896,0.8981172386166377,2.6904
BOOST,897,0.8820603551876085,2.6423
BOOST,916,0.881192415542796,2.6397
BOOST,917,0.8815930030711709,2.6409
BOOST,933,0.892308719455201,2.673
BOOST,934,0.8765856589664842,2.6259
BOOST,953,0.8726465482707972,2.6141
BOOST,954,0.8725464013887034,2.6138
BOOST,971,0.8853318200026705,2.6521
BOOST,972,0.8682400854586728,2.6009
BOOST,991,0.8677393510482041,2.5994
BOOST,992,0.8673721458138604,2.5983
BOOST,1008,0.8809587394845773,2.639
BOOST,1009,0.8625984777673922,2.584
BOOST,1028,0.8632995059420483,2.5861
BOOST,1029,0.8637334757644546,2.5874
BOOST,1046,0.8770196287888904,2.6272
BOOST,1047,0.8584590733075177,2.5716
BOOST,1066,0.8573908398985178,2.5684
BOOST,1067,0.8568233408999866,2.5667
BOOST,1083,0.8714781679797035,2.6106
BOOST,1084,0.8513820269728934,2.5504
BOOST,1103,0.8519495259714247,2.5521
BOOST,1104,0.8512484977967685,2.55
BOOST,1121,0.8689077313392977,2.6029
BOOST,1122,0.8475096808652691,2.5388
BOOST,1141,0.8470089464548004,2.5373
BOOST,1142,0.847910268393644,2.54
BOOST,1158,0.8614634797703298,2.5806
BOOST,1159,0.8429696888770196,2.5252
BOOST,1178,0.8439711576979569,2.5282
BOOST,1179,0.8426024836426759,2.5241
BOOST,1196,0.854987314728268,2.5612
BOOST,1197,0.837061022833489,2.5075
BOOST,1216,0.837862197890239,2.5099
BOOST,1217,0.8348577914274269,2.5009
BOOST,1233,0.8527173187341434,2.5544
BOOST,1234,0.8323875016691147,2.4935
BOOST,1253,0.8316864734944586,2.4914
BOOST,1254,0.8318533849646147,2.4919
BOOST,1271,0.8516157030311122,2.5511
BOOST,1272,0.8258779543330218,2.474
BOOST,1291,0.8285151555614901,2.4819
BOOST,1292,0.8280478034450528,2.4805
BOOST,1308,0.8439711576979569,2.5282
BOOST,1309,0.8189344371745225,2.4532
BOOST,1328,0.8212711977567098,2.4602
BOOST,1329,0.8194017892909601,2.4546
BOOST,1346,0.8390639604753639,2.5135
BOOST,1347,0.813693417011617,2.4375
BOOST,1366,0.8151956202430232,2.442
BOOST,1367,0.8130257711309922,2.4355
BOOST,1383,0.8289825076779276,2.4833
BOOST,1384,0.8028107891574309,2.4049
BOOST,1403,0.8026438776872746,2.4044
BOOST,1404,0.8048471090933369,2.411
BOOST,1421,0.8195687007611162,2.4551
BOOST,1422,0.7942983041794632,2.3794
BOOST,1441,0.7978368273467753,2.39
BOOST,1442,0.7972359460542128,2.3882
BOOST,1458,0.818433702764054,2.4517
BOOST,1459,0.7924622780077446,2.3739
BOOST,1478,0.7929296301241822,2.3753
BOOST,1479,0.7929630124182133,2.3754
BOOST,1496,0.8103551876084926,2.4275
BOOST,1497,0.7842836159700896,2.3494
BOOST,1516,0.7841834690879957,2.3491
BOOST,1517,0.7807784750968088,2.3389
BOOST,1533,0.8070503404993992,2.4176
BOOST,1534,0.7752703965816531,2.3224
BOOST,1553,0.7761049539324342,2.3249
BOOST,1554,0.7771398050474028,2.328
BOOST,1571,0.795633595940713,2.3834
BOOST,1572,0.7668246761917479,2.2971
BOOST,1591,0.7681933502470291,2.3012
BOOST,1592,0.7672920283081854,2.2985
BOOST,1608,0.7909934570703698,2.3695
BOOST,1609,0.7585792495660302,2.2724
BOOST,1628,0.7606823340899987,2.2787
BOOST,1629,0.7599813059153425,2.2766
BOOST,1646,0.7814127386834023,2.3408
BOOST,1647,0.7522366137000935,2.2534
BOOST,1666,0.7505341167044999,2.2483
BOOST,1667,0.7525036720523435,2.2542
BOOST,1683,0.7742355454666845,2.3193
BOOST,1684,0.7441914808385631,2.2293
BOOST,1703,0.7446254506609694,2.2306
BOOST,1704,0.7420216317265322,2.2228
BOOST,1721,0.7592135131526239,2.2743
BOOST,1722,0.7332420883963146,2.1965
BOOST,1741,0.731406062224596,2.191
BOOST,1742,0.7328748831619708,2.1954
BOOST,1758,0.7546401388703432,2.2606
BOOST,1759,0.7253304847109093,2.1728
BOOST,1778,0.7251301909467219,2.1722
BOOST,1779,0.7253304847109093,2.1728
BOOST,1796,0.7338429696888771,2.1983
BOOST,1797,0.7154493256776606,2.1432
BOOST,1816,0.7129456536253171,2.1357
BOOST,1817,0.7121444785685673,2.1333
BOOST,1833,0.731806649752971,2.1922
BOOST,1834,0.7053678728802243,2.113
BOOST,1853,0.7024969955935372,2.1044
BOOST,1854,0.7010615569501936,2.1001
BOOST,1871,0.7232941647750033,2.1667
BOOST,1872,0.6974896514888502,2.0894
BOOST,1891,0.6927493657364134,2.0752
BOOST,1892,0.6910134864467885,2.07
BOOST,1908,0.7097743356923487,2.1262
BOOST,1909,0.6846374682868206,2.0509
BOOST_REST,2,1.0,2.9642
BOOST_REST,21,0.9986168274745295,2.9601
BOOST_REST,37,0.9938263275082653,2.9459
BOOST_REST,56,0.9926118345590715,2.9423
BOOST_REST,73,0.9901153768301734,2.9349
BOOST_REST,92,0.9839754402536941,2.9167
BOOST_REST,108,0.9821199649146481,2.9112
BOOST_REST,109,0.9775318804399165,2.8976
BOOST_REST,128,0.975204102287295,2.8907
BOOST_REST,129,0.9765535388975103,2.8947
BOOST_REST,146,0.975102894541529,2.8904
BOOST_REST,147,0.9677147291006005,2.8685
BOOST_REST,166,0.9664665002361513,2.8648
BOOST_REST,167,0.9655556305242561,2.8621
BOOST_REST,183,0.9612711692868228,2.8494
BOOST_REST,184,0.9578301059307739,2.8392
BOOST_REST,203,0.9557722151001957,2.8331
BOOST_REST,204,0.9567842925578571,2.8361
BOOST_REST,221,0.956952972134134,2.8366
BOOST_REST,222,0.9476755954389042,2.8091
BOOST_REST,241,0.9461237433371568,2.8045
BOOST_REST,242,0.9474394440321166,2.8084
BOOST_REST,258,0.9438634370150463,2.7978
BOOST_REST,259,0.9383982187436746,2.7816
BOOST_REST,278,0.9367788948114163,2.7768
BOOST_REST,279,0.9377572363538224,2.7797
BOOST_REST,296,0.9392078807098037,2.784
BOOST_REST,297,0.9319546589298968,2.7625
BOOST_REST,316,0.9271641589636327,2.7483
BOOST_REST,317,0.9282099723365494,2.7514
BOOST_REST,333,0.9307064300654476,2.7588
BOOST_REST,334,0.9225423385736455,2.7346
BOOST_REST,353,0.9176843667768707,2.7202
BOOST_REST,354,0.9193711625396397,2.7252
BOOST_REST,371,0.921968828014304,2.7329
BOOST_REST,372,0.913905944268268,2.709
BOOST_REST,391,0.9075635922002564,2.6902
BOOST_REST,392,0.9093515957087916,2.6955
BOOST_REST,408,0.9145806625733756,2.711
BOOST_REST,409,0.9023682612509277,2.6748
BOOST_REST,428,0.8940017542675933,2.65
BOOST_REST,429,0.8940017542675933,2.65
BOOST_REST,446,0.9028742999797584,2.6763
BOOST_REST,447,0.891134201470886,2.6415
BOOST_REST,466,0.886714796572431,2.6284
BOOST_REST,467,0.8868497402334525,2.6288
BOOST_REST,483,0.8774374198772014,2.6009
BOOST_REST,484,0.8672829093853317,2.5708
BOOST_REST,503,0.8718035220295527,2.5842
BOOST_REST,504,0.8721408811821064,2.5852
BOOST_REST,521,0.8805073881654409,2.61
BOOST_REST,522,0.8674178530463532,2.5712
BOOST_REST,541,0.866169624181904,2.5675
BOOST_REST,542,0.8672491734700762,2.5707
BOOST_REST,558,0.8738276769448755,2.5902
BOOST_REST,559,0.8610417650630862,2.5523
BOOST_REST,578,0.8579380608595911,2.5431
BOOST_REST,579,0.8583428918426557,2.5443
BOOST_REST,596,0.866439511503947,2.5683
BOOST_REST,597,0.8530800890628163,2.5287
BOOST_REST,616,0.8488968355711491,2.5163
BOOST_REST,617,0.8492341947237029,2.5173
BOOST_REST,633,0.8569597193171851,2.5402
BOOST_REST,634,0.8427568989946698,2.4981
BOOST_REST,653,0.8383374940962148,2.485
BOOST_REST,654,0.8387760609945348,2.4863
BOOST_REST,671,0.8475811348761892,2.5124
BOOST_REST,672,0.8332433708926523,2.4699
BOOST_REST,691,0.8293637406382836,2.4584
BOOST_REST,692,0.8284866068416437,2.4558
BOOST_REST,708,0.8357398286215505,2.4773
BOOST_REST,709,0.8210309695702045,2.4337
BOOST_REST,728,0.8171513393158357,2.4222
BOOST_REST,729,0.8168814519937927,2.4214
BOOST_REST,746,0.8245732406720194,2.4442
BOOST_REST,747,0.8124283111800823,2.4082
BOOST_REST,766,0.8036907091289386,2.3823
BOOST_REST,767,0.8055799203832401,2.3879
BOOST_REST,783,0.8125295189258485,2.4085
BOOST_REST,784,0.7993387760609946,2.3694
BOOST_REST,803,0.79141083597598,2.3459
BOOST_REST,804,0.7925915930099184,2.3494
BOOST_REST,821,0.7846973888401593,2.326
BOOST_REST,822,0.7713717023142839,2.2865
BOOST_REST,841,0.7765332973483571,2.3018
BOOST_REST,842,0.7775116388907631,2.3047
BOOST_REST,858,0.790432494433574,2.343
BOOST_REST,859,0.7718440051278591,2.2879
BOOST_REST,878,0.7736657445516497,2.2933
BOOST_REST,879,0.7745091424330341,2.2958
BOOST_REST,896,0.7906686458403617,2.3437
BOOST_REST,897,0.772181364280413,2.2889
BOOST_REST,916,0.7688415086701302,2.279
BOOST_REST,917,0.7699210579583025,2.2822
BOOST_REST,933,0.7821334592807503,2.3184
BOOST_REST,934,0.7633088185682477,2.2626
BOOST_REST,953,0.7630389312462047,2.2618
BOOST_REST,954,0.7617907023817557,2.2581
BOOST_REST,971,0.7527832130085689,2.2314
BOOST_REST,972,0.7524795897712706,2.2305
BOOST_REST,991,0.7536940827204642,2.2341
BOOST_REST,992,0.7541663855340396,2.2355
BOOST_REST,1008,0.762364212941097,2.2598
BOOST_REST,1009,0.7422238715336347,2.2001
BOOST_REST,1028,0.7480939207880709,2.2175
BOOST_REST,1029,0.747115579245665,2.2146
BOOST_REST,1046,0.7738344241279266,2.2938
BOOST_REST,1047,0.750489170771203,2.2246
BOOST_REST,1066,0.7452938398218744,2.2092
BOOST_REST,1067,0.7462721813642804,2.2121
BOOST_REST,1083,0.76307266716146,2.2619
BOOST_REST,1084,0.739761149719992,2.1928
BOOST_REST,1103,0.739322582821672,2.1915
BOOST_REST,1104,0.7380068821267122,2.1876
BOOST_REST,1121,0.7590918291613252,2.2501
BOOST_REST,1122,0.7383442412792659,2.1886
BOOST_REST,1141,0.7344308751096418,2.177
BOOST_REST,1142,0.7326091356858513,2.1716
BOOST_REST,1158,0.7477228257202618,2.2164
BOOST_REST,1159,0.725423385736455,2.1503
BOOST_REST,1178,0.7238040618041969,2.1455
BOOST_REST,1179,0.7248836110923689,2.1487
BOOST_REST,1196,0.7441468187031914,2.2058
BOOST_REST,1197,0.7185075231091019,2.1298
BOOST_REST,1216,0.7153026111598407,2.1203
BOOST_REST,1217,0.714965252007287,2.1193
BOOST_REST,1233,0.7346670265164295,2.1777
BOOST_REST,1234,0.7107819985156197,2.1069
BOOST_REST,1253,0.7057216112273126,2.0919
BOOST_REST,1254,0.7071385196680385,2.0961
BOOST_REST,1271,0.7260306322110519,2.1521
BOOST_REST,1272,0.7025504351933068,2.0825
BOOST_REST,1291,0.6968490655151474,2.0656
BOOST_REST,1292,0.6959044598879969,2.0628
BOOST_REST,1308,0.7230618716685784,2.1433
BOOST_REST,1309,0.6905404493623912,2.0469
BOOST_REST,1328,0.6903042979556034,2.0462
BOOST_REST,1329,0.689359692328453,2.0434
BOOST_REST,1346,0.7161122731259699,2.1227
BOOST_REST,1347,0.6914513190742865,2.0496
BOOST_REST,1366,0.6827474529383982,2.0238
BOOST_REST,1367,0.6824775656163552,2.023
BOOST_NEGPULSE,2,1.0,2.9762
BOOST_NEGPULSE,21,0.9967072105369263,2.9664
BOOST_NEGPULSE,37,0.992675223439285,2.9544
BOOST_NEGPULSE,56,0.9849472481688059,2.9314
BOOST_NEGPULSE,73,0.9895168335461326,2.945
BOOST_NEGPULSE,92,0.981923257845575,2.9224
BOOST_NEGPULSE,108,0.9796048652644312,2.9155
BOOST_NEGPULSE,109,0.9758080774141522,2.9042
BOOST_NEGPULSE,128,0.9743632820374976,2.8999
BOOST_NEGPULSE,129,0.9749344802096634,2.9016
BOOST_NEGPULSE,146,0.9774544721456891,2.9091
BOOST_NEGPULSE,147,0.9712384920368256,2.8906
BOOST_NEGPULSE,166,0.9678113030038303,2.8804
BOOST_NEGPULSE,167,0.9684833008534373,2.8824
BOOST_NEGPULSE,183,0.96582890934749,2.8745
BOOST_NEGPULSE,184,0.9608225253679188,2.8596
BOOST_NEGPULSE,203,0.9611921241852026,2.8607
BOOST_NEGPULSE,204,0.9601841274107923,2.8577
BOOST_NEGPULSE,221,0.9644177138633157,2.8703
BOOST_NEGPULSE,222,0.9537329480545662,2.8385
BOOST_NEGPULSE,241,0.9515489550433438,2.832
BOOST_NEGPULSE,242,0.9526577514951953,2.8353
BOOST_NEGPULSE,258,0.9520193535380688,2.8334
BOOST_NEGPULSE,259,0.945500974396882,2.814
BOOST_NEGPULSE,278,0.9456689738592836,2.8145
BOOST_NEGPULSE,279,0.9462065721389692,2.8161
BOOST_NEGPULSE,296,0.9515825549358242,2.8321
BOOST_NEGPULSE,297,0.9426113836435724,2.8054
BOOST_NEGPULSE,316,0.9394193938579397,2.7959
BOOST_NEGPULSE,317,0.9389825952556952,2.7946
BOOST_NEGPULSE,333,0.9447953766547947,2.8119
BOOST_NEGPULSE,334,0.9362610039647874,2.7865
BOOST_NEGPULSE,353,0.9322962166521068,2.7747
BOOST_NEGPULSE,354,0.9325650157919495,2.7755
BOOST_NEGPULSE,371,0.9396881929977824,2.7967
BOOST_NEGPULSE,372,0.9297426248236006,2.7671
BOOST_NEGPULSE,391,0.9255090383710772,2.7545
BOOST_NEGPULSE,392,0.9259122370808414,2.7557
BOOST_NEGPULSE,408,0.9335394126738794,2.7784
BOOST_NEGPULSE,409,0.9240642429944225,2.7502
BOOST_NEGPULSE,428,0.9158658692292185,2.7258
BOOST_NEGPULSE,429,0.9158322693367381,2.7257
BOOST_NEGPULSE,446,0.92772663127478,2.7611
BOOST_NEGPULSE,447,0.9157650695517774,2.7255
BOOST_NEGPULSE,466,0.9106242860022847,2.7102
BOOST_NEGPULSE,467,0.9109266850346079,2.7111
BOOST_NEGPULSE,483,0.9205362542839863,2.7397
BOOST_NEGPULSE,484,0.9094146898729923,2.7066
BOOST_NEGPULSE,503,0.9062562999798401,2.6972
BOOST_NEGPULSE,504,0.9067602983670453,2.6987
BOOST_NEGPULSE,521,0.9094818896579531,2.7068
BOOST_NEGPULSE,522,0.8978899267522343,2.6723
BOOST_NEGPULSE,541,0.896377931590619,2.6678
BOOST_NEGPULSE,542,0.8972179289026275,2.6703
BOOST_NEGPULSE,558,0.9069954976144076,2.6994
BOOST_NEGPULSE,559,0.8943955379342787,2.6619
BOOST_NEGPULSE,578,0.8914723472884887,2.6532
BOOST_NEGPULSE,579,0.8919427457832134,2.6546
BOOST_NEGPULSE,596,0.9026275115919629,2.6864
BOOST_NEGPULSE,597,0.8900611518043142,2.649
BOOST_NEGPULSE,616,0.8857267656743498,2.6361
BOOST_NEGPULSE,617,0.8862979638465157,2.6378
BOOST_NEGPULSE,633,0.8971171292251865,2.67
BOOST_NEGPULSE,634,0.8834083730932061,2.6292
BOOST_NEGPULSE,653,0.8794435857805255,2.6174
BOOST_NEGPULSE,654,0.8799475841677307,2.6189
BOOST_NEGPULSE,671,0.8913043478260869,2.6527
BOOST_NEGPULSE,672,0.8773267925542638,2.6111
BOOST_NEGPULSE,691,0.8730260063167798,2.5983
BOOST_NEGPULSE,692,0.8739668033062294,2.6011
BOOST_NEGPULSE,708,0.8844163698676165,2.6322
BOOST_NEGPULSE,709,0.8700020159935489,2.5893
BOOST_NEGPULSE,728,0.8660708285733485,2.5776
BOOST_NEGPULSE,729,0.8670788253477589,2.5806
BOOST_NEGPULSE,746,0.8775619918016263,2.6118
BOOST_NEGPULSE,747,0.8644244338418118,2.5727
BOOST_NEGPULSE,766,0.8608292453464148,2.562
BOOST_NEGPULSE,767,0.8603588468516901,2.5606
BOOST_NEGPULSE,783,0.8728244069618978,2.5977
BOOST_NEGPULSE,784,0.8567636583562933,2.5499
BOOST_NEGPULSE,803,0.8526308715812109,2.5376
BOOST_NEGPULSE,804,0.8538068678180231,2.5411
BOOST_NEGPULSE,821,0.8641892345944493,2.572
BOOST_NEGPULSE,822,0.8518244741616827,2.5352
BOOST_NEGPULSE,841,0.8456420939452993,2.5168
BOOST_NEGPULSE,842,0.846482091257308,2.5193
BOOST_NEGPULSE,858,0.8592500503998388,2.5573
BOOST_NEGPULSE,859,0.8439284994288018,2.5117
BOOST_NEGPULSE,878,0.8383509172770647,2.4951
BOOST_NEGPULSE,879,0.8395269135138769,2.4986
BOOST_NEGPULSE,896,0.8576708554532626,2.5526
BOOST_NEGPULSE,897,0.8410725085679727,2.5032
BOOST_NEGPULSE,916,0.8365701229756064,2.4898
BOOST_NEGPULSE,917,0.8369733216853706,2.491
BOOST_NEGPULSE,933,0.848430885021168,2.5251
BOOST_NEGPULSE,934,0.8324373362005242,2.4775
BOOST_NEGPULSE,953,0.8248101606074861,2.4548
BOOST_NEGPULSE,954,0.8222565687789799,2.4472
BOOST_NEGPULSE,971,0.8400645117935622,2.5002
BOOST_NEGPULSE,972,0.8196693770579934,2.4395
BOOST_NEGPULSE,991,0.8152005913581077,2.4262
BOOST_NEGPULSE,992,0.8161413883475572,2.429
BOOST_NEGPULSE,1008,0.8299173442644985,2.47
BOOST_NEGPULSE,1009,0.8120758013574357,2.4169
BOOST_NEGPULSE,1028,0.809287010281567,2.4086
BOOST_NEGPULSE,1029,0.8082454136146764,2.4055
BOOST_NEGPULSE,1046,0.8234661649082723,2.4508
BOOST_NEGPULSE,1047,0.8053222229688864,2.3968
BOOST_NEGPULSE,1066,0.7986022444728176,2.3768
BOOST_NEGPULSE,1067,0.7995430414622673,2.3796
BOOST_NEGPULSE,1083,0.8119414017875143,2.4165
BOOST_NEGPULSE,1084,0.7943686580202943,2.3642
BOOST_NEGPULSE,1103,0.7894294738256837,2.3495
BOOST_NEGPULSE,1104,0.7891942745783215,2.3488
BOOST_NEGPULSE,1121,0.7867414824272562,2.3415
BOOST_NEGPULSE,1122,0.7861702842550904,2.3398
BOOST_NEGPULSE,1131,0.8152005913581077,2.4262
BOOST_NEGPULSE,1132,0.8190981788858276,2.4378
BOOST_NEGPULSE,1151,0.8118070022175929,2.4161
BOOST_NEGPULSE,1152,0.8126133996371211,2.4185
BOOST_NEGPULSE,1168,0.8281029500705598,2.4646
BOOST_NEGPULSE,1169,0.8081782138297158,2.4053
BOOST_NEGPULSE,1188,0.8044150258719172,2.3941
BOOST_NEGPULSE,1189,0.8053222229688864,2.3968
BOOST_NEGPULSE,1206,0.8228613668436261,2.449
BOOST_NEGPULSE,1207,0.797459848128486,2.3734
BOOST_NEGPULSE,1226,0.7953094550097439,2.367
BOOST_NEGPULSE,1227,0.7971910489886432,2.3726
BOOST_NEGPULSE,1243,0.8122102009273571,2.4173
BOOST_NEGPULSE,1244,0.7908406693098582,2.3537
BOOST_NEGPULSE,1263,0.7876822794167059,2.3443
BOOST_NEGPULSE,1264,0.7885222767287144,2.3468
BOOST_NEGPULSE,1281,0.8115046031852698,2.4152
BOOST_NEGPULSE,1282,0.7901014716752907,2.3515
BOOST_NEGPULSE,1301,0.782709495329615,2.3295
BOOST_NEGPULSE,1302,0.7815334990928029,2.326
BOOST_NEGPULSE,1318,0.8007526375915597,2.3832
BOOST_NEGPULSE,1319,0.7780727101673275,2.3157
BOOST_NEGPULSE,1338,0.7735031247900006,2.3021
BOOST_NEGPULSE,1339,0.7756535179087427,2.3085
BOOST_NEGPULSE,1356,0.7998454404945905,2.3805
BOOST_NEGPULSE,1357,0.7734695248975203,2.302
BOOST_NEGPULSE,1376,0.7677575431758619,2.285
BOOST_NEGPULSE,1377,0.7670519454337746,2.2829
BOOST_NEGPULSE,1393,0.7871446811370203,2.3427
BOOST_NEGPULSE,1394,0.7625159599489282,2.2694
BOOST_NEGPULSE,1413,0.7583831731738458,2.2571
BOOST_NEGPULSE,1414,0.7578791747866407,2.2556
BOOST_NEGPULSE,1431,0.7839190914589074,2.3331
BOOST_NEGPULSE,1432,0.7598951683354613,2.2616
BOOST_NEGPULSE,1451,0.7502183993011223,2.2328
BOOST_NEGPULSE,1452,0.752133593172502,2.2385
BOOST_NEGPULSE,1468,0.7729655265103151,2.3005
BOOST_NEGPULSE,1469,0.7488408037094281,2.2287
BOOST_NEGPULSE,1488,0.7426248236005645,2.2102
BOOST_NEGPULSE,1489,0.7427928230629662,2.2107
BOOST_NEGPULSE,1506,0.7418856259659969,2.208
BOOST_NEGPULSE,1507,0.7352328472548888,2.1882
BOOST_NEGPULSE,1526,0.7304952624151604,2.1741
BOOST_NEGPULSE,1527,0.7305288623076406,2.1742
BOOST_NEGPULSE,1543,0.7481352059673408,2.2266
BOOST_NEGPULSE,1544,0.7205832941334588,2.1446
BOOST_NEGPULSE,1563,0.7198440964988911,2.1424
BOOST_NEGPULSE,1564,0.7186681002620792,2.1389
BOOST_NEGPULSE,1581,0.7498152005913581,2.2316
BOOST_NEGPULSE,1582,0.7269000739197635,2.1634
BOOST_NEGPULSE,1601,0.7133593172501848,2.1231
BOOST_NEGPULSE,1602,0.7154089106914858,2.1292
BOOST_NEGPULSE,1618,0.7355016463947316,2.189
BOOST_NEGPULSE,1619,0.7078489348834084,2.1067
BOOST_NEGPULSE,1638,0.7013977555271823,2.0875
BOOST_NEGPULSE,1639,0.6994825616558027,2.0818
BOOST_NEGPULSE,1656,0.7305960620926013,2.1744
BOOST_NEGPULSE,1657,0.7030441502587192,2.0924
BOOST_NEGPULSE,1676,0.6950473758483973,2.0686
BOOST_NEGPULSE,1677,0.6929641825146159,2.0624
BOOST_NEGPULSE,1693,0.7107049257442377,2.1152
BOOST_NEGPULSE,1694,0.6852698071366171,2.0395
BOOST_NEGPULSE,1713,0.6784826288555876,2.0193
BOOST_NEGPULSE,1714,0.6814058195013776,2.028
BOOST_NEGPULSE,1731,0.709764128754788,2.1124
BOOST_NEGPULSE,1732,0.6821450171359451,2.0302
BOOST_NEGPULSE,1751,0.6700490558430213,1.9942
BOOST_NEGPULSE,1752,0.6693770579934144,1.9922
BOOST_NEGPULSE_1S,2,0.996705217859064,2.9646
BOOST_NEGPULSE_1S,3,1.0,2.9744
BOOST_NEGPULSE_1S,22,0.9958310919849381,2.962
BOOST_NEGPULSE_1S,23,0.9959655728886498,2.9624
BOOST_NEGPULSE_1S,39,0.9964698762775686,2.9639
BOOST_NEGPULSE_1S,40,0.990922538999462,2.9474
BOOST_NEGPULSE_1S,59,0.9891070467993545,2.942
BOOST_NEGPULSE_1S,60,0.9894768692845615,2.9431
BOOST_NEGPULSE_1S,77,0.9906199569661107,2.9465
BOOST_NEGPULSE_1S,78,0.9851062399139321,2.9301
BOOST_NEGPULSE_1S,97,0.9824838622915545,2.9223
BOOST_NEGPULSE_1S,98,0.9825847229693383,2.9226
BOOST_NEGPULSE_1S,114,0.9796597633136094,2.9139
BOOST_NEGPULSE_1S,115,0.9747512103281334,2.8993
BOOST_NEGPULSE_1S,134,0.9758942980096825,2.9027
BOOST_NEGPULSE_1S,135,0.976129639591178,2.9034
BOOST_NEGPULSE_1S,152,0.9655392684238838,2.8719
BOOST_NEGPULSE_1S,153,0.9670521785906401,2.8764
BOOST_NEGPULSE_1S,172,0.968699569661108,2.8813
BOOST_NEGPULSE_1S,173,0.9688340505648197,2.8817
BOOST_NEGPULSE_1S,189,0.9677918235610543,2.8786
BOOST_NEGPULSE_1S,190,0.9622108660570199,2.862
BOOST_NEGPULSE_1S,209,0.9624125874125874,2.8626
BOOST_NEGPULSE_1S,210,0.9628832705755782,2.864
BOOST_NEGPULSE_1S,227,0.9592522861753631,2.8532
BOOST_NEGPULSE_1S,228,0.9562600860677783,2.8443
BOOST_NEGPULSE_1S,247,0.9574031737493276,2.8477
BOOST_NEGPULSE_1S,248,0.9578066164604626,2.8489
BOOST_NEGPULSE_1S,264,0.9494351802044109,2.824
BOOST_NEGPULSE_1S,265,0.9449300699300699,2.8106
BOOST_NEGPULSE_1S,284,0.949838622915546,2.8252
BOOST_NEGPULSE_1S,285,0.9500067240451855,2.8257
BOOST_NEGPULSE_1S,302,0.9532006455083377,2.8352
BOOST_NEGPULSE_1S,303,0.9457705755782678,2.8131
BOOST_NEGPULSE_1S,322,0.9469809037116729,2.8167
BOOST_NEGPULSE_1S,323,0.9471153846153846,2.8171
BOOST_NEGPULSE_1S,339,0.9484265734265734,2.821
BOOST_NEGPULSE_1S,340,0.9412990855298546,2.7998
BOOST_NEGPULSE_1S,359,0.9419378698224851,2.8017
BOOST_NEGPULSE_1S,360,0.9446947283485744,2.8099
BOOST_NEGPULSE_1S,377,0.9450981710597095,2.8111
BOOST_NEGPULSE_1S,378,0.9368275954814417,2.7865
BOOST_NEGPULSE_1S,397,0.9378025820333512,2.7894
BOOST_NEGPULSE_1S,398,0.9382396449704142,2.7907
BOOST_NEGPULSE_1S,414,0.93830688542227,2.7909
BOOST_NEGPULSE_1S,415,0.9310449166218396,2.7693
BOOST_NEGPULSE_1S,434,0.9326586874663797,2.7741
BOOST_NEGPULSE_1S,435,0.9325914470145238,2.7739
BOOST_NEGPULSE_1S,452,0.923043302850995,2.7455
BOOST_NEGPULSE_1S,453,0.9246234534696073,2.7502
BOOST_NEGPULSE_1S,472,0.9291621839698763,2.7637
BOOST_NEGPULSE_1S,473,0.9295320064550834,2.7648
BOOST_NEGPULSE_1S,489,0.9335328133405055,2.7767
BOOST_NEGPULSE_1S,490,0.9252286175363097,2.752
BOOST_NEGPULSE_1S,509,0.9247579343733189,2.7506
BOOST_NEGPULSE_1S,510,0.9249596557288864,2.7512
BOOST_NEGPULSE_1S,527,0.9283889187735341,2.7614
BOOST_NEGPULSE_1S,528,0.9165882194728349,2.7263
BOOST_NEGPULSE_1S,547,0.9184709521247982,2.7319
BOOST_NEGPULSE_1S,548,0.9187062937062938,2.7326
BOOST_NEGPULSE_1S,564,0.9257329209252285,2.7535
BOOST_NEGPULSE_1S,565,0.9142011834319526,2.7192
BOOST_NEGPULSE_1S,584,0.9146718665949435,2.7206
BOOST_NEGPULSE_1S,585,0.914873587950511,2.7212
BOOST_NEGPULSE_1S,602,0.9213286713286714,2.7404
BOOST_NEGPULSE_1S,603,0.9081495427649273,2.7012
BOOST_NEGPULSE_1S,622,0.9094943518020441,2.7052
BOOST_NEGPULSE_1S,623,0.9097296933835396,2.7059
BOOST_NEGPULSE_1S,639,0.9126210328133405,2.7145
BOOST_NEGPULSE_1S,640,0.8999125874125873,2.6767
BOOST_NEGPULSE_1S,659,0.904182356105433,2.6894
BOOST_NEGPULSE_1S,660,0.9047875201721355,2.6912
BOOST_NEGPULSE_1S,677,0.9096624529316837,2.7057
BOOST_NEGPULSE_1S,678,0.8970884884346422,2.6683
BOOST_NEGPULSE_1S,697,0.8993410435718127,2.675
BOOST_NEGPULSE_1S,698,0.8997108660570198,2.6761
BOOST_NEGPULSE_1S,714,0.8889187735341582,2.644
BOOST_NEGPULSE_1S,715,0.8743948359332975,2.6008
BOOST_NEGPULSE_1S,734,0.8825981710597095,2.6252
BOOST_NEGPULSE_1S,735,0.8828671328671328,2.626
BOOST_NEGPULSE_1S,752,0.8946342119419042,2.661
BOOST_NEGPULSE_1S,753,0.8776896180742334,2.6106
BOOST_NEGPULSE_1S,772,0.878664604626143,2.6135
BOOST_NEGPULSE_1S,773,0.87903442711135,2.6146
BOOST_NEGPULSE_1S,789,0.8837748789671865,2.6287
BOOST_NEGPULSE_1S,790,0.867200107584723,2.5794
BOOST_NEGPULSE_1S,809,0.8764792899408285,2.607
BOOST_NEGPULSE_1S,810,0.8765129101667563,2.6071
BOOST_NEGPULSE_1S,827,0.8872377622377621,2.639
BOOST_NEGPULSE_1S,828,0.8702259279182356,2.5884
BOOST_NEGPULSE_1S,847,0.8735879505110273,2.5984
BOOST_NEGPULSE_1S,848,0.8735543302850994,2.5983
BOOST_NEGPULSE_1S,864,0.8793370091447014,2.6155
BOOST_NEGPULSE_1S,865,0.8615519096288328,2.5626
BOOST_NEGPULSE_1S,884,0.8679061323292092,2.5815
BOOST_NEGPULSE_1S,885,0.8678725121032813,2.5814
BOOST_NEGPULSE_1S,902,0.869620763851533,2.5866
BOOST_NEGPULSE_1S,903,0.8513986013986014,2.5324
BOOST_NEGPULSE_1S,922,0.8594674556213018,2.5564
BOOST_NEGPULSE_1S,923,0.8596355567509414,2.5569
BOOST_NEGPULSE_1S,939,0.8723103819257664,2.5946
BOOST_NEGPULSE_1S,940,0.8534830554061323,2.5386
BOOST_NEGPULSE_1S,959,0.8576519634211942,2.551
BOOST_NEGPULSE_1S,960,0.8576519634211942,2.551
BOOST_NEGPULSE_1S,977,0.8674354491662183,2.5801
BOOST_NEGPULSE_1S,978,0.847465034965035,2.5207
BOOST_NEGPULSE_1S,997,0.8525753093060784,2.5359
BOOST_NEGPULSE_1S,998,0.8525753093060784,2.5359
BOOST_NEGPULSE_1S,1014,0.8659897794513179,2.5758
BOOST_NEGPULSE_1S,1015,0.8459521247982786,2.5162
BOOST_NEGPULSE_1S,1034,0.8490788058095751,2.5255
BOOST_NEGPULSE_1S,1035,0.8490115653577192,2.5253
BOOST_NEGPULSE_1S,1052,0.8591648735879505,2.5555
BOOST_NEGPULSE_1S,1053,0.8379168908015062,2.4923
BOOST_NEGPULSE_1S,1072,0.8434978483055406,2.5089
BOOST_NEGPULSE_1S,1073,0.8433969876277568,2.5086
BOOST_NEGPULSE_1S,1089,0.8477676169983861,2.5216
BOOST_NEGPULSE_1S,1090,0.8260489510489509,2.457
BOOST_NEGPULSE_1S,1109,0.834689349112426,2.4827
BOOST_NEGPULSE_1S,1110,0.8347902097902098,2.483
BOOST_NEGPULSE_1S,1127,0.849885691231845,2.5279
BOOST_NEGPULSE_1S,1128,0.8279653039268423,2.4627
BOOST_NEGPULSE_1S,1147,0.8324031737493276,2.4759
BOOST_NEGPULSE_1S,1148,0.8323359332974717,2.4757
BOOST_NEGPULSE_1S,1164,0.845380580957504,2.5145
BOOST_NEGPULSE_1S,1165,0.8222834857450242,2.4458
BOOST_NEGPULSE_1S,1184,0.8277635825712748,2.4621
BOOST_NEGPULSE_1S,1185,0.8275282409897794,2.4614
BOOST_NEGPULSE_1S,1202,0.8400685852608929,2.4987
BOOST_NEGPULSE_1S,1203,0.816198224852071,2.4277
BOOST_NEGPULSE_1S,1222,0.8222834857450242,2.4458
BOOST_NEGPULSE_1S,1223,0.8220145239376008,2.445
BOOST_NEGPULSE_1S,1239,0.8347902097902098,2.483
BOOST_NEGPULSE_1S,1240,0.8102138246369015,2.4099
BOOST_NEGPULSE_1S,1259,0.816601667563206,2.4289
BOOST_NEGPULSE_1S,1260,0.8163327057557827,2.4281
BOOST_NEGPULSE_1S,1277,0.8324367939752555,2.476
BOOST_NEGPULSE_1S,1278,0.8076586874663797,2.4023
BOOST_NEGPULSE_1S,1297,0.8121637977407208,2.4157
BOOST_NEGPULSE_1S,1298,0.8118275954814416,2.4147
BOOST_NEGPULSE_1S,1314,0.8163663259817105,2.4282
BOOST_NEGPULSE_1S,1315,0.7905459924690693,2.3514
BOOST_NEGPULSE_1S,1334,0.8000268961807423,2.3796
BOOST_NEGPULSE_1S,1335,0.7998924152770306,2.3792
BOOST_NEGPULSE_1S,1352,0.8165680473372781,2.4288
BOOST_NEGPULSE_1S,1353,0.7923614846691769,2.3568
BOOST_NEGPULSE_1S,1372,0.7962278106508875,2.3683
BOOST_NEGPULSE_1S,1373,0.7959252286175362,2.3674
BOOST_NEGPULSE_1S,1389,0.8142146315223239,2.4218
BOOST_NEGPULSE_1S,1390,0.7874865519096287,2.3423
BOOST_NEGPULSE_1S,1409,0.7917899408284024,2.3551
BOOST_NEGPULSE_1S,1410,0.7913528778913395,2.3538
BOOST_NEGPULSE_1S,1427,0.8116258741258741,2.4141
BOOST_NEGPULSE_1S,1428,0.7858391608391608,2.3374
BOOST_NEGPULSE_1S,1447,0.7870494889725659,2.341
BOOST_NEGPULSE_1S,1448,0.7864107046799355,2.3391
BOOST_NEGPULSE_1S,1464,0.7998251748251748,2.379
BOOST_NEGPULSE_1S,1465,0.7712479827864444,2.294
BOOST_NEGPULSE_1S,1484,0.7780056481979558,2.3141
BOOST_NEGPULSE_1S,1485,0.777534965034965,2.3127
BOOST_NEGPULSE_1S,1502,0.7965976331360947,2.3694
BOOST_NEGPULSE_1S,1503,0.770541958041958,2.2919
BOOST_NEGPULSE_1S,1522,0.7721557288864981,2.2967
BOOST_NEGPULSE_1S,1523,0.7713488434642279,2.2943
BOOST_NEGPULSE_1S,1539,0.7919580419580419,2.3556
BOOST_NEGPULSE_1S,1540,0.7642549757934374,2.2732
BOOST_NEGPULSE_1S,1559,0.7651291016675631,2.2758
BOOST_NEGPULSE_1S,1560,0.7647256589564281,2.2746
BOOST_NEGPULSE_1S,1577,0.7849314147391071,2.3347
BOOST_NEGPULSE_1S,1578,0.7579343733189886,2.2544
BOOST_NEGPULSE_1S,1597,0.7582033351264119,2.2552
BOOST_NEGPULSE_1S,1598,0.7573292092522862,2.2526
BOOST_NEGPULSE_1S,1614,0.7521516944593868,2.2372
BOOST_NEGPULSE_1S,1615,0.7525215169445939,2.2383
BOOST_NEGPULSE_1S,1634,0.7512775685852608,2.2346
BOOST_NEGPULSE_1S,1635,0.7506051640667025,2.2326
BOOST_NEGPULSE_1S,1652,0.7707772996234535,2.2926
BOOST_NEGPULSE_1S,1653,0.7447888649811727,2.2153
BOOST_NEGPULSE_1S,1672,0.7435112963959117,2.2115
BOOST_NEGPULSE_1S,1673,0.7429733727810651,2.2099
BOOST_NEGPULSE_1S,1689,0.7625739644970414,2.2682
BOOST_NEGPULSE_1S,1690,0.7352743410435717,2.187
BOOST_NEGPULSE_1S,1709,0.7342657342657343,2.184
BOOST_NEGPULSE_1S,1710,0.7336269499731038,2.1821
BOOST_NEGPULSE_1S,1727,0.7535637439483593,2.2414
BOOST_NEGPULSE_1S,1728,0.7268692845615922,2.162
BOOST_NEGPULSE_1S,1747,0.7248184507799892,2.1559
BOOST_NEGPULSE_1S,1748,0.7242805271651426,2.1543
BOOST_NEGPULSE_1S,1764,0.7450242065626681,2.216
BOOST_NEGPULSE_1S,1765,0.7145642818719742,2.1254
BOOST_NEGPULSE_1S,1784,0.7128160301237224,2.1202
BOOST_NEGPULSE_1S,1785,0.714228079612695,2.1244
BOOST_NEGPULSE_1S,1802,0.6559490989779451,1.951055
BOOST_NEGPULSE_1S,1803,0.7173087009144702,2.133563
BOOST_NEGPULSE_1S,1822,0.7091036847767617,2.109158
BOOST_NEGPULSE_1S,1823,0.7090572888649812,2.10902
BOOST_NEGPULSE_1S,1839,0.702365182894029,2.089115
BOOST_NEGPULSE_1S,1840,0.7029135287789134,2.090746
BOOST_NEGPULSE_1S,1859,0.6976254034427111,2.075017
BOOST_NEGPULSE_1S,1860,0.6975292495965573,2.074731
BOOST_NEGPULSE_1S,1877,0.6903143491124261,2.053271
BOOST_NEGPULSE_1S,1878,0.6925379908552985,2.059885
BOOST_NEGPULSE_1S,1897,0.6836659494351801,2.033496
BOOST_NEGPULSE_1S,1898,0.6839463421194191,2.03433
CC_CELL2,1,1.0,3.0009
CC_CELL2,2,0.9875703955480022,2.9636
CC_CELL2,3,0.9915358725715617,2.9755
CC_CELL2,22,0.9879702755839914,2.9648
CC_CELL2,23,0.9881035689293212,2.9652
CC_CELL2,39,0.9886700656469725,2.9669
CC_CELL2,40,0.9825718950981371,2.9486
CC_CELL2,59,0.9810723449631777,2.9441
CC_CELL2,60,0.9811723149721749,2.9444
CC_CELL2,77,0.9807391115998533,2.9431
CC_CELL2,78,0.9760071978406478,2.9289
CC_CELL2,97,0.9737078876337099,2.922
CC_CELL2,98,0.9739744743243693,2.9228
CC_CELL2,114,0.9596454397014228,2.8798
CC_CELL2,115,0.9573794528308175,2.873
CC_CELL2,134,0.9600119964010796,2.8809
CC_CELL2,135,0.960811756473058,2.8833
CC_CELL2,152,0.9662767836315772,2.8997
CC_CELL2,153,0.9591455896564364,2.8783
CC_CELL2,172,0.9592122363291011,2.8785
CC_CELL2,173,0.9592122363291011,2.8785
CC_CELL2,189,0.9636775633976474,2.8919
CC_CELL2,190,0.9567796327768335,2.8712
CC_CELL2,209,0.9527141857442767,2.859
CC_CELL2,210,0.9530140957712686,2.8599
CC_CELL2,227,0.9468159552134359,2.8413
CC_CELL2,228,0.9466160151954414,2.8407
CC_CELL2,247,0.9453830517511413,2.837
CC_CELL2,248,0.9448165550334899,2.8353
CC_CELL2,264,0.950348228864674,2.8519
CC_CELL2,265,0.9424839214902195,2.8283
CC_CELL2,284,0.9388516778299844,2.8174
CC_CELL2,285,0.9394848212203006,2.8193
CC_CELL2,302,0.9431837115532007,2.8304
CC_CELL2,303,0.9372521576860275,2.8126
CC_CELL2,322,0.9338865007164517,2.8025
CC_CELL2,323,0.9330200939718084,2.7999
CC_CELL2,339,0.9356859608784032,2.8079
CC_CELL2,340,0.9281215635309408,2.7852
CC_CELL2,359,0.9277216834949514,2.784
CC_CELL2,360,0.9278216535039487,2.7843
CC_CELL2,377,0.9316871605185111,2.7959
CC_CELL2,378,0.9240894398347161,2.7731
CC_CELL2,397,0.9225565663634242,2.7685
CC_CELL2,398,0.9220233929821053,2.7669
CC_CELL2,414,0.9240894398347161,2.7731
CC_CELL2,415,0.9157919290879403,2.7482
CC_CELL2,434,0.9155919890699455,2.7476
CC_CELL2,435,0.9164250724782566,2.7501
CC_CELL2,452,0.9205238428471458,2.7624
CC_CELL2,453,0.9132593555266754,2.7406
CC_CELL2,472,0.9116598353827184,2.7358
CC_CELL2,473,0.9118264520643806,2.7363
CC_CELL2,489,0.9194574960845079,2.7592
CC_CELL2,490,0.9082275317404778,2.7255
CC_CELL2,509,0.9070612149688426,2.722
CC_CELL2,510,0.906394748242194,2.72
CC_CELL2,527,0.9163251024692592,2.7498
CC_CELL2,528,0.9039954680262587,2.7128
CC_CELL2,547,0.9011629844380019,2.7043
CC_CELL2,548,0.9012296311106668,2.7045
CC_CELL2,564,0.9085607651038022,2.7265
CC_CELL2,565,0.8964977173514612,2.6903
CC_CELL2,584,0.8941650838081908,2.6833
CC_CELL2,585,0.8950648138891665,2.686
CC_CELL2,602,0.9053284014795562,2.7168
CC_CELL2,603,0.8914658935652636,2.6752
CC_CELL2,622,0.8895664633943151,2.6695
CC_CELL2,623,0.9026958579092937,2.7089
CC_CELL2,639,0.9034956179812723,2.7113
CC_CELL2,640,0.8894331700489853,2.6691
CC_CELL2,659,0.8893998467126528,2.669
CC_CELL2,660,0.8884334699590123,2.6661
CC_CELL2,677,0.8999966676663668,2.7008
CC_CELL2,678,0.8840014662267986,2.6528
CC_CELL2,697,0.8823686227465093,2.6479
CC_CELL2,698,0.8825685627645039,2.6485
CC_CELL2,714,0.8949648438801693,2.6857
CC_CELL2,715,0.8796694325035823,2.6398
CC_CELL2,734,0.8776700323236362,2.6338
CC_CELL2,735,0.8777033556599687,2.6339
CC_CELL2,752,0.8900329901029691,2.6709
CC_CELL2,753,0.8754706921256956,2.6272
CC_CELL2,772,0.872504915192109,2.6183
CC_CELL2,773,0.8736712319637442,2.6218
CC_CELL2,789,0.8779699423506281,2.6347
CC_CELL2,790,0.8622746509380519,2.5876
CC_CELL2,809,0.8666400079976007,2.6007
CC_CELL2,810,0.8660735112799494,2.599
CC_CELL2,827,0.8793028758039255,2.6387
CC_CELL2,828,0.861208304175414,2.5844
CC_CELL2,847,0.8593088740044653,2.5787
CC_CELL2,848,0.8611416575027492,2.5842
CC_CELL2,864,0.8729381185644307,2.6196
CC_CELL2,865,0.8546102835815922,2.5646
CC_CELL2,884,0.8565097137525409,2.5703
CC_CELL2,885,0.8576427071878436,2.5737
CC_CELL2,902,0.8653403978806358,2.5968
CC_CELL2,903,0.8465460361891433,2.5404
CC_CELL2,922,0.8481455563331,2.5452
CC_CELL2,923,0.849145256423073,2.5482
CC_CELL2,939,0.8611083341664166,2.5841
CC_CELL2,940,0.8429471158652403,2.5296
CC_CELL2,959,0.8447132526908594,2.5349
CC_CELL2,960,0.8442134026458729,2.5334
CC_CELL2,977,0.8588090239594788,2.5772
CC_CELL2,978,0.8379152920790429,2.5145
CC_CELL2,997,0.8370155619980673,2.5118
CC_CELL2,998,0.8391815788596754,2.5183
CC_CELL2,1014,0.8531440567829651,2.5602
CC_CELL2,1015,0.8329167916291779,2.4995
CC_CELL2,1034,0.834149755073478,2.5032
CC_CELL2,1035,0.8349161918091239,2.5055
CC_CELL2,1052,0.8525775600653137,2.5585
CC_CELL2,1053,0.829851044686594,2.4903
CC_CELL2,1072,0.8297510746775968,2.49
CC_CELL2,1073,0.829851044686594,2.4903
CC_CELL2,1089,0.8419140924389349,2.5265
CC_CELL2,1090,0.821786797294145,2.4661
CC_CELL2,1109,0.8245193108734046,2.4743
CC_CELL2,1110,0.8235196107834315,2.4713
CC_CELL2,1127,0.8437801992735512,2.5321
CC_CELL2,1128,0.8211869772401613,2.4643
CC_CELL2,1147,0.8201872771501882,2.4613
CC_CELL2,1148,0.8207204505315071,2.4629
CC_CELL2,1164,0.834849545136459,2.5053
CC_CELL2,1165,0.8123896164483988,2.4379
CC_CELL2,1184,0.8131893765203773,2.4403
CC_CELL2,1185,0.8138225199106934,2.4422
CC_CELL2,1202,0.8321836782298644,2.4973
CC_CELL2,1203,0.8097903962144689,2.4301
CC_CELL2,1222,0.8078576427071879,2.4243
CC_CELL2,1223,0.8085907561065013,2.4265
CC_CELL2,1239,0.8282848478789695,2.4856
CC_CELL2,1240,0.8039921356926255,2.4127
CC_CELL2,1259,0.8052917458095904,2.4166
CC_CELL2,1260,0.8035589323203038,2.4114
CC_CELL2,1277,0.8240861075010829,2.473
CC_CELL2,1278,0.7998267186510712,2.4002
CC_CELL2,1297,0.7992935452697524,2.3986
CC_CELL2,1298,0.7982271985071145,2.3954
CC_CELL2,1314,0.8175547335799259,2.4534
CC_CELL2,1315,0.7938618414475657,2.3823
CC_CELL2,1334,0.7938618414475657,2.3823
CC_CELL2,1335,0.7940617814655603,2.3829
CC_CELL2,1352,0.7801659502149355,2.3412
CC_CELL2,1353,0.7758339164917191,2.3282
CC_CELL2,1372,0.7791662501249625,2.3382
CC_CELL2,1373,0.7780999033623246,2.335
CC_CELL2,1389,0.7912292978773035,2.3744
CC_CELL2,1390,0.7630044320037321,2.2897
CC_CELL2,1409,0.7741677496750974,2.3232
CC_CELL2,1410,0.7720350561498217,2.3168
CC_CELL2,1427,0.7943616914925522,2.3838
CC_CELL2,1428,0.7711353260688459,2.3141
CC_CELL2,1447,0.7738345163117731,2.3222
CC_CELL2,1448,0.7711020027325136,2.314
CC_CELL2,1464,0.795194774900863,2.3863
CC_CELL2,1465,0.7670365556999567,2.3018
CC_CELL2,1484,0.7685027824985837,2.3062
CC_CELL2,1485,0.766136825618981,2.2991
CC_CELL2,1502,0.7882968442800493,2.3656
CC_CELL2,1503,0.7614049118597753,2.2849
CC_CELL2,1522,0.7588056916258455,2.2771
CC_CELL2,1523,0.7604052117698022,2.2819
CC_CELL2,1539,0.7794661601519545,2.3391
CC_CELL2,1540,0.7540071311939751,2.2627
CC_CELL2,1559,0.7533073411309941,2.2606
CC_CELL2,1560,0.7508414142423939,2.2532
CC_CELL2,1577,0.7748342164017462,2.3252
CC_CELL2,1578,0.7488086907261156,2.2471
CC_CELL2,1597,0.7474091106001532,2.2429
CC_CELL2,1598,0.7458095904561965,2.2381
CC_CELL2,1614,0.7672698190542837,2.3025
CC_CELL2,1615,0.740777766669999,2.223
CC_CELL2,1634,0.7380785764270719,2.2149
CC_CELL2,1635,0.7348795361391581,2.2053
CC_CELL2,1652,0.7616381752141024,2.2856
CC_CELL2,1653,0.7348128894664933,2.2051
CC_CELL2,1672,0.7323136392415608,2.1976
CC_CELL2,1673,0.7307474424339364,2.1929
CC_CELL2,1689,0.7477090206271451,2.2438
CC_CELL2,1690,0.7187177180179279,2.1568
CC_CELL2,1709,0.7189843047085874,2.1576
CC_CELL2,1710,0.7209170582158686,2.1634
CC_CELL2,1727,0.7215502016061847,2.1653
CC_CELL2,1728,0.7244160085307741,2.1739
CC_CELL2,1747,0.7146522709853711,2.1446
CC_CELL2,1748,0.7153853843846845,2.1468
CC_CELL2,1764,0.7420440534506314,2.2268
CC_CELL2,1765,0.708654070445533,2.1266
CC_CELL2,1784,0.7046552700856409,2.1146
CC_CELL2,1785,0.7049551801126328,2.1155
CC_CELL2,1802,0.7329134592955445,2.1994
CC_CELL2,1803,0.7029891032690192,2.1096
CC_CELL2,1822,0.6957912626212136,2.088
CC_CELL2,1823,0.6963910826751973,2.0898
CC_CELL2,1839,0.7240494518311174,2.1728
CC_CELL2,1840,0.690292912126362,2.0715
CC_CELL2,1859,0.6864274051117997,2.0599
CC_CELL2,1860,0.6864607284481322,2.06
CC_CELL2,1877,0.7145523009763737,2.1443
CC_CELL2,1878,0.6846612682861809,2.0546
CC_CELL2,1897,0.6771301942750508,2.032
CC_CELL2,1898,0.6776966909927021,2.0337
